1,  0,  1944980,  15786589,  2078849,  1663,  33447241,  1321057217,  50137511659,  2221001,  9819292,  851545709,  0,  57.28,  10459.1,  38.775,  49.085,  21,  0
1,  0,  1747007,  14739207,  1910039,  1464,  31591077,  1269934531,  45371987269,  2081733,  9160926,  821115131,  0,  55.945,  10097.3,  38.17,  47.505,  19,  0
1,  0,  685413,  466,  70,  299,  43629891,  2084823373,  9557045137,  10,  325,  1365729971,  0,  69.53,  40.115,  48.99,  47.515,  4,  0
1,  0,  461451,  599,  25,  3339,  29167938,  1630224595,  7371080376,  17,  464,  1062843447,  0,  58.29,  38.475,  46.035,  47.185,  3,  0
1,  0,  3254557,  864,  110,  911,  83723892,  3214048717,  26341126906,  25,  639,  2083368552,  0,  53.875,  39.115,  46.585,  48.71,  11,  0
1,  0,  1683388,  14534441,  1861266,  1500,  31751740,  1277294034,  43001763358,  2081538,  8977000,  826035649,  0,  57.69,  9883.98,  40.805,  49.04,  18,  0
1,  0,  2724372,  893,  80,  746,  76702051,  3018488986,  21500125685,  26,  515,  1962863867,  0,  52.475,  38.15,  45.45,  47.25,  9,  0
1,  0,  1610235,  13765495,  1697360,  1411,  33962839,  1361347866,  38192777546,  1890493,  8343952,  882252026,  0,  55.61,  9180.06,  38.705,  47.7,  16,  0
0,  1,  403859,  14988760,  1123686,  1318,  18583533,  849513599,  40584216951,  3799430,  7005878,  547372282,  0,  12398.5,  39.17,  46.885,  49.74,  17,  0
0,  1,  149907,  12519533,  1069148,  7642,  14358415,  703580801,  18511556281,  2799195,  5977991,  450553298,  0,  54.14,  45.625,  9308.38,  38.89,  7,  0
1,  0,  1641697,  9845163,  920420,  2681,  42709135,  1702408489,  33951791596,  1126165,  6107668,  1104827659,  0,  54.875,  6720.93,  38.4,  47.375,  14,  0
0,  1,  228299,  14153357,  1232225,  9091,  16854718,  790885752,  25328590401,  3202291,  6745277,  508246589,  0,  10698.6,  46.14,  38.54,  49.26,  10,  0
0,  1,  88064,  9743048,  618311,  5318,  10869786,  580782082,  13218055147,  2137324,  4745374,  374733904,  0,  53.535,  37.575,  45.635,  7215.45,  5,  0
0,  1,  313121,  14957809,  1270759,  7954,  18096363,  846646569,  31572255505,  3474249,  6991261,  544363197,  0,  11682.3,  39.55,  48.965,  50.105,  13,  0
0,  1,  255680,  15010411,  1279979,  9705,  17937326,  835586771,  27411656647,  3385194,  7025424,  535528043,  0,  57.025,  45.77,  11188.6,  39.95,  11,  0
0,  1,  362583,  15324446,  1210140,  3187,  18722235,  855753204,  36019905688,  3765855,  7119535,  552250400,  0,  12149.1,  46.97,  46.945,  40.985,  15,  0
0,  1,  43152,  8683411,  692123,  3233,  8707536,  517367440,  10623532485,  1904579,  4296018,  336596815,  0,  6313.3,  37.52,  37.43,  38.93,  4,  0
0,  1,  45563,  4128035,  439040,  1826,  4174284,  678571220,  5305939019,  874471,  2505183,  450458433,  0,  42.795,  3695.35,  36.39,  39.13,  2,  0
1,  0,  1767972,  14696027,  1817468,  1839,  31517951,  1265436849,  52511393613,  2126339,  9300056,  817014365,  0,  59.09,  10356.8,  39.16,  49.515,  22,  0
1,  0,  1119816,  471,  55,  447,  49817220,  2225345141,  11935613684,  16,  313,  1439713482,  0,  53.58,  38.885,  46.715,  47.73,  5,  0
0,  1,  199959,  13685862,  1050500,  8941,  15999032,  764869429,  23300800469,  3080060,  6380999,  492232067,  0,  3177.43,  7152.34,  45.815,  48.945,  9,  0
1,  0,  2145664,  747,  65,  700,  71399143,  2907813654,  19111880480,  13,  539,  1905727070,  0,  51.835,  38.225,  45.31,  47.335,  8,  0
1,  0,  1707356,  14251574,  1665650,  1798,  30817623,  1240323542,  57292563394,  1981654,  9093741,  798760800,  0,  10258.3,  48.47,  39.26,  49.625,  24,  0
0,  1,  337189,  15130796,  1256621,  6392,  18443463,  848120577,  33715683718,  3590103,  7083165,  545261836,  0,  11913,  48.2,  60.055,  83.605,  14,  0
0,  1,  474441,  14912579,  1013993,  1681,  19242176,  882718976,  52532154857,  3843508,  7209582,  568789335,  0,  12878.3,  47.47,  38.885,  50.37,  22,  0
0,  1,  440122,  15043571,  1091531,  1596,  18987091,  868403003,  45361608540,  3791578,  7146123,  559239873,  0,  58.84,  12633.2,  47.325,  41.79,  19,  0
0,  1,  470874,  14949125,  1022281,  1797,  19418457,  886059182,  54911783810,  3832939,  7244745,  569755027,  0,  60.975,  12939.9,  47.18,  41.835,  23,  0
0,  1,  459472,  14356434,  940891,  1802,  18638313,  862485633,  57296419191,  3648470,  7133418,  556175935,  0,  12872.3,  47.875,  47.555,  50.735,  24,  0
1,  0,  1886935,  714,  55,  672,  63819022,  2643475484,  16770822329,  39,  550,  1701909398,  0,  51.885,  38.055,  45.305,  47.245,  7,  0
1,  0,  3007722,  838,  75,  904,  81941249,  3181099008,  23890080396,  22,  608,  2055734328,  0,  52.92,  38.385,  45.325,  47.555,  10,  0
0,  1,  432061,  14969707,  1090823,  1529,  18948057,  870716270,  47752376023,  3773779,  7178690,  560768738,  7,  10786,  1887.23,  46.65,  49.75,  20,  0
0,  1,  412710,  14933635,  1104701,  1353,  18650926,  854053756,  42984831789,  3833691,  7024570,  549513602,  0,  12488.2,  48.65,  40.415,  51.01,  18,  0
0,  1,  42861,  6333041,  518427,  2605,  6489715,  465157163,  7956030342,  1532713,  3211259,  299480080,  0,  73.35,  37.505,  4923.14,  64.325,  3,  0
0,  1,  151979,  12917207,  1039662,  8603,  14751677,  720732377,  21121489206,  2804409,  6123767,  464007366,  0,  45.1,  9762.95,  45.055,  48.03,  8,  0
0,  1,  374863,  15131321,  1144471,  1253,  18537547,  848968042,  38223111709,  3775827,  6956935,  545539209,  0,  12279.7,  47.155,  48.01,  50.335,  16,  0
1,  0,  17433,  366,  30,  2964,  24842092,  1824287933,  5199604497,  7,  216,  1202079987,  0,  50.605,  36.55,  45.355,  46.82,  2,  0
1,  0,  1669047,  14327846,  1813694,  1388,  32447366,  1307775564,  40675198835,  2030503,  8705215,  843253430,  0,  58.39,  9639,  39.385,  48.92,  17,  0
1,  0,  2023087,  7006338,  1416083,  1631,  53731955,  2079697522,  31310919462,  799189,  4520523,  1348693632,  0,  5263.94,  50.055,  81.225,  128.32,  13,  0
0,  1,  268781,  14626548,  1141992,  8916,  17455502,  823040510,  29545199350,  3390444,  6756431,  528743295,  0,  11343.6,  46.32,  46.17,  49.445,  12,  0
1,  0,  1723205,  14104561,  1615946,  1517,  30590727,  1234189812,  54924139055,  1971457,  9011560,  796076234,  0,  10195,  48.69,  39.23,  48.91,  23,  0
1,  0,  1723545,  14780667,  1913739,  1797,  31454766,  1268256714,  47743038757,  2080576,  9268574,  818147228,  0,  57.75,  10249.1,  39.705,  49.03,  20,  0
1,  0,  1482933,  636,  60,  430,  57661965,  2454296057,  14320328216,  15,  536,  1601941248,  0,  51.77,  38.15,  45.33,  47.265,  6,  0
0,  1,  453158,  14897663,  1054349,  1750,  18994437,  876240640,  50135129574,  3828183,  7075241,  564642218,  0,  12845.7,  38.84,  46.965,  48.935,  21,  0
0,  1,  109346,  11210678,  1076159,  6218,  12895873,  658576986,  15849374767,  2375823,  5552956,  426756249,  0,  54.855,  8405.13,  38.605,  48.015,  6,  0
1,  0,  1626516,  12235094,  1364491,  3135,  37382406,  1490432508,  36026615094,  1497859,  7538251,  964600996,  0,  54.31,  8099.64,  37.73,  47.32,  15,  0
1,  0,  3430796,  893,  100,  915,  85663400,  3274014352,  28667697704,  45,  700,  2112339605,  0,  52.125,  38.54,  45.56,  47.67,  12,  0
1,  0,  105521310,  44827475,  5621860,  1876,  197918474,  48444975950,  50099209313,  2201320,  26754824,  29241587989,  0,  9983.62,  7567.01,  40.18,  46.24,  21,  0
1,  0,  104467303,  44214172,  4814335,  1654,  188084106,  42746234467,  45350767681,  2144749,  26246075,  25766857529,  0,  5522.29,  11869.2,  42.625,  54.05,  19,  0
1,  0,  11627471,  199,  80,  347,  29512527,  13757064835,  9549861441,  13,  58,  7590055293,  0,  54.75,  37.675,  45.765,  46.865,  4,  0
1,  0,  14347303,  276,  110,  3363,  30353141,  12293647882,  7350595523,  13,  34,  7152284899,  0,  50.89,  36.355,  45.34,  47.165,  3,  0
1,  0,  74768807,  825,  110,  897,  103258010,  38254099165,  26249003388,  14,  397,  21489289508,  0,  52.905,  38.57,  46.49,  47.66,  11,  0
1,  0,  97926613,  41512081,  5134713,  1599,  184370893,  37673998403,  42933075495,  2281515,  23537007,  22688539425,  32,  11333.8,  6380.1,  39.88,  48.885,  18,  0
1,  0,  34421733,  835,  250,  714,  61509923,  29093118317,  21483462051,  45,  688,  15718227103,  0,  53.54,  39.77,  47.435,  49.29,  9,  0
1,  0,  88830066,  35128574,  3989556,  1400,  175799305,  34024167304,  38163885084,  1933480,  19881286,  20596335189,  1,  6447.92,  8528.11,  47.51,  49.21,  16,  0
0,  1,  88082876,  56249529,  3501430,  1399,  157093964,  31890096492,  40564307127,  6768482,  23000574,  19122176892,  7,  10984.5,  2882.12,  2871.58,  6177.14,  17,  0
0,  1,  38455017,  29637836,  1642224,  7197,  66704121,  14770568442,  18288270580,  5083364,  13782356,  8734674138,  0,  2651.15,  4350.35,  7884.71,  41.12,  7,  0
1,  0,  86447608,  22844674,  3690818,  2839,  159836499,  31534933557,  33932243429,  1345735,  11602731,  19054528607,  0,  8542.01,  3048.02,  43.59,  51.065,  14,  0
0,  1,  56569401,  33785406,  2266681,  8738,  94977963,  24570088805,  25180472634,  4454457,  13814161,  15153983586,  12,  5957.72,  842.52,  5392.06,  2063.1,  10,  0
0,  1,  30965942,  16228764,  726230,  5564,  47181452,  17043713133,  13162237870,  2735670,  6010545,  10562172998,  1,  1650.16,  1329.49,  2879.05,  51.075,  5,  0
0,  1,  70723505,  34098810,  2301527,  6173,  118588002,  31558357408,  31634500338,  4572831,  14072813,  19751352618,  0,  5637.05,  1991.45,  2347.94,  4379.23,  13,  0
0,  1,  65811211,  32935937,  2149718,  9357,  104430745,  29161301987,  27360747508,  4453781,  12414340,  17862290571,  0,  3986.38,  422.88,  371.875,  9661.69,  11,  0
0,  1,  76440358,  49440600,  2963475,  3083,  135750081,  29327610864,  35972768484,  6366453,  20443965,  17750521958,  10,  3754.4,  3143.32,  3152.95,  10364.5,  15,  0
0,  1,  20250052,  17243019,  605191,  3410,  37493617,  11797031760,  10605531952,  1759685,  8012521,  7210424385,  0,  1190.34,  2410.06,  1192.15,  1111.38,  4,  0
0,  1,  18229040,  7109630,  4461,  1746,  25914846,  5212760133,  5291629903,  3803,  7106531,  2992535117,  2,  1641.55,  8194.96,  36.075,  38.57,  2,  0
1,  0,  99662114,  47786036,  6253530,  1937,  198089872,  49409894029,  52383806156,  2071640,  29652556,  29923627738,  1,  6418.23,  11743.8,  39.765,  48.085,  22,  0
1,  0,  15209133,  650,  85,  449,  34680500,  19165774700,  11934399284,  6,  134,  10937498551,  0,  51.465,  37.38,  45.875,  47.595,  5,  0
0,  1,  46200847,  35448740,  2773572,  9281,  83685559,  19961329368,  23124533252,  4534996,  15562399,  11924317488,  9,  10285.7,  304.235,  1906.89,  1303.18,  9,  0
1,  0,  33309858,  510,  150,  689,  57445903,  27535571962,  19094614462,  32,  346,  15216996642,  0,  52.44,  40.71,  46.72,  46.53,  8,  0
1,  0,  114527051,  50920172,  6462822,  1735,  220694174,  51352380108,  57237255979,  2166201,  30033143,  30896102958,  0,  9418.73,  9761.47,  44.27,  49.66,  24,  0
0,  1,  72799359,  44395074,  2953528,  4525,  125462578,  31010301215,  33788698010,  5450136,  17264067,  18945885604,  0,  5081.08,  1979.29,  5271.73,  5484,  14,  0
0,  1,  131124482,  59764760,  3785404,  1726,  212934117,  40509538003,  51752189406,  7808028,  23994325,  24564881752,  4,  11484.3,  6755.73,  3325.31,  3199.43,  22,  0
0,  1,  112091933,  55838554,  3759128,  1463,  182463861,  38452973005,  45176146346,  7002336,  21748303,  23451355456,  6,  7576.6,  4317.52,  10291.6,  525.075,  19,  0
0,  1,  138294297,  65466131,  3747069,  1784,  222914293,  38670553543,  54840286913,  8379627,  28004379,  23625122442,  13,  3927.26,  823.17,  11792.5,  10485.3,  23,  0
0,  1,  151966898,  61296223,  3578297,  1982,  242040767,  43066004535,  57179053844,  8448763,  26130443,  26025913217,  3,  8355.56,  12642.4,  1263.64,  3644.14,  24,  0
1,  0,  15163097,  416,  55,  599,  42606979,  22440382479,  16704808426,  9,  124,  12058814418,  0,  51.48,  37.53,  45.645,  47.28,  7,  0
1,  0,  55609580,  843,  214,  832,  82697948,  33768439704,  23860510506,  32,  586,  18731393804,  0,  52.8,  38.955,  46.435,  48.04,  10,  0
0,  1,  116494745,  59159695,  3356693,  1573,  190779497,  37679907275,  47588951240,  7541664,  23650866,  22803983030,  0,  11400.2,  7077.18,  5894.01,  183.565,  20,  0
0,  1,  104827773,  54497406,  3309942,  1653,  172843308,  35306149638,  42938407733,  7030441,  20421578,  21314006300,  0,  4306.62,  3670.7,  6237.62,  8820.15,  18,  0
0,  1,  26337896,  6574466,  12579,  2380,  33330845,  8702007961,  7955445620,  258279,  6301871,  5219231003,  4,  5039.6,  1590.78,  4507.28,  39.13,  3,  0
0,  1,  46660916,  29737761,  1934203,  9080,  77379106,  21135707636,  21063624734,  3880671,  11472788,  12906151705,  0,  474.54,  4604.68,  4273.5,  2163.84,  8,  0
0,  1,  81255981,  46259953,  2724950,  1179,  142818346,  33624984311,  38166768219,  6103430,  18560679,  20380902583,  0,  5054.5,  894.86,  10305.4,  3006.46,  16,  0
1,  0,  11646924,  466,  200,  3287,  13562217,  7899902890,  5239960660,  6,  68,  4387737787,  0,  52.425,  36.95,  45.545,  47.405,  2,  0
1,  0,  89991090,  41843072,  4965170,  1152,  179858513,  32606653319,  40525801033,  2346015,  23300827,  19453816305,  23,  10276.2,  6833.69,  38.675,  47.34,  17,  0
1,  0,  72284549,  5416289,  3022512,  1618,  146543676,  35057985292,  31231691699,  40230,  2159954,  21364173974,  4,  4838.34,  469.545,  38.545,  47.99,  13,  0
0,  1,  64706167,  39353624,  2241116,  9112,  109485926,  27398520080,  29404044704,  4971517,  14108360,  16582342715,  17,  2444.15,  8677.9,  2765.09,  2325.41,  12,  0
1,  0,  108757383,  49317886,  6283867,  1924,  217066862,  46512010104,  54831863022,  2262812,  30510683,  28043427907,  17,  8196.25,  10797.2,  40.42,  47.65,  23,  0
1,  0,  104142855,  47216558,  5876445,  1688,  195394010,  41566391649,  47739339414,  2374845,  27432471,  24993928635,  0,  14486.9,  4603.48,  99.175,  75.055,  20,  0
1,  0,  14749189,  586,  345,  450,  38229623,  20733133563,  14315327061,  29,  131,  11463146351,  0,  76.29,  44.31,  50.855,  49.385,  6,  0
0,  1,  130649395,  56006924,  3728223,  1962,  207792494,  42260035711,  50102621469,  7308548,  23104579,  25615618479,  9,  7255,  6692.11,  3754.43,  6495.41,  21,  0
0,  1,  40007097,  24413332,  1478922,  6407,  63977194,  14321989817,  15788841812,  4207528,  11454490,  8777661545,  1,  7000.45,  5815.55,  544.45,  50.765,  6,  0
1,  0,  89006756,  36730711,  3336603,  2978,  169268643,  29604635007,  36086471838,  2242109,  20161907,  17914273346,  0,  5640.12,  9631.24,  39.915,  48.785,  15,  0
1,  0,  75029860,  1156,  448,  1002,  105484646,  39713907861,  28620282526,  21,  303,  21974577076,  0,  55.56,  39.505,  47.315,  48.23,  12,  0
1,  0,  30928340,  20834130,  29313,  1883,  72990972,  7558651994,  50125414925,  400890,  20340380,  5796000418,  0,  5037.75,  2360.27,  39.165,  48.575,  21,  0
1,  0,  37784662,  17163064,  22177,  1482,  74228692,  7135474862,  45368513822,  301394,  16833784,  5517712590,  0,  4258.26,  1482.4,  38.365,  47.175,  19,  0
1,  0,  39690911,  116,  10,  304,  50599977,  3895717252,  9544854822,  0,  77,  3064294234,  0,  50.395,  36.585,  45.23,  45.715,  4,  0
1,  0,  18971159,  315,  0,  2884,  29658279,  3179970512,  7363405621,  8,  254,  2413705403,  0,  50.51,  36.81,  45.105,  45.725,  3,  0
1,  0,  69606098,  599,  40,  905,  94687442,  7613971894,  26247378279,  14,  293,  5936500497,  0,  52.99,  38.85,  46.825,  46.405,  11,  0
1,  0,  40580904,  17736587,  18926,  1482,  77896714,  7412735905,  42952008704,  305527,  17396012,  5758040533,  0,  4344.44,  1856.28,  38.145,  45.295,  18,  0
1,  0,  64366333,  442,  15,  697,  89585795,  7704522390,  21463925657,  5,  245,  5980820110,  0,  51.545,  38.01,  46.625,  45.905,  9,  0
1,  0,  39187839,  15886937,  14910,  1397,  73298086,  7023163726,  38172777659,  268339,  15628454,  5459674763,  0,  5148.28,  730.06,  38.585,  47.13,  16,  0
0,  1,  11225936,  19792141,  43464,  1320,  34499427,  4087726777,  40568709014,  1442000,  18057774,  3112696428,  0,  2757.9,  1261.62,  831.93,  2031.31,  17,  0
0,  1,  4536506,  13701032,  21696,  6760,  19685127,  2306565772,  18474136257,  816330,  12549979,  1741861425,  0,  1789.65,  386.37,  1959.8,  212.005,  7,  0
1,  0,  47139272,  13657782,  8400,  2579,  81095575,  7339277962,  33930528124,  212698,  13439444,  5713581539,  0,  4787.36,  108.33,  38.225,  46.585,  14,  0
0,  1,  7532532,  14039386,  24924,  8513,  23603918,  2824841775,  25298835149,  830453,  12923985,  2154370946,  0,  2070.36,  1774.08,  520.71,  437.22,  10,  0
0,  1,  1961523,  9829535,  16992,  4950,  11844857,  1940150820,  13201820544,  473545,  9030873,  1430783756,  0,  2482.14,  150.655,  294.295,  964.64,  5,  0
0,  1,  6752911,  17572460,  28422,  6226,  27555927,  3345762068,  31687162463,  743140,  16353298,  2514879769,  0,  2724.57,  516.83,  2174.49,  641.15,  13,  0
0,  1,  7061171,  16030569,  30135,  10613,  25944383,  3013858924,  27113298143,  628409,  14984966,  2280895637,  0,  2138.97,  537.94,  744.185,  1773.09,  11,  0
0,  1,  10247891,  20525275,  54341,  2889,  34478911,  4057902986,  36015995217,  1203438,  18892543,  3070321920,  0,  965.005,  2525.02,  2580.01,  689.65,  15,  0
0,  1,  3772018,  7003671,  12824,  3002,  10745670,  1242667103,  10610020118,  488200,  6355003,  951812775,  0,  1441.45,  192.295,  285.82,  256.63,  4,  0
0,  1,  17505100,  6808494,  2215,  1677,  24202469,  1828161428,  5302222731,  1715,  6821031,  1441704721,  0,  1504.65,  185.39,  35.545,  37.94,  2,  0
1,  0,  44022092,  24908989,  35209,  1979,  91665153,  8453654776,  52620164453,  655344,  24158869,  6552598355,  0,  6329.6,  1694.8,  38.785,  47.26,  22,  0
1,  0,  25500381,  271,  5,  350,  45161575,  5090710959,  11934343686,  6,  139,  3825182973,  0,  51.295,  37.43,  45.685,  46.25,  5,  0
0,  1,  7220952,  14304140,  21855,  8837,  23035892,  2486105224,  23201946915,  1187787,  12731558,  1893899791,  0,  3117.38,  279.72,  504.42,  425.05,  9,  0
1,  0,  69377568,  356,  30,  648,  93660724,  8058304208,  19082958558,  28,  257,  6292738146,  0,  50.83,  37.52,  45.61,  45.56,  8,  0
1,  0,  48109019,  25905639,  45223,  1918,  97899664,  9409097168,  57284685210,  787517,  25014933,  7305178847,  0,  6004.78,  2886.32,  39.645,  47.695,  24,  0
0,  1,  12206421,  20848237,  32478,  4450,  37198442,  4142016651,  33829895286,  939495,  19400008,  3155218402,  0,  3048.47,  754.865,  709.225,  1761.52,  14,  0
0,  1,  22415055,  26855450,  67592,  1834,  55278025,  5409945320,  52461544037,  1499615,  24904156,  4170907831,  0,  5041.92,  870.82,  1036.01,  917.845,  22,  0
0,  1,  14399092,  19409664,  36182,  1493,  37827221,  3957638466,  45312929478,  1292231,  17774836,  3036707306,  0,  2698.98,  706.92,  2278.09,  623.36,  19,  0
0,  1,  14690444,  25110101,  54474,  1712,  44799262,  4921388060,  54880087645,  1852755,  22621144,  3750369416,  0,  5348.84,  835.94,  1158.57,  751.155,  23,  0
0,  1,  17875430,  27444720,  75618,  1962,  51119491,  5797252115,  57293346849,  1820410,  25048235,  4428770361,  0,  3640.97,  939.045,  1293.87,  3496.61,  24,  0
1,  0,  51301760,  460,  35,  499,  77748586,  7771243219,  16699922732,  25,  313,  5972096402,  0,  51.135,  37.435,  45.98,  45.915,  7,  0
1,  0,  80284265,  578,  35,  939,  105819776,  8988047520,  23856276191,  54,  448,  7030239977,  0,  52.14,  39.055,  46.7,  46.34,  10,  0
0,  1,  17469022,  21071144,  45036,  1567,  43623229,  4397948729,  47694872369,  1185391,  19355443,  3386785940,  0,  2519.35,  731.695,  2728.82,  749.55,  20,  0
0,  1,  12152938,  19635437,  36308,  1383,  35607329,  4226284811,  42914263795,  1217742,  18031402,  3213225900,  0,  1620.01,  2066.11,  2308.57,  692.375,  18,  0
0,  1,  3019234,  6091572,  2336,  2111,  9074994,  1171742924,  7979599489,  204319,  5636520,  868163527,  0,  1139.89,  299.66,  553.58,  37.755,  3,  0
0,  1,  6407308,  13306993,  21921,  9206,  21035334,  2370822046,  21054239096,  1306524,  11745361,  1808518686,  0,  1568.07,  389.42,  1798.21,  424.375,  8,  0
0,  1,  14465325,  19536401,  41959,  1329,  37611308,  3950544478,  38188723402,  1504612,  17530212,  3035438252,  0,  3945.18,  603.76,  874.29,  652.075,  16,  0
1,  0,  27074694,  280,  15,  3608,  37400260,  3523346465,  5236534253,  0,  813,  2721882206,  1,  49.86,  36.365,  45.09,  45.615,  2,  0
1,  0,  40236132,  16059006,  15998,  1318,  76574588,  7353252945,  40586232740,  245847,  15792258,  5692314450,  0,  4508.65,  956.245,  38.805,  47.055,  17,  0
1,  0,  58481891,  6224689,  883,  1556,  89422076,  7777757009,  31296061947,  62711,  6148372,  6024136934,  0,  1651.17,  70.445,  38.38,  47.51,  13,  0
0,  1,  9273921,  13699205,  21986,  8265,  25471526,  2793060977,  29499544176,  831566,  12395659,  2137162385,  0,  2974.89,  430.535,  580.85,  518.67,  12,  0
1,  0,  36767723,  24725261,  33870,  1846,  85010629,  8405163535,  54873078191,  647527,  23996492,  6477174530,  0,  6578.76,  2065.89,  39.755,  48.03,  23,  0
1,  0,  45372731,  18057446,  23666,  1582,  83543219,  7687574517,  47743070337,  315166,  17707216,  5976974264,  0,  4033.6,  1584.85,  39.105,  46.135,  20,  0
1,  0,  60736123,  527,  5,  440,  85174696,  7587706214,  14316022900,  19,  364,  5899883052,  0,  50.97,  38.83,  45.775,  44.515,  6,  0
0,  1,  10170839,  21579035,  41256,  1900,  35892929,  4290012737,  50092711177,  1517866,  19722790,  3239309805,  0,  4971.8,  789.13,  925.895,  783.045,  21,  0
0,  1,  11410245,  14339576,  26077,  5590,  27874415,  2654625698,  15860195402,  653286,  13334753,  2048823741,  0,  3044.89,  406.85,  236.475,  242.61,  6,  0
1,  0,  36740609,  13635269,  10033,  3320,  68998253,  6546474222,  36001694437,  179099,  13453058,  5063391036,  0,  4855.16,  188.38,  37.94,  46.7,  15,  0
1,  0,  74684552,  1551,  1139,  997,  99338739,  8166070276,  28667730777,  47,  494,  6364767669,  0,  248.975,  57.415,  59.89,  87.76,  12,  0
1,  0,  8463,  3970,  3022,  1792,  10250,  164011589,  266128764,  6,  41,  292555,  0,  6420.19,  58.54,  38.795,  40.785,  21,  0
1,  0,  24287,  3356,  765,  1998,  18784,  4676619,  5929915,  21,  2355,  7183195,  0,  6351.58,  59.225,  39.42,  41.24,  19,  0
1,  0,  3619813,  6757226,  6749968,  400,  14679403,  1472636591,  9535399409,  16,  93,  1247621717,  0,  3279.72,  38.23,  48.95,  48.305,  4,  0
1,  0,  13325145,  3542011,  3535145,  3298,  21769274,  1584276929,  7325363259,  10,  80,  1352303492,  0,  2211.06,  39.705,  51.635,  49.83,  3,  0
1,  0,  17538236,  9667451,  9650083,  985,  36156886,  2704640085,  26211710669,  31,  84,  2273742979,  0,  6703.65,  40.515,  49.25,  50.97,  11,  0
1,  0,  777877,  3849,  2474,  84196,  470112,  349384778,  204338645,  36,  787,  402906663,  0,  6544.93,  59.71,  41.51,  42.04,  18,  0
1,  0,  14564813,  9370034,  9388945,  755,  32550754,  2509053189,  21449668680,  18,  167,  2109707363,  0,  6229.9,  40.155,  48.8,  50.53,  9,  0
1,  0,  9382910,  8105174,  3522179,  1363,  21803790,  1641786285,  38094054463,  69510,  3440818,  1367623313,  0,  5852.19,  155.865,  43.515,  55.345,  16,  0
0,  1,  7908016,  6049906,  80577,  1332,  15195672,  1118977031,  40498706914,  1211208,  2749247,  928368592,  0,  3978.65,  95.565,  101.28,  930.89,  17,  0
0,  1,  4360,  909,  304,  474,  5000,  168544539,  270458650,  0,  0,  80352,  0,  6529.12,  46.72,  58.75,  41.14,  7,  0
1,  0,  10577026,  7230097,  3332063,  2412,  21601611,  1602205711,  32714222675,  81374,  3236576,  1338061815,  0,  5220.51,  88.545,  42.515,  55.215,  14,  0
0,  1,  8382199,  4768287,  60051,  7469,  13719357,  950255508,  25198182036,  1019727,  2813120,  798662249,  0,  2364.2,  82.43,  68.545,  844.78,  10,  0
0,  1,  10440047,  2364541,  43584,  4477,  13050060,  1122587646,  13201336346,  332610,  1367811,  948693039,  0,  1512.82,  240.155,  77.13,  63.97,  5,  0
0,  1,  8796532,  5090766,  73532,  5874,  15265642,  1087940421,  31599459988,  1006232,  2616399,  908137572,  0,  3402.7,  798.215,  90.005,  91.885,  13,  0
0,  1,  9806431,  4742501,  71581,  8597,  15611008,  1041494916,  27249815418,  835774,  2754474,  873627672,  0,  2971.82,  856.41,  94.165,  67.035,  11,  0
0,  1,  7202938,  5793274,  76264,  2914,  14048707,  1070760756,  35880498585,  1125418,  2693834,  892549518,  0,  4331.78,  398.595,  103.7,  92.53,  15,  0
0,  1,  6727,  570,  269,  703,  6897,  155936319,  253348233,  3,  35,  56851,  0,  6189.24,  40.63,  56.855,  41.115,  4,  0
0,  1,  19660313,  2427763,  5659,  1602,  21641435,  1471853339,  5280098617,  93,  1955169,  1270020263,  0,  322.885,  284.215,  39.09,  40.895,  2,  0
1,  0,  8411,  67,  25,  2099,  10444,  822750,  1956785,  0,  39,  291904,  0,  6511,  38.245,  38.905,  59.73,  22,  0
1,  0,  6789224,  6980787,  6983434,  449,  20473206,  2013198295,  11925619386,  6,  78,  1702849960,  0,  4983.4,  47.245,  53.04,  72.415,  5,  0
0,  1,  5319,  657,  379,  730,  5705,  165353633,  267827070,  0,  28,  106795,  0,  6514.35,  38.65,  57.375,  40.34,  9,  0
1,  0,  15012317,  10436297,  10260027,  767,  35880986,  2735779954,  19126445892,  21,  147,  2301746702,  0,  6415.66,  40.705,  49.085,  50.645,  8,  0
1,  0,  15113833,  9183472,  2696112,  1804,  30697344,  2285998667,  57133289801,  65262,  3124589,  1903854068,  0,  8044.2,  375.26,  45.97,  58.34,  24,  0
0,  1,  5705,  599,  469,  1323,  6982,  167248897,  269357459,  0,  20,  151702,  0,  6506.64,  38.93,  57.94,  40.575,  14,  0
0,  1,  8589568,  8026950,  119243,  1675,  18087520,  1373020891,  52409959996,  1196834,  3476181,  1139056231,  0,  5101.73,  1150.97,  101.055,  127.36,  22,  0
0,  1,  9015,  856,  810,  1543,  10023,  15558355,  9537258,  0,  122,  11493911,  0,  6440.14,  39.34,  56.68,  40.505,  19,  0
0,  1,  9238595,  7450611,  106573,  2017,  18332675,  1407791958,  54824841249,  1257309,  3452367,  1162547074,  0,  6715.45,  133.315,  124.615,  117.585,  23,  0
0,  1,  7286,  724,  589,  2178,  12802,  710708,  2446878,  4,  45,  252096,  0,  6377.43,  59.185,  58.14,  42.46,  24,  0
1,  0,  11544141,  8862316,  8858478,  549,  29306767,  2434048212,  16690457491,  7,  118,  2055694493,  0,  5958.08,  40.215,  48.715,  50.355,  7,  0
1,  0,  17806677,  9872714,  9879932,  833,  37649469,  2796211072,  23823954357,  9,  132,  2346942415,  0,  6662.29,  40.605,  49.275,  50.36,  10,  0
0,  1,  8062380,  6371878,  91205,  1648,  15761681,  1151310753,  47620649917,  1163582,  2754035,  953440189,  0,  4084.96,  1043.24,  106.235,  125.765,  20,  0
0,  1,  6278163,  7061650,  79224,  1248,  14862247,  1122160341,  42659814405,  1222287,  2794328,  930477905,  0,  5112.25,  129.16,  131,  126.74,  18,  0
0,  1,  3271,  653,  260,  299,  4281,  165757384,  267339765,  0,  20,  46949,  0,  6584.35,  43.605,  58.245,  45.62,  3,  0
0,  1,  9982135,  4601867,  54905,  7526,  15473913,  1039753062,  20972654856,  902445,  2846835,  867176933,  0,  1743.02,  848.73,  75.505,  72.255,  8,  0
0,  1,  8489757,  5955664,  71383,  1313,  15521091,  1127616925,  38106915131,  1234776,  2766169,  940677508,  0,  4834.44,  98.89,  103.4,  110.045,  16,  0
1,  0,  25567187,  1921976,  1913455,  3094,  31226073,  1704333363,  5243973550,  7,  24,  1451042948,  0,  935.43,  39.555,  47.54,  46.69,  2,  0
1,  0,  9209789,  7510694,  3166495,  1348,  21016854,  1581379584,  40498756370,  48529,  3302672,  1314643414,  0,  5915.39,  162.79,  43.725,  56.375,  17,  0
1,  0,  9097055,  6725834,  4439165,  1760,  19470904,  1700477136,  31246688342,  46442,  2238197,  1421546963,  0,  3679.35,  1257.71,  40.645,  50.915,  13,  0
0,  1,  6729,  649,  479,  1087,  8484,  166747150,  269082187,  0,  22,  155444,  0,  6511.98,  38.465,  57.035,  40.02,  12,  0
1,  0,  9694,  2599,  2221,  2104,  11823,  166149300,  255600117,  4,  17,  372510,  0,  6511.51,  59.135,  38.99,  40.915,  23,  0
1,  0,  10352600,  7430235,  3226529,  1548,  21353921,  1563764379,  47607740503,  45311,  3090342,  1298579295,  0,  5035.49,  1027.4,  43.465,  56.965,  20,  0
1,  0,  9406822,  9321876,  9328910,  448,  27547758,  2463924473,  14300718397,  12,  108,  2085542302,  0,  5688.38,  39.735,  48.64,  49.54,  6,  0
0,  1,  8333878,  6373945,  99020,  1717,  15965068,  1289683002,  50004191895,  1155631,  2750740,  1072766166,  0,  5304.7,  106.73,  105.9,  401.37,  21,  0
0,  1,  3886,  758,  459,  529,  4006,  167270196,  269453695,  0,  20,  71152,  0,  6513.62,  38.795,  57.305,  40.5,  6,  0
1,  0,  8456452,  7768357,  3805104,  2518,  20131198,  1565828367,  35907517522,  68936,  3179747,  1303613806,  0,  5686.85,  127.5,  42.385,  56.535,  15,  0
1,  0,  5870,  40,  5,  1258,  6741,  460085,  1362299,  3,  36,  234280,  0,  6523.34,  59.165,  38.92,  40.975,  12,  0
1,  0,  14754322,  14137329,  5564157,  1555,  33960228,  2297469332,  50019479247,  125003,  3850123,  1921560893,  0,  5551.43,  290.34,  43.445,  56.685,  21,  0
1,  0,  7466,  743,  727,  1861,  9133,  703760,  2061285,  0,  36,  282502,  0,  6496.84,  58.535,  38.63,  40.75,  19,  0
1,  0,  1478,  36,  0,  395,  1687,  147523,  299035,  0,  6,  55497,  0,  6541.5,  59.255,  39.03,  40.785,  4,  0
1,  0,  1125,  30,  5,  379,  873,  85952,  268101,  0,  24,  53886,  0,  6441.69,  58.995,  38.51,  40.685,  3,  0
1,  0,  5776,  23,  5,  1457,  8482,  418488,  1214486,  0,  29,  223211,  0,  6492.23,  38.17,  56.645,  39.605,  11,  0
1,  0,  7904,  313,  5,  1713,  7676,  690279,  1610849,  3,  15,  257346,  0,  6557.27,  38.85,  58.015,  40.595,  18,  0
1,  0,  868784,  4795,  1827,  230982,  1014971,  963562020,  495067142,  77,  1054,  663445858,  0,  6574.38,  62.43,  52.485,  53.85,  9,  0
1,  0,  9500,  952,  759,  1673,  10924,  163535903,  271577611,  4,  11,  294633,  0,  6392.74,  58.23,  39.685,  41.905,  16,  0
0,  1,  5155,  402,  559,  1481,  6653,  531723,  1622262,  0,  29,  210455,  0,  6517.88,  38.3,  38.91,  59.66,  17,  0
0,  1,  3347,  726,  339,  534,  3444,  166107620,  267199325,  0,  28,  79274,  0,  6515.05,  38.77,  57.24,  40.375,  7,  0
1,  0,  12943506,  12521858,  7174857,  2480,  30394980,  1961382210,  33822508485,  143072,  3799365,  1640976515,  0,  4409.51,  111.67,  42.61,  55.43,  14,  0
0,  1,  12784621,  7694131,  906299,  8726,  21902696,  1293529552,  25116861858,  1168174,  3373659,  1086236669,  0,  2848.63,  95.105,  254.65,  167.6,  10,  0
0,  1,  19823240,  3655027,  1315540,  4621,  23666365,  1352497819,  13165814832,  473611,  1298170,  1151442663,  0,  756.29,  370.965,  49.89,  53.445,  5,  0
0,  1,  2693,  286,  385,  1094,  2631,  345946,  1056601,  0,  29,  146731,  0,  6519.31,  58.88,  38.82,  40.81,  13,  0
0,  1,  6373,  673,  534,  998,  6866,  164127614,  265631556,  0,  4,  135370,  0,  6461.62,  57.95,  38.675,  40.35,  11,  0
0,  1,  5297,  881,  444,  1301,  8945,  168267352,  255261800,  3,  31,  155882,  0,  6529.81,  58.72,  38.955,  41.065,  15,  0
0,  1,  719,  127,  99,  323,  803,  75293,  261123,  0,  28,  51756,  0,  6445.53,  59.45,  39.135,  41.045,  4,  0
0,  1,  39960270,  2476761,  102519,  1757,  41853990,  2015486750,  5287963386,  1328,  2194701,  1736643497,  0,  275.74,  264.325,  36.44,  39.2,  2,  0
1,  0,  16406345,  14809528,  5469187,  1851,  38934522,  2627138437,  52481089279,  140750,  3810721,  2189854733,  0,  6142.3,  355.43,  43.435,  56.585,  22,  0
1,  0,  2013,  7,  0,  524,  2241,  133396,  313868,  0,  26,  69504,  0,  6535.4,  38.22,  38.905,  59.75,  5,  0
0,  1,  16513433,  6780261,  877038,  9069,  24495971,  1340862277,  22979163061,  1019621,  3544558,  1123933616,  0,  2152.36,  59.845,  75.37,  73.275,  9,  0
1,  0,  16447,  662,  95,  1348,  41051,  32800320,  13531205,  10,  265,  2147992,  0,  6524.07,  59.765,  40.325,  41.62,  8,  0
1,  0,  21277659,  15012127,  5040991,  1922,  44675144,  2907778048,  57170663539,  136785,  3510036,  2430448891,  0,  6551.1,  430.12,  45.44,  57.045,  24,  0
0,  1,  5736,  580,  505,  1326,  6572,  165747467,  268086412,  0,  30,  155459,  0,  6511.84,  39.285,  57.94,  40.765,  14,  0
0,  1,  5870,  668,  574,  2837,  11865,  633026,  2061669,  0,  26,  248293,  0,  6406.84,  58.88,  39.135,  41.355,  22,  0
0,  1,  7054,  766,  669,  1797,  7331,  166100662,  258850466,  0,  23,  209295,  0,  6497.91,  59.645,  38.915,  41.09,  19,  0
0,  1,  11668902,  13426191,  2059710,  1997,  27097927,  1658054269,  54731623974,  1700948,  4816500,  1380187852,  0,  3903.32,  1343.18,  144.425,  119.51,  23,  0
0,  1,  11844130,  13421514,  2205089,  1945,  26825022,  1645621237,  57238727653,  1793994,  4969740,  1364695006,  0,  5234.39,  129.46,  139.775,  144.7,  24,  0
1,  0,  5398,  33,  0,  828,  5729,  2431136,  1244200,  0,  28,  155369,  0,  6499.98,  39.375,  59.715,  41.075,  7,  0
1,  0,  30230,  7359,  300,  2644,  39929,  4936426,  8752919,  277,  3230,  4721634,  0,  6534.23,  62.935,  55.715,  56.68,  10,  0
0,  1,  9882170,  11413501,  1932087,  1546,  23170632,  1466217154,  47613414372,  1609301,  3302413,  1217588643,  0,  3195.03,  1205.05,  126.715,  130.315,  20,  0
0,  1,  7558,  1149,  708,  1813,  8878,  167649975,  268967929,  0,  31,  218094,  0,  6495.59,  38.395,  57.37,  40.095,  18,  0
0,  1,  3283,  419,  330,  369,  3948,  166502925,  267215412,  4,  28,  50574,  0,  6469.32,  59.815,  39.135,  40.855,  3,  0
0,  1,  5378,  1202,  783,  890,  7020,  165009117,  267431773,  0,  34,  966981,  0,  6471.27,  58.91,  41.96,  41.315,  8,  0
0,  1,  6790,  1240,  882,  1540,  7800,  164910862,  267498560,  0,  22,  208038,  0,  6505.52,  38.73,  57.11,  40.01,  16,  0
1,  0,  16943316,  8045087,  8010762,  3408,  30566001,  2194003085,  5222436129,  41,  108,  1872548928,  0,  1584.34,  38.18,  47.625,  48.48,  2,  0
1,  0,  9982,  766,  619,  1838,  12414,  165492751,  267406891,  0,  41,  279812,  0,  6407.59,  57.76,  38.56,  40.505,  17,  0
1,  0,  17985631,  11200921,  7451599,  1547,  33704385,  1985970867,  30880746160,  145966,  3511084,  1667722884,  0,  3616.05,  366.83,  43.045,  50.975,  13,  0
0,  1,  14326231,  7322688,  907869,  8086,  22719998,  1345988206,  29356008839,  1279709,  3229409,  1127151067,  0,  2735.46,  89.005,  91.36,  97.755,  12,  0
1,  0,  7401,  77369,  212589,  2001,  137976,  38944718,  64294273,  47,  262,  62691949,  0,  6532.24,  38.225,  57.325,  39.91,  23,  0
1,  0,  8453,  20,  0,  1884,  9379,  753270,  1713603,  0,  32,  289526,  0,  6504.22,  38.26,  39.66,  60.175,  20,  0
1,  0,  7658671,  16508808,  16479085,  399,  32622709,  2752617371,  13999523807,  14,  103,  2332874107,  0,  5138.69,  39.655,  49.075,  49.795,  6,  0
0,  1,  10117494,  12267539,  2812422,  1597,  24242567,  1612197670,  49992674720,  1621112,  3391251,  1341816377,  0,  4852.17,  120.285,  132.28,  137.785,  21,  0
0,  1,  3490,  543,  424,  549,  3797,  164721529,  265398684,  0,  23,  78390,  0,  6513.61,  38.61,  57.285,  40.365,  6,  0
1,  0,  11447227,  12330100,  6802068,  2637,  28245560,  1706918256,  35973535517,  92366,  3518977,  1420130016,  0,  4205.73,  524.19,  42.955,  56.35,  15,  0
1,  0,  22208234,  16719761,  16725554,  888,  50233393,  3502711322,  28592909319,  20,  200,  2941981045,  0,  6363.56,  40.145,  49.76,  50.99,  12,  0
1,  0,  4193,  4905,  4490,  400,  9841,  16671756611,  9531879738,  7,  47,  12212521188,  0,  17998.5,  47.005,  55.265,  53.255,  4,  1
0,  1,  5490,  18844,  19067,  2884,  30623,  19027287863,  10607909634,  7,  53,  13980511533,  0,  5168.6,  5157.09,  5160.43,  5153.62,  4,  1
0,  1,  16364,  38511,  27244,  2357,  59849,  62839273260,  35889687129,  2747,  7405,  46048521022,  0,  18078.3,  17972.2,  17983.8,  13942.4,  15,  1
0,  1,  22963,  57567,  34177,  1868,  75577,  93152618425,  54483161338,  5841,  11532,  68196421615,  0,  26191.4,  26031,  26045.3,  22209.2,  23,  1
0,  1,  14273,  39898,  36110,  4167,  61458,  55551691385,  31654860069,  490,  1330,  40748319613,  0,  18041.8,  13952,  14009,  14020.8,  13,  1
1,  0,  5068,  6890,  6591,  454,  14132,  20537134706,  11898212854,  13,  12,  15055669762,  0,  22328.6,  89.84,  67.8,  62.82,  5,  1
0,  1,  13548,  47716,  41851,  5774,  75570,  48254056716,  27367805085,  660,  1969,  35443889561,  0,  14005.8,  14022.5,  14006,  10149.5,  11,  1
1,  0,  13569,  29801,  28908,  2205,  48525,  46933272244,  35745744002,  112,  203,  34544429535,  0,  36531.3,  13985,  56.505,  64.15,  15,  1
1,  0,  19239,  34239,  32450,  1496,  57462,  65362451400,  49582621549,  286,  747,  47976689775,  0,  36492.6,  33734.7,  68.87,  71.5,  21,  1
0,  1,  13582,  45567,  43936,  5653,  68389,  44663871152,  25231555381,  567,  1767,  32815691601,  0,  13990.6,  14023.9,  10041.9,  10235.9,  10,  1
0,  1,  14389,  32719,  29776,  3403,  53916,  59094555434,  33704346512,  383,  1251,  43339567644,  0,  18050,  17972.9,  13929.3,  14042.5,  14,  1
1,  0,  12306,  21097,  20126,  1387,  36408,  38657575572,  31128801036,  135,  363,  28365924894,  0,  36520.3,  5165.24,  98.405,  69.75,  13,  1
0,  1,  11091,  49158,  40934,  5348,  69501,  37610471319,  21050855821,  1214,  5455,  27678826419,  0,  10084.8,  10162.3,  10224.1,  10238.3,  8,  1
1,  0,  6046,  8230,  7889,  500,  13652,  24256634287,  14241398463,  13,  38,  17760915732,  0,  26090.1,  46.89,  55.695,  53.57,  6,  1
1,  0,  8564,  13984,  14126,  793,  22958,  32971903980,  23647182654,  19,  77,  24190881071,  0,  35497.6,  50.025,  60.21,  57.365,  10,  1
0,  1,  19786,  63136,  27236,  1630,  83098,  82098099368,  47410912053,  10148,  23171,  60232796283,  0,  22208.1,  22206,  22202.3,  22208.6,  20,  1
1,  0,  17433,  26908,  24460,  1453,  51981,  54552269686,  40232863805,  523,  1133,  39968176768,  0,  36535.4,  22106.8,  62.705,  67.925,  17,  1
1,  0,  22708,  40466,  37104,  1775,  67147,  67484441470,  54240740479,  116,  700,  49610559414,  2,  36512.6,  36125.4,  65.285,  76.715,  23,  1
1,  0,  13346,  28976,  26307,  1970,  45082,  43410940038,  33674338581,  276,  834,  31924859793,  0,  36525.3,  10197.5,  59.705,  65.15,  14,  1
0,  1,  3897,  15844,  14834,  2107,  25325,  14265948661,  7955489294,  13,  83,  10490043641,  0,  5153.34,  5150.72,  5148.08,  45.62,  3,  1
1,  0,  20031,  28596,  23223,  1283,  90882,  50600030544,  37870148438,  2138,  3533,  37070671909,  0,  36535.1,  17933.6,  65.84,  69.145,  16,  1
1,  0,  4165,  17623,  16452,  2434,  30155,  12945728277,  7362227653,  0,  59,  9491451781,  0,  13967.9,  42.07,  50.535,  51.315,  3,  1
0,  1,  25098,  115576,  38119,  1802,  136595,  96426958095,  56735709443,  24827,  48153,  70794459317,  4,  26184.7,  26008.2,  26062.2,  26089.3,  24,  1
0,  1,  19619,  71926,  24956,  1397,  90826,  78066231041,  45055753978,  13275,  32380,  57334040579,  0,  22214.5,  22209.1,  22214.9,  18002.9,  19,  1
0,  1,  15691,  23618,  19837,  1405,  38932,  68893488789,  39502958159,  592,  1255,  50616631302,  0,  22339,  18015.2,  18032.9,  18063.6,  17,  1
0,  1,  11488,  43849,  41877,  5823,  68149,  41307489328,  23222505178,  272,  1121,  30371422438,  0,  14041.5,  10156.3,  10252.7,  10259,  9,  1
0,  1,  6873,  26341,  28553,  3888,  42409,  23688340178,  13209726055,  153,  223,  17352581964,  1,  10103.2,  5149.77,  5165.68,  5169.02,  5,  1
0,  1,  14191,  53184,  43478,  5320,  79490,  51736841862,  29460929371,  1241,  4819,  38037168034,  0,  13982.3,  14026,  14002.8,  14036.8,  12,  1
0,  1,  17497,  27743,  24108,  1572,  46850,  74327287013,  42703963103,  878,  2521,  54571632386,  0,  22365,  22212.5,  18019.9,  18068.2,  18,  1
0,  1,  23549,  122342,  32520,  1696,  139346,  89151128936,  52015000319,  25668,  53953,  65463459378,  0,  26131.5,  26012.1,  22118.7,  22201.7,  22,  1
1,  0,  17516,  30415,  28262,  1599,  51364,  61169691093,  44924227153,  107,  610,  44771177299,  0,  36529.2,  29098.2,  61.77,  70.715,  19,  1
1,  0,  7690,  10409,  9855,  605,  18697,  29572515521,  18990274682,  14,  57,  21647889298,  0,  31766.1,  47.815,  56.26,  53.79,  8,  1
1,  0,  7656,  12258,  12417,  696,  20269,  31598927203,  21336163934,  15,  58,  23153914835,  0,  33920.9,  47.605,  56.615,  54.92,  9,  1
1,  0,  19149,  33317,  31406,  1532,  54513,  63324346453,  47205330109,  300,  628,  46536492318,  0,  36486.2,  31587.4,  65.385,  72.285,  20,  1
1,  0,  20389,  36505,  34898,  1784,  55868,  66897116771,  51928291609,  110,  769,  49136794488,  1,  36518,  35375.3,  65.7,  76.845,  22,  1
0,  1,  15805,  31265,  26094,  1062,  49448,  66361600107,  37990740807,  550,  2058,  48819408927,  1,  18233.2,  18044.1,  18005.4,  18073,  16,  1
1,  0,  23936,  42244,  39533,  1837,  67298,  67942521351,  56722840973,  186,  776,  49800035387,  0,  36511.5,  36402.4,  61.285,  67.985,  24,  1
1,  0,  17508,  30035,  27182,  1328,  53633,  58163308027,  42613065383,  351,  1065,  42684911870,  0,  36529.2,  25991.5,  65.74,  77.69,  18,  1
1,  0,  10209,  17360,  16968,  1005,  28486,  33988001315,  28378023771,  24,  50,  24984715428,  0,  36520,  49.21,  58.03,  55.51,  12,  1
0,  1,  20092,  58520,  30439,  1823,  78571,  85748996178,  49756568452,  7586,  16913,  62865292745,  0,  26117.9,  22161.5,  22190.2,  22223,  21,  1
1,  0,  6060,  9247,  8796,  505,  16338,  27208045262,  16596467161,  21,  46,  19940790189,  0,  29259.7,  49.295,  59.565,  53.645,  7,  1
0,  1,  8370,  37965,  28808,  4256,  55937,  28410269681,  15888530628,  337,  3318,  20891131658,  0,  10175.8,  10239.3,  5155.35,  5162.72,  6,  1
0,  1,  9670,  37533,  38777,  5296,  58647,  33064781999,  18520592721,  148,  1087,  24352573578,  0,  10219,  10210,  10222.5,  5154.04,  7,  1
1,  0,  2762,  19593,  21513,  2541,  25419,  9398736123,  5262526626,  0,  60,  6906124572,  0,  10157.5,  40.015,  50.635,  50.005,  2,  1
0,  1,  2814,  12810,  11646,  1477,  18773,  9556450369,  5314229808,  0,  56,  6969086836,  0,  5137.55,  5142.74,  41.725,  43.865,  2,  1
1,  0,  10010,  15689,  16022,  887,  27682,  33695568729,  26019155327,  19,  76,  24691601708,  0,  36218.2,  49.565,  60.24,  55.35,  11,  1
1,  0,  3777,  5741,  5689,  333,  9985,  3934243859,  9512713183,  12,  33,  2896855317,  0,  26053.1,  48.395,  56.78,  60.79,  4,  1
0,  1,  27006,  2752,  10,  3009,  34776,  9792917761,  10619403083,  43,  2602,  7227727535,  0,  44.005,  39.28,  39.055,  40.705,  4,  1
0,  1,  33196,  23966,  11351,  2990,  64093,  29416441553,  35881111636,  154,  10440,  21690005198,  0,  5974.02,  8340.67,  7284.53,  146.69,  15,  1
0,  1,  19730,  45108,  33916,  1960,  66834,  24176844319,  54369249107,  518,  8450,  17792798313,  0,  28846.9,  28514,  28561.9,  17687.1,  23,  1
0,  1,  89054,  23968,  13993,  7473,  134798,  26504012000,  31393469999,  106,  8497,  19552649573,  0,  12619,  1566.42,  457.84,  355.645,  13,  1
1,  0,  4445,  7543,  7515,  355,  12347,  4327267700,  11877116801,  6,  41,  3186379464,  0,  29050.9,  48.13,  60.55,  61.78,  5,  1
0,  1,  69867,  18247,  10885,  8059,  106466,  24204604158,  27333349517,  14,  6758,  17857977489,  0,  1337.86,  1774.99,  1707.85,  55.975,  11,  1
1,  0,  28637,  18744,  17956,  2934,  52595,  12410150019,  35794044865,  359,  1603,  9111810461,  0,  36587.3,  101.015,  50.755,  66.82,  15,  1
1,  0,  19148,  29216,  28316,  1763,  50699,  10718112238,  49655293421,  76,  142,  7860934036,  0,  36612.6,  35494.5,  59.995,  73.505,  21,  1
0,  1,  73103,  12663,  3619,  8687,  107615,  23100500469,  25154955955,  25,  8610,  17040864277,  0,  103.05,  1179.15,  48.185,  56.495,  10,  1
0,  1,  74720,  32089,  19955,  5594,  115171,  27666985643,  33515670284,  122,  9287,  20387700607,  0,  7303.85,  9987.32,  1183.64,  975.475,  14,  1
1,  0,  17448,  17503,  16928,  1692,  37230,  7878962259,  31064279745,  167,  873,  5795594286,  0,  36607.1,  58.735,  63.7,  98.64,  13,  1
0,  1,  71638,  7812,  729,  8654,  102808,  19196724752,  21069826930,  4,  7016,  14167577138,  0,  79.265,  65.025,  70.025,  57.87,  8,  1
1,  0,  5503,  8089,  8338,  450,  14371,  4667720850,  14254395310,  0,  15,  3424029585,  0,  31451.5,  48.44,  57.74,  60.725,  6,  1
1,  0,  9222,  12520,  12777,  852,  23537,  5340725409,  23717593346,  13,  29,  3924819290,  0,  36076.8,  48.425,  57.31,  67.52,  10,  1
0,  1,  19552,  40454,  27054,  1381,  61729,  29455092244,  47434516170,  481,  10303,  21697020060,  0,  20161.7,  21772.4,  19515.9,  19091.3,  20,  1
1,  0,  16727,  21729,  19901,  1500,  40595,  11247619222,  40232894380,  162,  326,  8247015009,  0,  36587,  22844.8,  57.525,  71.17,  17,  1
1,  0,  20384,  32583,  30979,  1839,  55058,  10812560322,  54446059196,  353,  595,  7922997498,  0,  36585.6,  36292.6,  59.855,  73.765,  23,  1
1,  0,  27689,  18943,  18650,  2632,  52395,  10239987052,  33666276612,  19,  649,  7538441450,  0,  36594.8,  60.97,  51.34,  68.145,  14,  1
0,  1,  23031,  1665,  4,  2535,  30598,  7329043437,  7952865202,  21,  1622,  5405901920,  0,  45.56,  40.4,  39.585,  39.705,  3,  1
1,  0,  17783,  22318,  19088,  1153,  41167,  12767225538,  37904361615,  401,  1517,  9403040320,  0,  36573.2,  7913.56,  52.4,  65.735,  16,  1
1,  0,  3629,  17480,  17814,  2237,  26657,  3517996085,  7328290485,  4,  7,  2593039856,  0,  22687.7,  47.8,  56.545,  59.405,  3,  1
0,  1,  18830,  47085,  33989,  1783,  65863,  21595070918,  56783441314,  554,  8251,  15841542631,  0,  28661.1,  28514.8,  28679.9,  28555,  24,  1
0,  1,  23250,  36925,  24981,  1456,  61844,  30712064887,  45133461391,  376,  8700,  22553411569,  0,  20309.7,  20241.3,  20334.6,  5668.45,  19,  1
0,  1,  22025,  29208,  17691,  1300,  51185,  28123932410,  40026120997,  196,  9753,  20698607361,  0,  23715.5,  7363.78,  6574.4,  8124.07,  17,  1
0,  1,  64735,  14786,  8511,  8169,  99142,  20569103448,  23195057393,  20,  5961,  15161504988,  0,  2930.24,  107.745,  59.17,  63.035,  9,  1
0,  1,  37342,  4549,  1792,  4660,  51742,  12016476882,  13146405805,  12,  2926,  8867295808,  0,  309.125,  40.355,  48.025,  49.965,  5,  1
0,  1,  59685,  19758,  8697,  7111,  96605,  26793008400,  29400592387,  11,  10306,  19785333859,  0,  1405.3,  1108.72,  688.14,  230.475,  12,  1
0,  1,  22977,  32285,  20465,  1497,  56736,  29818917617,  42150168528,  243,  9776,  21999622018,  0,  21047.9,  22640.3,  4711.44,  2652.86,  18,  1
0,  1,  20597,  44583,  33414,  1680,  68822,  26387176185,  51779390184,  478,  8506,  19392433114,  0,  29016.4,  28535.3,  18226,  18215.8,  22,  1
1,  0,  17323,  25895,  24507,  1681,  44551,  10546415839,  44961645860,  303,  648,  7722915208,  0,  36617.3,  32414.2,  59.6,  72.465,  19,  1
1,  0,  7542,  11270,  11641,  618,  19443,  5070112677,  18952293300,  7,  36,  3726662199,  0,  34834.2,  64.795,  257.9,  150.93,  8,  1
1,  0,  8039,  12888,  12994,  753,  22775,  5278055561,  21338600277,  10,  39,  3861460003,  0,  35623.3,  48.59,  56.91,  61.195,  9,  1
1,  0,  17828,  28523,  26738,  1512,  48516,  10616294893,  47302510089,  517,  930,  7811807486,  0,  36610.2,  34362.8,  59.665,  72.965,  20,  1
1,  0,  20554,  29723,  28588,  1747,  51447,  10760398454,  52026137355,  172,  467,  7901483429,  1,  36585.4,  35981.2,  61.935,  73.125,  22,  1
0,  1,  23173,  25572,  13564,  1138,  49760,  29673488123,  38465831162,  362,  10161,  21817639608,  0,  10001.2,  8305.85,  6527.38,  7527.72,  16,  1
1,  0,  21160,  37421,  34051,  1946,  59605,  10848882094,  56760188926,  373,  668,  7945104815,  0,  36597.2,  36536.9,  60.03,  72.395,  24,  1
1,  0,  17286,  25009,  23617,  1399,  43122,  10596496940,  42581108791,  80,  189,  7802038336,  0,  36615.4,  28994.4,  59.395,  73.61,  18,  1
1,  0,  11296,  15693,  15978,  953,  26656,  5416604117,  28375889752,  10,  48,  3982018259,  0,  36604.9,  48.2,  57.26,  60.195,  12,  1
0,  1,  20853,  42739,  29227,  1513,  63962,  28653716933,  49646274079,  279,  9694,  21126871525,  0,  28924.3,  19124.2,  18798.5,  18541.6,  21,  1
1,  0,  6500,  9491,  9319,  504,  16936,  4934513471,  16612081575,  9,  48,  3618760543,  0,  33336.9,  47.99,  55.845,  59.795,  7,  1
0,  1,  43627,  5022,  210,  5040,  62230,  14514182692,  15858104410,  17,  4662,  10716555409,  0,  57.505,  48.745,  37.83,  48.45,  6,  1
0,  1,  59015,  4662,  585,  7324,  80877,  16844693225,  18477809026,  17,  4138,  12420531878,  0,  76.375,  79.15,  69.075,  50.295,  7,  1
1,  0,  2724,  18835,  16926,  2255,  27235,  2485528006,  5217744391,  0,  52,  1841550089,  0,  15272.1,  44.93,  54.4,  51.925,  2,  1
0,  1,  16074,  869,  25,  1881,  23119,  4857165599,  5293682456,  7,  800,  3581196141,  0,  43.45,  41.16,  36.425,  39.335,  2,  1
1,  0,  10157,  14669,  14677,  939,  26506,  5389581472,  26052696298,  10,  40,  3947812445,  0,  36369.4,  49.515,  57.71,  69.32,  11,  1
1,  0,  4376,  5101,  5141,  349,  15893,  17282934341,  9542270566,  10,  37,  12658390129,  0,  9165.4,  47.045,  55.685,  59.63,  4,  1
0,  1,  27650,  5070,  20,  3029,  38488,  20499283780,  10610027280,  57,  4164,  15040481004,  0,  41.895,  37.175,  36.975,  38.455,  4,  1
0,  1,  23047,  187742,  15827,  2417,  213451,  65340619172,  35855688912,  21017,  148242,  48013189666,  0,  8956.46,  9401.78,  9487.56,  1287.05,  15,  1
0,  1,  19646,  198976,  30243,  1918,  213977,  92218848395,  54393666611,  46511,  104769,  67707575474,  0,  24763.3,  24511.5,  24475.1,  19350,  23,  1
0,  1,  50340,  78595,  7541,  5275,  139896,  59732653180,  31597821936,  5063,  50537,  43947582643,  0,  9227.27,  349.33,  98.875,  111.645,  13,  1
1,  0,  5424,  7495,  7509,  358,  18568,  20552701637,  11903545402,  15,  34,  15056605507,  0,  19350,  48.53,  56.835,  60.3,  5,  1
0,  1,  69239,  97757,  4613,  8009,  182766,  52615426479,  27393216413,  733,  102798,  38592002541,  0,  637.045,  188.61,  130.965,  72.415,  11,  1
1,  0,  25507,  21934,  16998,  2374,  53050,  48734730503,  36060524684,  143,  1536,  35901280472,  0,  36499.1,  83.45,  51.68,  62.555,  15,  1
1,  0,  18623,  38421,  31964,  1710,  60095,  65663623644,  49640011210,  753,  935,  48202149282,  0,  36500.8,  33564.8,  62.25,  72.775,  21,  1
0,  1,  65628,  100528,  6487,  7914,  149767,  48463223898,  25301450634,  663,  108073,  35497264681,  0,  162.6,  2125.46,  68.74,  55.57,  10,  1
0,  1,  42555,  139478,  8943,  4557,  190287,  62794624309,  33796432432,  9747,  110506,  46075431999,  0,  9766.78,  8873.46,  172.685,  140.49,  14,  1
1,  0,  16745,  22034,  16999,  1641,  42201,  39386552874,  31038063755,  283,  1273,  28845851427,  8,  36496.6,  57.22,  50.745,  59.925,  13,  1
0,  1,  73230,  22565,  214,  8410,  113270,  40789869623,  21185452823,  85,  27540,  30008997424,  0,  60.49,  47.91,  48.14,  49.325,  8,  1
1,  0,  6098,  9360,  9031,  349,  17365,  24030618264,  14238441174,  7,  43,  17667549430,  0,  24657.7,  49.45,  58.41,  61.54,  6,  1
1,  0,  8946,  18400,  18722,  862,  28767,  33159274416,  23687856893,  5,  35,  24293826602,  0,  35343.9,  53.33,  67.775,  69.23,  10,  1
0,  1,  17938,  430794,  26171,  1372,  436871,  81234368994,  47387841526,  113314,  292124,  59773023615,  0,  19710,  19264.5,  18924.1,  19344.3,  20,  1
1,  0,  14690,  29195,  23565,  1390,  54236,  54743496487,  40242010170,  534,  1208,  40203395608,  0,  36511.9,  18992,  60.23,  72.925,  17,  1
1,  0,  20167,  42724,  34999,  1787,  66494,  68157069537,  54497408095,  605,  689,  50007518969,  0,  36506.2,  36080.1,  61.94,  78.78,  23,  1
1,  0,  23648,  21139,  15712,  2376,  50205,  42705310953,  32212793071,  179,  1360,  31297088327,  0,  36495.3,  59.015,  57.71,  64.935,  14,  1
0,  1,  21695,  1575,  0,  2390,  29801,  15369943588,  7977124123,  20,  1290,  11296705131,  0,  42.02,  36.84,  36.63,  37.34,  3,  1
1,  0,  14954,  26106,  19770,  1284,  54751,  51398970003,  37883853858,  451,  1571,  37826134216,  0,  36496.6,  8707.68,  57.235,  70.9,  16,  1
1,  0,  19043,  1008,  773,  2210,  27331,  14302628075,  7423643091,  0,  104,  10596403094,  0,  105.89,  38.32,  46.89,  49.755,  3,  1
0,  1,  20777,  170897,  32906,  1810,  190061,  95840624763,  56765843579,  43153,  87466,  70303046608,  0,  24690,  24305.5,  24480.9,  24513.1,  24,  1
0,  1,  17588,  521072,  24199,  1569,  516129,  77895555251,  45086733935,  116835,  349623,  57151318642,  0,  19489.8,  19061.2,  19023.9,  9590.56,  19,  1
0,  1,  18075,  483752,  19202,  1549,  508851,  71394576238,  40395075008,  93695,  335884,  52467423424,  0,  19405.9,  9767.83,  8641.72,  9087.55,  17,  1
0,  1,  68903,  27188,  1028,  8129,  132398,  44522963901,  23107882627,  335,  37421,  32725398566,  0,  155.4,  46.725,  49.89,  58.625,  9,  1
0,  1,  38132,  14509,  35,  4850,  69480,  25474393850,  13203537234,  96,  9610,  18678684965,  0,  56.155,  37.695,  46.365,  47.655,  5,  1
0,  1,  63911,  43951,  6472,  6986,  131739,  56690014406,  29514553684,  148,  37187,  41669131059,  0,  1040.63,  101.875,  113.695,  154.165,  12,  1
0,  1,  16761,  413993,  22201,  1336,  437168,  74788101008,  42797410664,  80817,  289747,  54929321158,  0,  19398.7,  19339.3,  9846.24,  9417.39,  18,  1
0,  1,  19475,  202704,  30159,  1652,  241189,  88746067588,  52099923417,  49880,  123956,  65172534048,  0,  24734.2,  24555.1,  19365.2,  19004,  22,  1
1,  0,  16238,  34011,  29148,  1537,  54230,  61392304288,  44999083091,  590,  1189,  44961559280,  0,  36506.7,  28605.1,  58.255,  79.93,  19,  1
1,  0,  7605,  13487,  13692,  651,  23298,  29470200504,  18957459626,  10,  46,  21649426714,  0,  31457.3,  48.945,  57.045,  62.09,  8,  1
1,  0,  8773,  15069,  14736,  753,  25398,  31597954339,  21348798030,  3,  28,  23169446954,  0,  33677.6,  49.155,  57.505,  59.885,  9,  1
1,  0,  17203,  35739,  29797,  1702,  57440,  63583404716,  47292301311,  632,  1183,  46684178700,  0,  36507.1,  31353.6,  58.935,  73.54,  20,  1
1,  0,  19776,  40475,  34701,  1841,  63741,  67257600649,  52017912597,  461,  760,  49330384243,  0,  36465.2,  35210.7,  58.915,  73.725,  22,  1
0,  1,  15911,  191463,  16673,  1164,  198679,  68682804486,  38076215542,  23933,  140323,  50517512987,  0,  9559.89,  8801.39,  9647.15,  8588.44,  16,  1
1,  0,  21138,  43091,  36862,  1694,  66894,  68314205431,  56715100568,  379,  767,  50209408966,  0,  36498.9,  36398,  60.465,  71.815,  24,  1
1,  0,  15873,  32092,  26103,  1561,  50210,  58271933713,  42535970640,  586,  1231,  42726561193,  0,  36505.7,  24273.9,  58.83,  73.75,  18,  1
1,  0,  10861,  21525,  21936,  1049,  34132,  34214212225,  28387420642,  0,  17,  25097693374,  0,  36508.4,  49.495,  58.49,  66.975,  12,  1
0,  1,  22067,  429416,  49338,  1499,  498974,  84347724773,  49537499743,  105586,  251017,  62110039645,  0,  24768.2,  19411.4,  18935.5,  19420.1,  21,  1
1,  0,  6305,  11821,  11392,  600,  19488,  27089595283,  16565406971,  6,  46,  19907635299,  0,  28734.9,  49.71,  59.705,  62.295,  7,  1
0,  1,  77014,  19097,  220,  5982,  124367,  30126165631,  15676772783,  66,  12775,  22224994287,  0,  56.555,  54.125,  40.35,  52.26,  6,  1
0,  1,  61179,  16610,  30,  7306,  89093,  35592687991,  18443747938,  69,  17658,  26132616155,  0,  53.565,  49.14,  46.905,  40.13,  7,  1
1,  0,  26663,  113,  0,  2969,  33513,  10101175687,  5244871699,  7,  34,  7440664527,  0,  52.98,  37.495,  48.215,  46.92,  2,  1
0,  1,  15804,  390,  5,  1822,  19107,  10225411898,  5303489101,  17,  294,  7516409033,  0,  42.2,  37.045,  35.98,  38.455,  2,  1
1,  0,  9773,  19837,  19735,  897,  30521,  33916564205,  26023235935,  7,  45,  24890755586,  0,  36226.3,  49.555,  58.43,  66.46,  11,  1
1,  0,  5679126,  101276089,  101247119,  350,  106742592,  4142437289,  9528612479,  21,  214,  3714068975,  0,  8864.18,  43.145,  53.075,  51.065,  4,  1
0,  1,  24834627,  88700485,  88810133,  2884,  113612718,  4455329160,  10601665385,  16,  79,  3992953446,  0,  2050.82,  2078.11,  2087.35,  2091.34,  4,  1
0,  1,  22857454,  379368694,  379574963,  2600,  402320059,  15558386175,  35901285858,  51,  376,  13934866998,  0,  8948.24,  8881.8,  8882.06,  6658.03,  15,  1
0,  1,  21682780,  569614190,  568351202,  1848,  591533291,  23188096768,  54662713951,  199,  937,  20744458237,  0,  13277.2,  13102.8,  13011.6,  11064.3,  23,  1
0,  1,  22950376,  326594290,  326836140,  4996,  348991681,  13559424171,  31702349766,  82,  578,  12145944141,  0,  8933.9,  6618.58,  6643.55,  6645.53,  13,  1
1,  0,  5593798,  126506582,  125795226,  485,  132050729,  5177242570,  12055708911,  56,  279,  4612526488,  0,  11091,  45.13,  54.665,  52.17,  5,  1
0,  1,  23279869,  275931291,  275261329,  5935,  299256243,  11590349439,  27351191994,  55,  613,  10374616098,  0,  6667.61,  6661.07,  6665.95,  4386.02,  11,  1
1,  0,  10394242,  344784626,  344941439,  2125,  355282676,  14082606156,  35934568094,  80,  740,  12563952695,  0,  23980.8,  6643.84,  51.505,  62.64,  15,  1
1,  0,  9575408,  480605499,  479827948,  1682,  489604100,  19545083355,  49855219251,  120,  649,  17441793689,  0,  24006.9,  18886.2,  54.655,  70.695,  21,  1
0,  1,  23494760,  251757932,  251575986,  6471,  274755937,  10611910968,  25284551431,  150,  377,  9494857244,  0,  6687.28,  6640.81,  4414.18,  4429.74,  10,  1
0,  1,  22948602,  353966245,  353696656,  3607,  376480734,  14585860755,  33787483180,  106,  508,  13037719987,  0,  8959.15,  8880.21,  6665.64,  6662.76,  14,  1
1,  0,  10955130,  290906205,  290931420,  1505,  301580882,  12011203222,  31141504673,  225,  1084,  10722696407,  0,  24028.6,  2093.39,  104.91,  254.77,  13,  1
0,  1,  24033925,  199174010,  198933501,  6278,  222870436,  8596449488,  21090904720,  111,  515,  7724417391,  0,  4443.12,  4423.39,  4431.76,  4425.61,  8,  1
1,  0,  5387060,  148208344,  147994523,  455,  153432305,  6039710742,  14279934400,  52,  345,  5404792176,  0,  13175,  45.775,  55.48,  53.295,  6,  1
1,  0,  4847649,  232616522,  232013370,  704,  237352774,  9474379232,  23803182179,  22,  234,  8449905803,  0,  20757.4,  45.39,  54.635,  52.73,  10,  1
0,  1,  22148027,  502188030,  502031733,  1703,  523121777,  20428922326,  47620155371,  156,  647,  18251189266,  0,  11200,  11082.3,  11078.5,  11103.2,  20,  1
1,  0,  10135404,  393841426,  393422150,  1339,  403771097,  16018530083,  40405075399,  64,  541,  14305497183,  0,  24008.5,  11023.4,  54.62,  69.01,  17,  1
1,  0,  9311167,  519861992,  518344686,  1796,  527826075,  21097806546,  54614212181,  65,  516,  18830570976,  0,  23999,  22314.5,  55.04,  70.1,  23,  1
1,  0,  10614521,  319385039,  319141890,  2207,  329627829,  13096761882,  33809075858,  75,  548,  11661313827,  0,  24009.7,  4428.01,  50.145,  60.93,  14,  1
0,  1,  18839345,  68335639,  68134288,  2446,  87144861,  3359661852,  7944940570,  100,  112,  3007295809,  0,  2103.4,  2074.39,  2097.31,  48.34,  3,  1
1,  0,  10286408,  368992626,  368888362,  1294,  380033463,  15068992633,  38035815471,  97,  567,  13431604931,  0,  23970.4,  8881.15,  53.51,  67.88,  16,  1
1,  0,  5788157,  75396856,  75409005,  2550,  81122479,  3137256970,  7329807104,  49,  200,  2807442518,  0,  6634.93,  40.92,  50.86,  50.355,  3,  1
0,  1,  21649617,  597238065,  596129735,  1802,  618004659,  24160047239,  57175326438,  200,  545,  21629694853,  0,  13347.2,  13166.5,  13161.6,  13230.9,  24,  1
0,  1,  22317828,  477510475,  476865297,  1496,  499495424,  19447466071,  45241658705,  148,  480,  17419643382,  0,  11179.2,  11050,  11056,  8886.14,  19,  1
0,  1,  22639472,  429900063,  428938206,  1283,  452283606,  17549932744,  40526509778,  129,  715,  15692918770,  0,  11164,  8916.2,  8927.36,  8906.23,  17,  1
0,  1,  23689770,  225520286,  225361424,  6351,  248716281,  9596106485,  23180042212,  128,  512,  8612640325,  0,  6674.99,  4406.22,  4424.17,  4427.78,  9,  1
0,  1,  24974339,  117920272,  117648298,  4597,  143071718,  5530748893,  13212987448,  20,  202,  4926483589,  0,  4409.31,  2084.45,  2092.15,  2095.57,  5,  1
0,  1,  23092191,  302725592,  301216386,  7494,  324353762,  12532560281,  29389029485,  116,  624,  11250746174,  0,  6690.19,  6641.61,  6508.01,  6646.8,  12,  1
0,  1,  22513966,  454588152,  454027646,  1462,  476584749,  18518366348,  42888505387,  107,  427,  16561541266,  0,  11156.2,  11051,  8893.84,  8890.83,  18,  1
0,  1,  21989920,  551278253,  550348932,  1944,  572754855,  22331519867,  52392101212,  156,  821,  19957984351,  0,  13275.6,  13162.5,  11078.4,  11089,  22,  1
1,  0,  9877873,  440175852,  440346132,  1552,  449735550,  17857201248,  45148981985,  88,  672,  15939883901,  0,  24000.6,  15129.2,  54.905,  70.19,  19,  1
1,  0,  5105887,  191790023,  191672777,  635,  196944592,  7839520422,  19045239381,  29,  299,  6987843314,  0,  17132.7,  46.37,  55.46,  53.04,  8,  1
1,  0,  4983724,  212808017,  212593425,  747,  217726190,  8690524535,  21421058995,  28,  396,  7730470648,  0,  19002.1,  45.98,  55.01,  52.94,  9,  1
1,  0,  9655631,  459822186,  459244317,  1596,  468404079,  18717823103,  47501639737,  53,  689,  16694779999,  0,  23956.1,  17013.6,  55.37,  71.76,  20,  1
1,  0,  8847226,  467054559,  466880175,  1702,  474532464,  18961613023,  48635066022,  87,  576,  16940437609,  0,  24029.7,  20651.3,  56.145,  73.475,  22,  1
0,  1,  22775961,  406365774,  405498531,  1323,  429053302,  16566861497,  38095324727,  83,  363,  14849937354,  0,  8970.35,  8899.06,  8913.83,  8903.33,  16,  1
1,  0,  9152471,  537066988,  537308188,  1979,  546040599,  21822808276,  57039548468,  117,  945,  19444816990,  0,  24007.9,  23858.4,  55.68,  70.645,  24,  1
1,  0,  9940059,  414081901,  413666032,  1502,  423959837,  16931012165,  42776950736,  67,  586,  15092645393,  0,  23988.7,  13072.7,  55.36,  71.85,  18,  1
1,  0,  4587497,  269122912,  268913814,  904,  273637529,  10915902670,  28505870255,  90,  478,  9736268812,  0,  23981.7,  52.28,  58.865,  57.615,  12,  1
0,  1,  22136836,  527129108,  526919162,  1767,  549123921,  21379045034,  50029796404,  104,  637,  19123444214,  0,  13273.9,  11094.3,  11110,  11111.7,  21,  1
1,  0,  5216252,  167994097,  168023976,  535,  174028370,  6929563010,  16659319762,  21,  285,  6187947761,  0,  15200.9,  46.035,  55.345,  52.47,  7,  1
0,  1,  24024855,  143879424,  144397606,  4890,  169018623,  6538648473,  15891846336,  60,  341,  5838736181,  0,  4376.83,  4417.24,  2075.98,  2095.56,  6,  1
0,  1,  23567362,  170130525,  170635470,  5493,  193395677,  7541383962,  18488116619,  16,  498,  6751327501,  0,  4436.73,  4416.18,  4425.36,  2077.17,  7,  1
1,  0,  5864220,  49378156,  49253106,  2989,  55213517,  2145729274,  5260141105,  186,  714,  1902179057,  0,  4386.77,  40.6,  49.105,  46.87,  2,  1
0,  1,  12398237,  45418749,  45424324,  1741,  57738921,  2228266539,  5289787096,  33,  153,  2004008180,  0,  2122.14,  2086.88,  45.665,  49.965,  2,  1
1,  0,  4745629,  251889152,  251776254,  852,  256834536,  10247339485,  26153484604,  26,  294,  9122043610,  0,  22449.3,  45.4,  54.3,  52.835,  11,  1
1,  0,  3327,  5847,  6178,  364,  267593,  4138637791,  9545439785,  9,  52,  3012635341,  0,  25761.6,  48.18,  56.575,  54.33,  4,  1
0,  1,  30245,  1120158,  47829,  2775,  1106554,  9650993708,  10605337700,  72950,  820193,  7063931057,  0,  40.775,  364.98,  37.445,  39.055,  4,  1
0,  1,  185602,  24223805,  894946,  3001,  28982500,  15296128854,  35894782653,  912035,  19075609,  11082294609,  0,  3696.01,  3949.33,  3944.21,  6592.27,  15,  1
0,  1,  255605,  26223087,  1255293,  2032,  33536725,  14964277214,  54323228791,  977176,  20120710,  10737526456,  0,  21398.8,  16600.4,  13785.4,  10061.6,  23,  1
0,  1,  220882,  25372574,  994398,  5508,  31320866,  15511785669,  31620195261,  832322,  20243380,  11371960701,  0,  7285.87,  6619.57,  188.705,  244.17,  13,  1
1,  0,  3842,  7213,  7270,  425,  288726,  4558911786,  11863591058,  14,  11,  3336902002,  0,  28777.4,  48.585,  56.435,  54.305,  5,  1
0,  1,  175904,  21310900,  825678,  8065,  26060609,  15573652447,  27407760827,  756264,  17025108,  11358963993,  0,  6452.31,  376.17,  411.75,  54.535,  11,  1
1,  0,  98637,  4751623,  389739,  2546,  14249515,  11008845527,  35806459421,  188451,  3951476,  7995138889,  0,  35712.2,  171.58,  50.95,  57.045,  15,  1
1,  0,  136316,  6732590,  547219,  1497,  17820486,  10973938632,  49620319105,  240624,  5581078,  7876323725,  0,  35200.7,  32079.3,  58.56,  74.25,  21,  1
0,  1,  158948,  18291765,  576321,  7436,  22869783,  15098031365,  25276207218,  698721,  14781909,  11059674414,  0,  436.91,  1223.62,  4637.04,  55.01,  10,  1
0,  1,  203249,  25462509,  1086701,  3988,  30972347,  15875463328,  33744035799,  898410,  20355334,  11487453782,  2,  4029.1,  11690.1,  242.895,  247.915,  14,  1
1,  0,  29206,  752507,  98155,  1872,  4597336,  8199751928,  31098847827,  59715,  675724,  5890932854,  0,  36403.8,  57.265,  50.705,  55.365,  13,  1
0,  1,  115268,  11727793,  407862,  7496,  14766634,  14790966464,  21145211806,  500298,  9364555,  10875301458,  0,  3165.62,  60.31,  50.06,  51.425,  8,  1
1,  0,  4630,  10017,  9634,  514,  737599,  4939116162,  14223062622,  14,  50,  3601093195,  0,  31155.9,  48.135,  56.7,  54.62,  6,  1
1,  0,  8550,  16539,  16843,  854,  1498484,  5791589110,  23691041461,  36,  52,  4203503279,  0,  35932.8,  48.265,  56.34,  54.485,  10,  1
0,  1,  214017,  25367945,  1189984,  1532,  30605534,  14804276341,  47536358059,  962810,  19560634,  10775937138,  0,  16500.6,  9372.97,  9914.1,  9572.42,  20,  1
1,  0,  110811,  6194721,  505345,  1386,  16286783,  11241463421,  40242739612,  240497,  5232947,  8157477160,  0,  35410.6,  17214.4,  59.345,  72.625,  17,  1
1,  0,  143355,  6717264,  596332,  2269,  20187323,  10774332451,  51932254728,  237350,  5411855,  7794507854,  0,  35133.8,  32822.7,  60.575,  76.415,  23,  1
1,  0,  66838,  2571243,  238770,  2197,  9250816,  9857940721,  33779992509,  137983,  2134646,  7200668346,  0,  36075.7,  58.19,  49.985,  55.415,  14,  1
0,  1,  21837,  250033,  4307,  2480,  362887,  7333915260,  7959326491,  16669,  160187,  5403603573,  0,  41.53,  36.99,  125.81,  37.68,  3,  1
1,  0,  120154,  6177314,  476135,  1180,  16760753,  11345897780,  37873023563,  231823,  4987439,  8341513509,  0,  35352.5,  4531.74,  52.745,  64.85,  16,  1
1,  0,  3063,  20263,  21047,  2724,  31870,  3624780628,  7330760735,  17,  39,  2652706102,  0,  22291.8,  48.08,  57.05,  53.64,  3,  1
0,  1,  226605,  25459843,  1163864,  2185,  32541075,  14568747348,  55289691040,  929263,  20048755,  10724057092,  0,  16170.7,  21175.2,  13791.4,  10795.3,  24,  1
0,  1,  239130,  27490983,  1236850,  1418,  34079225,  15539739534,  45108741734,  965516,  21551020,  11365734488,  0,  10803.7,  17206.2,  11453.5,  2502.73,  19,  1
0,  1,  240509,  29600979,  1284322,  1296,  36623046,  16200884942,  40404967438,  944558,  23117099,  11688251860,  0,  13528.3,  10286.5,  3302.5,  2748.12,  17,  1
0,  1,  127795,  15415734,  525961,  7246,  19386573,  14985268373,  23188271683,  594999,  12456989,  10975219312,  0,  1430.13,  3913.57,  53.175,  52.495,  9,  1
0,  1,  44114,  2262415,  86577,  4940,  3126011,  11207910749,  13202249671,  164039,  1921726,  8217353230,  0,  558.925,  38.815,  46.95,  733.21,  5,  1
0,  1,  197994,  24970619,  888685,  8794,  30470624,  15525471392,  29279084017,  747031,  20186250,  11301942999,  0,  1313.68,  755.55,  377.69,  6369.32,  12,  1
0,  1,  217954,  28530711,  1161103,  1534,  35522346,  15801494718,  43005355959,  948603,  22625528,  11548479082,  0,  12283.4,  15528,  3377.99,  4989.76,  18,  1
0,  1,  271674,  26804223,  1265681,  1703,  34374932,  15137823206,  52269655433,  963062,  20592992,  11004650500,  0,  21839.9,  17315,  10612.4,  10363.4,  22,  1
1,  0,  125617,  6065111,  486949,  1567,  15931079,  10639516070,  44943060531,  234593,  4964055,  7663134140,  0,  35401.5,  28249.8,  60.065,  74.465,  19,  1
1,  0,  6002,  13348,  14302,  669,  1096922,  5506708909,  18972388776,  3,  45,  4004494755,  0,  34443,  47.875,  56.745,  54.72,  8,  1
1,  0,  7602,  12735,  13194,  765,  1299860,  5694919007,  21323589211,  17,  49,  4135840707,  0,  35416.9,  48.16,  56.91,  54.875,  9,  1
1,  0,  131667,  6600912,  585557,  1510,  17951245,  10737885768,  47339164356,  242417,  5149004,  7811114174,  0,  35341.9,  30490.4,  58.83,  74.215,  20,  1
1,  0,  147288,  7598021,  651735,  1961,  19858780,  11082975233,  51947671381,  257487,  5857444,  8020838864,  0,  35133.4,  32913.5,  60.405,  73.53,  22,  1
0,  1,  203127,  26016059,  1078269,  1262,  31048630,  15706104885,  38116284049,  921430,  20474741,  11441967039,  0,  3730.79,  9836.78,  3411.88,  2792.35,  16,  1
1,  0,  162734,  8262468,  662545,  2074,  19709782,  10290258734,  51610453068,  286189,  6690064,  7489633708,  0,  35716.4,  30131.2,  61.735,  75.335,  24,  1
1,  0,  119125,  6051749,  476145,  1253,  16518112,  10472429216,  42615837795,  232771,  4714425,  7685146834,  0,  35432.5,  24256.8,  62.285,  74.29,  18,  1
1,  0,  9168,  20023,  20193,  912,  1631689,  5721207500,  27482402316,  19,  68,  4166690212,  0,  36515.6,  55.59,  61.49,  57.46,  12,  1
0,  1,  265617,  28723114,  1350065,  1730,  37216865,  16032940378,  49712699035,  1030850,  22209036,  11675018079,  0,  17843.1,  11921,  17539.7,  11377.3,  21,  1
1,  0,  5782,  10274,  10266,  532,  775551,  5270979700,  16604183948,  10,  44,  3820379342,  0,  33040.8,  47.97,  56.59,  54.785,  7,  1
0,  1,  64402,  4717786,  120296,  4900,  5748888,  12981467393,  15868903226,  236817,  3673345,  9535425200,  0,  138.325,  150.295,  39.565,  1365.12,  6,  1
0,  1,  86833,  7702310,  278767,  5906,  8833642,  14260918795,  18509859421,  388871,  6104899,  10326123448,  0,  2207.46,  101.07,  73.16,  41.18,  7,  1
1,  0,  2481,  16291,  15649,  2265,  27515,  2567930447,  5252899215,  6,  8,  1881351826,  0,  15055.4,  44.55,  54.435,  52.4,  2,  1
0,  1,  14848,  29904,  5529,  1836,  48084,  4913832121,  5295385144,  3909,  38219,  3604270918,  0,  73.125,  47.745,  36.26,  39.26,  2,  1
1,  0,  9614,  15499,  16258,  720,  1367082,  5871216317,  26028645064,  13,  80,  4260861667,  0,  36276.5,  49.45,  57.075,  54.36,  11,  1
1,  0,  29867,  8473,  8303,  299,  48498,  15245120695,  9531044405,  6,  43,  11166516626,  0,  17432.9,  44.885,  53.985,  52.415,  4,  1
0,  1,  34733,  33490,  20564,  2694,  71142,  16371574333,  10606793994,  1118,  10251,  12015391024,  0,  4695.76,  4529.99,  4530.36,  4553.17,  4,  1
0,  1,  107973,  1059577,  51852,  1966,  1300893,  54698928736,  35841486091,  292443,  730176,  40058711165,  0,  17498.2,  16553.4,  16599.5,  12740.8,  15,  1
0,  1,  151347,  2438532,  99920,  1887,  2948729,  77894156794,  54474250230,  867139,  1453612,  57114278788,  0,  23226.5,  23803.5,  23154.1,  20445.4,  23,  1
0,  1,  97001,  527332,  48125,  4252,  674681,  48741895025,  31612983554,  127810,  387240,  35743013287,  1,  17408.6,  12890,  12927.4,  12979,  13,  1
1,  0,  36556,  12071,  11856,  315,  73756,  18750660783,  11881968970,  6,  21,  13786901948,  0,  21523.2,  47.28,  55.815,  53.83,  5,  1
0,  1,  85085,  410987,  51825,  5795,  574778,  41857267485,  27340043797,  84036,  284886,  30703225193,  0,  13346.7,  12894.1,  12895.8,  8902.83,  11,  1
1,  0,  86067,  100262,  43907,  2369,  371905,  41808341468,  35804385774,  5335,  50432,  30622123167,  0,  34842.8,  13008,  55.46,  71.77,  15,  1
1,  0,  154526,  508198,  91042,  1612,  2224790,  56595195636,  49644352177,  130749,  283774,  41534443944,  0,  34550.5,  30616.2,  60.44,  72.945,  21,  1
0,  1,  78576,  306804,  44405,  5257,  435401,  38465242371,  25206561606,  63622,  217816,  28308124847,  0,  13297.1,  12971.5,  8930.36,  8963.05,  10,  1
0,  1,  106167,  739966,  53168,  3411,  865764,  51742698203,  33712560472,  188624,  499304,  37940169769,  0,  16784,  16686.5,  13436.4,  12892,  14,  1
1,  0,  70596,  54248,  37095,  1456,  221218,  34640872709,  31104155896,  183,  15025,  25356414422,  0,  34906.6,  4602.26,  52.175,  71.13,  13,  1
0,  1,  65218,  261609,  48932,  6580,  326850,  31844448028,  20987573924,  45158,  178093,  23356789599,  0,  8986.21,  9029.02,  9330.9,  9049.67,  8,  1
1,  0,  41569,  15996,  15669,  515,  91687,  21698292413,  14264301761,  13,  39,  15890693305,  0,  24819.4,  47.615,  55.94,  53.83,  6,  1
1,  0,  57060,  28879,  28722,  787,  157549,  28912122477,  23711935384,  12,  55,  21170453169,  0,  33064.2,  49.225,  62.06,  60.105,  10,  1
0,  1,  137149,  1830411,  86261,  1547,  2225198,  69895884610,  47617030793,  632989,  1091029,  51229126600,  0,  21323,  19980.1,  19684.3,  20104,  20,  1
1,  0,  125038,  402492,  65519,  1354,  1497336,  47748622778,  40239205718,  90806,  246222,  35148371273,  0,  34708.9,  20321.7,  58.9,  74.395,  17,  1
1,  0,  156486,  551279,  92743,  1907,  2527352,  59099872629,  54406929680,  130652,  325972,  43300761616,  0,  34550.6,  33464.2,  62.25,  78.585,  23,  1
1,  0,  76925,  69207,  38642,  1911,  269214,  38458710857,  33663758064,  724,  27142,  28134283588,  0,  34868.4,  9092.69,  143.66,  132.38,  14,  1
0,  1,  25938,  23574,  16797,  2082,  49246,  12383772436,  7952647146,  362,  5240,  9086708979,  0,  4599.99,  4568.53,  4685.78,  49.005,  3,  1
1,  0,  105282,  307175,  51884,  1364,  1106745,  41725714996,  34931487097,  64394,  179020,  30537751551,  4,  34803.9,  16886.9,  62.345,  71.34,  16,  1
1,  0,  24132,  23459,  22864,  2689,  64619,  11511415500,  7345826789,  4,  38,  8438228412,  0,  13117.4,  42.41,  51.685,  51.25,  3,  1
0,  1,  151021,  2616817,  102260,  1843,  3140986,  78892723291,  56868592711,  990416,  1497536,  57837103353,  0,  24292.1,  22490.1,  22733.5,  22734.2,  24,  1
0,  1,  132367,  1479378,  64472,  1410,  1806007,  67161141316,  45126331044,  501924,  923398,  49267588829,  0,  20291.5,  20153.7,  20263.4,  17455,  19,  1
0,  1,  118382,  1438017,  64448,  1384,  1724673,  60611635831,  40424910586,  455944,  898374,  44432583295,  0,  20391.7,  16337.2,  16769.7,  17049.1,  17,  1
0,  1,  72584,  326499,  54959,  6502,  434836,  35137256943,  23092039106,  57502,  210041,  25814247516,  0,  13638.9,  9050.24,  9032.85,  9067.07,  9,  1
0,  1,  45037,  70742,  46138,  3713,  123913,  19812415960,  12971773765,  865,  16229,  14514075640,  0,  9181.78,  4507.77,  4000.22,  4532.84,  5,  1
0,  1,  88456,  564049,  59100,  5735,  703529,  44470155052,  28850603328,  116117,  403978,  32517720222,  0,  12890.3,  12964,  12962.2,  13451.3,  12,  1
0,  1,  126554,  1481348,  65295,  1572,  1810202,  63463396209,  42508538172,  475462,  913977,  46545728087,  0,  21395.7,  20152.1,  16288.9,  16394,  18,  1
0,  1,  145231,  2269540,  93636,  1766,  2746979,  74226763158,  52131932108,  814327,  1334896,  54555986187,  0,  23949.2,  22940.9,  20286,  19690.1,  22,  1
1,  0,  143685,  447292,  75020,  1483,  1855503,  52976954323,  44937017219,  117408,  254156,  38900953631,  0,  34634.9,  26388.5,  60.125,  74.33,  19,  1
1,  0,  50400,  22094,  21515,  599,  127389,  25945974138,  18974837990,  12,  21,  19060041299,  0,  29719.6,  47.98,  58.395,  60.405,  8,  1
1,  0,  54458,  24926,  25603,  740,  144879,  27486119534,  21313576140,  16,  35,  20182126871,  0,  31661.6,  78.13,  80.25,  73.385,  9,  1
1,  0,  149886,  500960,  89209,  1628,  2215947,  54881906345,  47278898604,  131982,  283444,  40258367981,  0,  34575.6,  28655.8,  59.715,  73.665,  20,  1
1,  0,  159446,  517875,  88001,  1732,  2386012,  58026033554,  51999213221,  132414,  302269,  42567227241,  0,  34571,  32227.6,  61.22,  74.025,  22,  1
0,  1,  113335,  1375756,  55304,  1323,  1683393,  57401897615,  38045536971,  418571,  897967,  42186960423,  0,  17537.5,  16465.8,  16435.7,  16504.8,  16,  1
1,  0,  158266,  544593,  91630,  1862,  2609544,  60059652415,  56819306509,  125422,  320363,  43935347789,  0,  34598.5,  34406.4,  58.975,  67.215,  24,  1
1,  0,  137391,  427273,  73322,  1463,  1762931,  50676640007,  42626470913,  109363,  246806,  37132232565,  0,  34638.8,  23657.2,  57.925,  76.58,  18,  1
1,  0,  62490,  35448,  35085,  912,  207225,  30551698162,  28450896621,  6,  20,  22393921034,  0,  34946.4,  48.785,  59.995,  69.015,  12,  1
0,  1,  137848,  2040172,  80738,  1666,  2465620,  71559882011,  49955111166,  729279,  1207836,  52404565923,  0,  24342.9,  19615.5,  19600.9,  19694.5,  21,  1
1,  0,  47247,  18769,  18578,  599,  95887,  23998658360,  16645084952,  12,  23,  17575489478,  0,  27438.7,  48.28,  56.22,  58.77,  7,  1
0,  1,  53876,  97086,  27774,  4046,  163487,  24278239211,  15873402560,  9898,  41524,  17842633108,  0,  9112.83,  9115.66,  4721.74,  4548.93,  6,  1
0,  1,  58474,  108814,  43373,  5435,  170265,  28301189712,  18488136762,  8055,  44865,  20806941702,  0,  9114.69,  9125.8,  9349.42,  4559.61,  7,  1
1,  0,  16919,  21443,  22365,  2820,  47739,  8240751724,  5226254359,  6,  48,  6054022185,  0,  9668.56,  64.64,  67.11,  67.455,  2,  1
0,  1,  16934,  19434,  10954,  1612,  41991,  8254182002,  5305364332,  506,  4946,  6025771244,  0,  4609.75,  4580.5,  47.845,  48.78,  2,  1
1,  0,  60651,  32531,  32027,  899,  183741,  29827492735,  26038692577,  10,  24,  21922192670,  0,  34186.2,  53.735,  57.685,  61.365,  11,  1
