1, 0, 80488144, 454, 153, 22, 102300231, 8203220578, 23906968172, 12, 327, 0, 53.53, 38.45, 45.975, 47.71, 10, 0
1, 0, 80143706, 485, 130, 140, 104645079, 8269896673, 23947967448, 29, 308, 0, 52.605, 38.21, 45.945, 47.49, 10, 0
1, 0, 79492372, 764, 189, 170, 103772705, 8232168551, 23840618358, 21, 180, 0, 53.125, 38.235, 46.125, 47.57, 10, 0
1, 0, 80313465, 501, 170, 130, 103886006, 8201303398, 23868592541, 9, 366, 0, 52.59, 38.015, 45.73, 47.16, 10, 0
1, 0, 80292779, 581, 116, 63, 103567568, 8175711151, 23836745940, 24, 281, 0, 52.555, 37.865, 45.75, 47.07, 10, 0
1, 0, 80391143, 493, 46, 45, 102521192, 8200079847, 23884674952, 0, 189, 0, 52.175, 37.74, 45.51, 46.86, 10, 0
1, 0, 80121859, 631, 336, 162, 103970704, 8231321574, 23881626870, 12, 341, 0, 52.105, 37.79, 45.94, 47.235, 10, 0
1, 0, 79516572, 601, 49, 234, 103618799, 8228032569, 23841658479, 24, 273, 0, 53.2, 38.19, 46.11, 47.445, 10, 0
1, 0, 80226776, 589, 77, 50, 103869289, 8201615505, 23883926001, 15, 363, 0, 52.795, 38.41, 46.125, 47.295, 10, 0
1, 0, 80262373, 593, 287, 45, 103870401, 8227805127, 23954949944, 36, 321, 0, 53.095, 38.295, 46.285, 47.23, 10, 0
1, 0, 80393517, 449, 72, 55, 103109997, 8181167510, 23803474613, 27, 242, 0, 53.135, 38.21, 46.37, 47.185, 10, 0
1, 0, 80224602, 422, 100, 188, 103508339, 8192455255, 23835527740, 9, 399, 0, 53.09, 38.22, 46.275, 47.145, 10, 0
1, 0, 80058731, 648, 79, 206, 103506137, 8244407859, 23874351642, 15, 281, 0, 53.67, 38.23, 46.115, 46.965, 10, 0
1, 0, 78314514, 547, 109, 58, 101788285, 8121829324, 23947911555, 21, 387, 0, 52.64, 38.28, 46.29, 47.205, 10, 0
1, 0, 79969027, 355, 110, 36, 103777390, 8222477828, 23857702752, 18, 294, 0, 52.785, 38.395, 46.535, 47.235, 10, 0
1, 0, 75435540, 943, 499, 121, 101623102, 8193556737, 26152881775, 15, 207, 0, 53.99, 38.76, 46.175, 47.35, 11, 0
1, 0, 75454988, 724, 133, 36, 100359988, 8135280785, 26159617750, 15, 318, 0, 53.295, 38.33, 45.82, 46.775, 11, 0
1, 0, 75805221, 588, 414, 139, 100678975, 8182704776, 26265003927, 12, 341, 0, 54.01, 38.24, 46.225, 47.015, 11, 0
1, 0, 75165830, 817, 326, 190, 101112934, 8207378014, 26304931176, 6, 297, 0, 53.485, 37.665, 45.285, 46.565, 11, 0
1, 0, 74940155, 549, 123, 149, 101145913, 8231323225, 26325465868, 21, 261, 0, 53.08, 37.495, 45.195, 46.5, 11, 0
1, 0, 75291632, 779, 374, 108, 101622501, 8201135328, 26171419480, 3, 291, 0, 52.82, 37.355, 45.13, 46.27, 11, 0
1, 0, 75937564, 838, 268, 58, 100714642, 8169945926, 26262040093, 6, 357, 0, 53.43, 37.93, 45.605, 46.73, 11, 0
1, 0, 75168018, 526, 154, 149, 100521602, 8187169413, 26241631851, 12, 363, 0, 53.265, 37.425, 45.12, 46.42, 11, 0
1, 0, 75200573, 553, 211, 234, 101112002, 8191946012, 26297537945, 18, 404, 0, 53.48, 37.695, 45.405, 46.7, 11, 0
1, 0, 75280695, 714, 228, 112, 100879826, 8201902523, 26276894812, 33, 318, 0, 52.45, 37.445, 44.94, 46.335, 11, 0
1, 0, 74892279, 726, 197, 49, 99785432, 8142736051, 26229028827, 21, 239, 0, 53.335, 37.7, 45.565, 46.91, 11, 0
1, 0, 75307371, 739, 294, 99, 100643516, 8163852207, 26177789974, 6, 398, 1, 60.805, 37.96, 45.085, 46.43, 11, 0
1, 0, 75409415, 614, 152, 175, 101030845, 8215274459, 26249204067, 9, 330, 0, 53.04, 37.525, 45.105, 46.495, 11, 0
1, 0, 75495739, 678, 131, 223, 101221231, 8208964671, 26362246426, 15, 341, 0, 52.99, 37.475, 45.16, 46.605, 11, 0
1, 0, 75290576, 1178, 588, 90, 100946936, 8201723112, 26245588731, 15, 390, 0, 53.155, 37.345, 45.395, 46.725, 11, 0
1, 0, 80305796, 1214, 594, 36, 105948231, 8574783064, 28601068017, 18, 399, 0, 55.995, 38.95, 46.31, 47.405, 12, 0
1, 0, 81038911, 1296, 861, 126, 105435517, 8521595402, 28476313447, 33, 300, 1, 63.1, 38.63, 46.51, 47.355, 12, 0
1, 0, 80714364, 1064, 531, 233, 104745669, 8506852085, 28674177311, 39, 255, 0, 56.505, 38.94, 46.405, 47.755, 12, 0
1, 0, 80463246, 1084, 771, 156, 105792146, 8618747306, 28741708025, 27, 336, 0, 55.915, 38.83, 46.53, 47.25, 12, 0
1, 0, 80042775, 722, 253, 63, 106251746, 8584401285, 28676404663, 30, 254, 0, 55.22, 38.55, 45.94, 46.965, 12, 0
1, 0, 80281844, 606, 297, 54, 105955994, 8573937964, 28606944039, 21, 300, 0, 55.15, 38.415, 46.325, 47.5, 12, 0
1, 0, 81022211, 1057, 650, 162, 105521363, 8534747593, 28470016231, 9, 345, 0, 54.725, 38.235, 45.865, 46.885, 12, 0
1, 0, 80718656, 831, 274, 256, 104781217, 8502052840, 28664928437, 27, 327, 0, 55.24, 38.495, 46.05, 47.055, 12, 0
1, 0, 80519027, 745, 292, 98, 105709525, 8622278980, 28754078504, 36, 342, 0, 55.14, 38.405, 45.915, 47.06, 12, 0
1, 0, 80080548, 1030, 682, 44, 106338809, 8588067311, 28678123200, 24, 332, 0, 55.09, 38.17, 45.985, 47.045, 12, 0
1, 0, 80218962, 633, 310, 46, 105912451, 8566978182, 28607455512, 6, 198, 0, 54.905, 38.5, 46.13, 47.265, 12, 0
1, 0, 80410827, 716, 384, 216, 104049519, 8485380078, 28465465861, 24, 252, 1, 56.935, 38.98, 46.425, 47.56, 12, 0
1, 0, 80845278, 893, 234, 220, 104852529, 8497612513, 28654862022, 15, 354, 0, 54.875, 39.075, 46.965, 47.365, 12, 0
1, 0, 80522368, 712, 340, 104, 105581194, 8613976482, 28763733758, 15, 378, 0, 55.135, 39.14, 46.63, 47.765, 12, 0
1, 0, 78878021, 1285, 655, 31, 104469951, 8482222022, 28400739359, 18, 310, 0, 54.715, 38.75, 46.16, 47.28, 12, 0
1, 0, 54108234, 5782351, 2669, 11634, 84770071, 7875936328, 31311637196, 43076, 5729450, 2, 1650.17, 84.045, 39.04, 47.095, 13, 0
1, 0, 53859412, 5771813, 2582, 11874, 85724858, 7896716612, 31343199373, 44102, 5744652, 1, 1650.38, 84.43, 39.06, 47.765, 13, 0
1, 0, 53646980, 5784601, 2415, 11164, 85490869, 7891995655, 31276072585, 44684, 5732417, 0, 1649.59, 93.355, 39.355, 48.055, 13, 0
1, 0, 54116631, 5785196, 2631, 11732, 85389348, 7866033226, 31212750922, 44693, 5717879, 0, 1654.53, 76.17, 39.285, 47.935, 13, 0
1, 0, 54209147, 5795360, 2590, 11342, 85178379, 7854662300, 31257812587, 43805, 5738387, 0, 1657.81, 70.59, 39.065, 47.285, 13, 0
1, 0, 53268559, 5747141, 2384, 11697, 83098389, 7822735300, 31339815385, 43805, 5681892, 0, 1657.11, 70.485, 38.975, 47.075, 13, 0
1, 0, 53941836, 5746680, 2713, 11661, 85702382, 7900015019, 31393208549, 44339, 5735004, 0, 1658.06, 70.705, 39.215, 47.25, 13, 0
1, 0, 53618621, 5749330, 2741, 10503, 85536863, 7895319162, 31260227380, 44645, 5717471, 0, 1657.59, 70.485, 39.31, 47.58, 13, 0
1, 0, 54040809, 5786157, 2208, 10861, 85418760, 7860159682, 31162734883, 44912, 5718113, 0, 1652.53, 80.91, 39.245, 47.505, 13, 0
1, 0, 54107351, 5799325, 2418, 11592, 85032026, 7848031082, 31251619635, 43082, 5729514, 0, 1648.77, 85.485, 39.04, 46.96, 13, 0
1, 0, 54046673, 5773191, 2381, 12179, 84608286, 7865185821, 31335795868, 42242, 5729881, 0, 1648.67, 85.22, 38.95, 46.955, 13, 0
1, 0, 52348606, 5634358, 2551, 11944, 83873237, 7853668729, 31379966104, 43079, 5627226, 4, 1650.24, 85.025, 38.74, 46.915, 13, 0
1, 0, 54006531, 5745137, 2363, 11167, 85857619, 7942808036, 31481327322, 43517, 5784915, 0, 1654.38, 77.265, 38.66, 46.865, 13, 0
1, 0, 53575475, 5766330, 2270, 10920, 85891705, 7898203659, 31214550881, 44579, 5656936, 0, 1654, 76.29, 37.975, 46.96, 13, 0
1, 0, 54367583, 5809328, 2316, 11971, 85503429, 7840077975, 31119308802, 42506, 5681498, 0, 1650.75, 76.33, 37.75, 46.945, 13, 0
1, 0, 54363175, 5808920, 5342, 11973, 83969743, 7784277271, 31246126704, 43022, 5737448, 0, 1652.95, 76.145, 37.83, 46.83, 13, 0
1, 0, 46693121, 12892769, 11251, 12463, 77430170, 6781237175, 33816281656, 162736, 12826847, 1, 3966.72, 804.675, 38.885, 47.055, 14, 0
1, 0, 46056285, 12917925, 10186, 12022, 77245999, 6865620716, 34086097059, 162295, 12696757, 0, 3980.68, 803.965, 38.885, 47.46, 14, 0
1, 0, 46117271, 12912755, 10446, 12589, 78646931, 6877592815, 33969261630, 163538, 12818251, 0, 3981.91, 797.2, 39.025, 47.055, 14, 0
1, 0, 47303187, 12443447, 9591, 14071, 79916475, 7120231172, 33919539795, 181947, 12259546, 2, 4106.02, 604.12, 38.955, 46.93, 14, 0
1, 0, 49620949, 13547292, 9018, 13435, 83173556, 7407619715, 33823901371, 216394, 13330279, 0, 4798.96, 146.325, 38.74, 47.005, 14, 0
1, 0, 49591864, 13446369, 8825, 12954, 82253064, 7331556805, 33791117834, 217017, 13357729, 0, 4792.59, 146.43, 38.775, 47.155, 14, 0
1, 0, 49497239, 13627669, 8648, 13572, 82578353, 7441566100, 34071660189, 216187, 13282013, 1, 4800.48, 146.595, 38.57, 46.795, 14, 0
1, 0, 49189834, 13472257, 8860, 14453, 83333684, 7441058155, 33992525680, 218257, 13325080, 0, 4813.82, 128.785, 38.135, 46.87, 14, 0
1, 0, 48827787, 13566352, 8363, 14723, 82876893, 7412532936, 33937408861, 217661, 13326055, 0, 4824.1, 120.895, 38.12, 46.695, 14, 0
1, 0, 48728116, 13450096, 8813, 13550, 82833129, 7397608312, 33829483782, 214336, 13204502, 0, 4802.86, 127.965, 38.52, 47.21, 14, 0
1, 0, 48184313, 13284662, 8457, 13800, 80707825, 7265209012, 33813087619, 214211, 13184008, 1, 4807.59, 133.175, 38.835, 47.17, 14, 0
1, 0, 49419236, 13544441, 8083, 12446, 82171105, 7413616081, 34053267196, 214034, 13211937, 0, 4792.05, 132.615, 38.44, 47.39, 14, 0
1, 0, 49463795, 13504900, 9552, 14342, 83323231, 7437961897, 34003420195, 217389, 13345688, 0, 4799.9, 137.68, 38.53, 47.38, 14, 0
1, 0, 48990244, 13589691, 8198, 14956, 83227640, 7429268059, 34029508642, 216282, 13355625, 0, 4791.04, 147.16, 38.76, 47.48, 14, 0
1, 0, 33341496, 12825810, 13037, 21763, 65043837, 6588460885, 36111090260, 173611, 12695416, 0, 4276.59, 1038.01, 38.735, 47.69, 15, 0
1, 0, 33364827, 12656707, 12579, 21607, 65547216, 6620732676, 36182890783, 171242, 12652562, 0, 4273, 1037.18, 38.83, 47.74, 15, 0
1, 0, 33020921, 12745654, 12850, 21593, 65111033, 6536797651, 36066307144, 168610, 12411171, 0, 4375.64, 962.155, 38.695, 47.665, 15, 0
1, 0, 33619711, 12820893, 12599, 21778, 65101372, 6582164245, 36113334484, 170109, 12659736, 0, 4444.4, 911.48, 39.335, 48.415, 15, 0
1, 0, 33302530, 12713809, 12237, 21677, 65236731, 6556512285, 36079462595, 168787, 12499982, 0, 4436.19, 922.475, 38.745, 47.915, 15, 0
1, 0, 37245075, 13203260, 9414, 21646, 69974615, 6703186467, 35946290846, 168748, 12946306, 0, 4732.15, 502.2, 38.085, 47.58, 15, 0
1, 0, 37139561, 13050211, 7752, 21993, 68872681, 6661658059, 35994558980, 166910, 12880066, 2, 4990.02, 116.81, 37.87, 47.335, 15, 0
1, 0, 37792587, 13187902, 8510, 22724, 70889618, 6698715309, 36067256237, 170892, 13087797, 0, 5018.92, 100.47, 38.55, 47.71, 15, 0
1, 0, 38079413, 13127512, 7660, 21459, 70795672, 6757938180, 36104320791, 170538, 13024272, 2, 5026.7, 89.28, 38.465, 47.305, 15, 0
1, 0, 38005996, 13211654, 9080, 22609, 70992535, 6701719045, 35975916784, 169014, 12960050, 0, 5034.47, 96.13, 38.44, 47.59, 15, 0
1, 0, 38038765, 13301652, 7790, 21815, 70758815, 6741858358, 36182675195, 173040, 13121409, 0, 5029.44, 89.01, 38.325, 47.405, 15, 0
1, 0, 38092713, 13191786, 8888, 21829, 71205350, 6754789525, 36074173461, 169424, 12997546, 0, 5031.6, 96.085, 48.17, 69.14, 15, 0
1, 0, 37872022, 13240758, 7568, 22405, 70978270, 6695958828, 36010305507, 169216, 13065003, 0, 5023.85, 90.56, 38.875, 48.37, 15, 0
1, 0, 37790402, 13216933, 7962, 21772, 70214818, 6720295507, 35941124755, 169099, 12955302, 0, 5006.93, 89.565, 38.5, 47.335, 15, 0
1, 0, 38215262, 13074174, 7654, 21856, 70903760, 6697642170, 35939507329, 169255, 13094818, 0, 5022.66, 90.085, 38.98, 47.51, 15, 0
1, 0, 40962614, 16110130, 15684, 18866, 76411798, 7162441470, 38322635975, 268913, 15837771, 0, 5587.72, 432.925, 39.295, 51.725, 16, 0
1, 0, 41313732, 15963959, 14085, 19609, 76349208, 7160532536, 38303132421, 265598, 15781787, 1, 5567.47, 431.105, 37.63, 46.27, 16, 0
1, 0, 40886653, 16093998, 15110, 19577, 75631814, 7068625290, 38258731545, 262596, 15721590, 0, 5764.14, 305.695, 40.17, 50.02, 16, 0
1, 0, 40985892, 16166404, 15842, 18973, 75349133, 7114459669, 38108676215, 260762, 15747343, 0, 5854.98, 237.055, 39.05, 47.07, 16, 0
1, 0, 40997851, 16065352, 14345, 19091, 75576204, 7081020980, 37944604082, 263853, 15851712, 0, 5846.71, 235.455, 37.685, 46.445, 16, 0
1, 0, 40400404, 16084766, 13793, 19357, 75463292, 7109507446, 38228245452, 262894, 15838494, 0, 5888.57, 213.74, 40.505, 47.05, 16, 0
1, 0, 40945590, 16010712, 14853, 19005, 75717279, 7127892762, 38340329894, 261847, 15813445, 0, 5904.65, 204.16, 38.66, 46.36, 16, 0
1, 0, 40554245, 16030210, 16864, 19524, 75013134, 7065015325, 38335893617, 262883, 15772202, 0, 5925.23, 205.52, 41.315, 49.79, 16, 0
1, 0, 40678364, 16138380, 14540, 19878, 75467671, 7139740848, 38208868436, 261145, 15704021, 1, 5882.65, 206.17, 38.065, 46.805, 16, 0
1, 0, 40691687, 16075032, 15321, 19381, 75809880, 7088101557, 37914864201, 264119, 15815309, 0, 5893.94, 204.085, 39.665, 48.51, 16, 0
1, 0, 40492062, 16110440, 13673, 18920, 75225801, 7099078951, 38128136147, 265440, 15810612, 0, 5889.98, 205.34, 38.805, 46.7, 16, 0
1, 0, 40930515, 15977270, 13892, 19021, 75514265, 7113826374, 38274348982, 262409, 15811366, 0, 5883.08, 204.14, 38.045, 46.44, 16, 0
1, 0, 40629215, 15983021, 14131, 19326, 75494017, 7075005792, 38336657696, 264537, 15767699, 0, 5890.85, 203.875, 39.005, 46.76, 16, 0
1, 0, 40851444, 16193663, 14921, 19547, 75261224, 7130031562, 38328622609, 266476, 15919386, 0, 5893.77, 204.125, 38.4, 45.905, 16, 0
1, 0, 40641939, 16072567, 14745, 19262, 75931892, 7140122387, 38184141771, 263337, 15682665, 0, 5884.18, 205.175, 38.72, 46.465, 16, 0
1, 0, 32544279, 15811324, 17514, 25592, 66963717, 6762942172, 40633180122, 264407, 15443658, 0, 4800.15, 1371.07, 40.24, 49.055, 17, 0
1, 0, 32441770, 15839059, 15836, 25580, 67404104, 6751034160, 40529211160, 264440, 15522651, 0, 4794.84, 1369.64, 39.75, 47.83, 17, 0
1, 0, 32665666, 15848734, 17705, 24787, 67229913, 6764569973, 40505741993, 264819, 15540290, 0, 4679.72, 1457.76, 39.485, 48.055, 17, 0
1, 0, 32930874, 15745294, 17261, 25210, 67523479, 6769291224, 40565921531, 266563, 15536225, 0, 4476.26, 1598.51, 39.54, 48.1, 17, 0
1, 0, 32946794, 15746946, 16168, 25319, 67498961, 6788158709, 40574093155, 266584, 15516689, 0, 4386.11, 1673.04, 39.435, 47.52, 17, 0
1, 0, 33131773, 15833062, 16870, 24734, 67639295, 6820869233, 40627980452, 266186, 15438995, 0, 4218.41, 1793.74, 39.735, 47.835, 17, 0
1, 0, 32981432, 15812642, 17131, 24778, 68183806, 6827103431, 40531937606, 267281, 15489767, 0, 4086.62, 1896.88, 40.22, 48.72, 17, 0
1, 0, 33147908, 15820468, 18114, 24194, 67817904, 6813635764, 40510046839, 267752, 15500472, 0, 4070.2, 1912.65, 40.065, 48.27, 17, 0
1, 0, 33300561, 15763867, 16917, 23546, 67972722, 6810443921, 40570601532, 267616, 15483600, 0, 3919.18, 2029.68, 39.955, 50.3, 17, 0
1, 0, 33326225, 15667877, 16725, 24301, 67948525, 6824708788, 40611033808, 268801, 15473068, 0, 3919.08, 2031.26, 39.735, 47.83, 17, 0
1, 0, 33379840, 15797905, 18238, 24211, 67767022, 6847047797, 40631040078, 268263, 15398585, 0, 3922.1, 2030.99, 40.915, 49.84, 17, 0
1, 0, 32977650, 15864912, 23527, 24134, 68043120, 6854410360, 40515035118, 278142, 15540596, 0, 4288.36, 2188.74, 85.92, 74.005, 17, 0
1, 0, 33440212, 15793237, 17572, 22839, 68156119, 6858103378, 40591641355, 272423, 15501383, 0, 3904.44, 2172.57, 108.815, 134.675, 17, 0
1, 0, 33445311, 15814278, 17657, 22960, 68231273, 6831091540, 40538300120, 275143, 15510299, 1, 3744.08, 2171.52, 40.555, 49.165, 17, 0
1, 0, 33520967, 15610771, 20345, 23226, 68011064, 6841273221, 40531147288, 273185, 15458723, 0, 3655.97, 2240.39, 39.935, 48.6, 17, 0
1, 0, 41346812, 17130125, 17157, 28029, 78337346, 7286925812, 42999895305, 277663, 16739304, 0, 4653.97, 1382.49, 39.575, 48.065, 18, 0
1, 0, 41517591, 17225972, 16483, 27744, 77874178, 7260706001, 42805055713, 275941, 16757249, 0, 4648.82, 1379.88, 39.14, 47.74, 18, 0
1, 0, 42126444, 17274299, 19998, 27463, 77633161, 7230416973, 42815924442, 280098, 16895337, 1, 4506.36, 1489.9, 39.43, 47.575, 18, 0
1, 0, 42158801, 17143041, 18592, 27077, 77755116, 7282351094, 43005159481, 283163, 16967709, 0, 4293.62, 1638.2, 39.24, 47.195, 18, 0
1, 0, 41756206, 16872270, 17401, 26905, 77541824, 7308155432, 43093800756, 279704, 16671831, 0, 4223.84, 1681.62, 39.36, 47.555, 18, 0
1, 0, 41965889, 17105812, 19068, 27002, 78990171, 7345789175, 43154765113, 283482, 16736042, 0, 4088.59, 1788.95, 39.09, 47.325, 18, 0
1, 0, 42054591, 17212828, 17632, 26449, 78539380, 7317903415, 42767137420, 282351, 16766710, 0, 3984.37, 1860.26, 39.305, 47.71, 18, 0
1, 0, 42715516, 17235448, 19628, 26390, 78250939, 7272393773, 42757462645, 284102, 16850355, 2, 3947.68, 1889.22, 38.725, 47.34, 18, 0
1, 0, 43244867, 17269565, 18132, 25426, 79100368, 7371916927, 43267063860, 289772, 17009030, 0, 3746.11, 2042.6, 38.895, 47.245, 18, 0
1, 0, 42755206, 17028378, 17815, 26290, 78472782, 7356121281, 43055716562, 286968, 16907415, 0, 3747.97, 2032.7, 38.42, 46.975, 18, 0
1, 0, 41883898, 17007403, 19461, 26383, 78609696, 7352540307, 43084584753, 285671, 16657374, 0, 3740.52, 2030.88, 38.61, 47.365, 18, 0
1, 0, 41969485, 17072185, 19123, 26111, 79082380, 7385114055, 43143056150, 283711, 16653087, 0, 3521.7, 2192.26, 38.48, 46.955, 18, 0
1, 0, 42784151, 17238677, 18853, 25985, 79062092, 7343068033, 42862711198, 285799, 16806121, 0, 3522.15, 2195.27, 38.51, 47.435, 18, 0
1, 0, 43021734, 17145054, 20174, 25424, 78369267, 7327505593, 42925291213, 288236, 16855350, 1, 3484.78, 2227.7, 38.66, 47.175, 18, 0
1, 0, 43042301, 16966350, 19561, 25486, 78616279, 7372023708, 43040382800, 288126, 16858592, 0, 3360.94, 2314.09, 38.605, 47.655, 18, 0
1, 0, 33771074, 17813023, 20151, 29134, 69091048, 6615160622, 45179831834, 303571, 17415746, 0, 5293.64, 841.385, 38.94, 47.255, 19, 0
1, 0, 32929249, 17472095, 18403, 28029, 67812587, 6629747318, 45439901210, 300595, 17167343, 0, 5292.65, 839.93, 39.21, 47.37, 19, 0
1, 0, 34203322, 17546003, 21891, 27961, 70269387, 6747895091, 45417246942, 315676, 17545802, 0, 5050.09, 1018.79, 38.96, 47.41, 19, 0
1, 0, 34315051, 17836316, 21719, 26669, 70965919, 6762613955, 45423747956, 314905, 17407731, 0, 4729.64, 1297.14, 38.8, 47.335, 19, 0
1, 0, 34302474, 17693882, 19985, 26478, 70887604, 6757256574, 45308022742, 313875, 17329181, 0, 4597.61, 1410.53, 39.08, 47.5, 19, 0
1, 0, 34562842, 17530806, 22570, 26501, 70333819, 6703153831, 45251713315, 310083, 17155521, 0, 4405.97, 1572.36, 39.32, 47.63, 19, 0
1, 0, 34950918, 17799187, 21051, 26033, 70455285, 6743121273, 45396830794, 313979, 17394366, 0, 4248.03, 1716.74, 38.89, 47.27, 19, 0
1, 0, 34803155, 17513147, 23193, 25846, 70377824, 6763176669, 45326483217, 316258, 17361958, 2, 4220.18, 1752.38, 39.265, 47.465, 19, 0
1, 0, 34809486, 17624647, 22466, 25705, 71470688, 6811020133, 45385478775, 317743, 17325117, 0, 3933.76, 1976.8, 39.355, 47.2, 19, 0
1, 0, 34901439, 17616747, 22747, 25943, 71601309, 6822186685, 45417339204, 316011, 17249211, 0, 3938.23, 1979.04, 39.3, 47.585, 19, 0
1, 0, 35239519, 17728835, 23458, 25366, 71357818, 6769557266, 45211095886, 312434, 17270763, 0, 3938.74, 1977.85, 39.235, 47.41, 19, 0
1, 0, 35333321, 17732932, 22335, 25298, 70634783, 6733477063, 45341728859, 313613, 17304914, 0, 3777.74, 2135.41, 39.06, 47.07, 19, 0
1, 0, 35367850, 17565756, 23036, 25486, 70729856, 6793618745, 45421884050, 316893, 17366069, 0, 3769.7, 2150.91, 38.915, 47.005, 19, 0
1, 0, 34981946, 17523870, 23381, 25449, 71265806, 6807860173, 45386724727, 319055, 17293853, 0, 3767.78, 2149.13, 38.83, 47.02, 19, 0
1, 0, 34790196, 17569127, 22861, 24937, 71526014, 6812172902, 45363379195, 315815, 17204472, 0, 3769.28, 2151.83, 38.825, 46.81, 19, 0
1, 0, 28129553, 210, 27, 0, 38458466, 3573168533, 5276239092, 0, 33, 0, 50.49, 36.575, 45.595, 46.835, 2, 0
1, 0, 28189697, 104, 26, 50, 38693559, 3546937535, 5223420201, 3, 150, 0, 50.165, 36.78, 45.81, 46.91, 2, 0
1, 0, 28505362, 140, 5, 0, 37712439, 3484036734, 5221515747, 3, 111, 0, 50.22, 36.53, 45.29, 46.545, 2, 0
1, 0, 28697934, 107, 13, 58, 37845631, 3569579802, 5251484748, 0, 51, 0, 49.93, 36.6, 45.5, 46.45, 2, 0
1, 0, 28459821, 161, 14, 0, 38342306, 3535466590, 5221908840, 0, 54, 1, 50.455, 36.9, 46.075, 46.79, 2, 0
1, 0, 28268047, 167, 4, 27, 38593593, 3571519930, 5272514556, 0, 30, 0, 51.63, 36.64, 45.47, 46.725, 2, 0
1, 0, 27677191, 166, 0, 22, 38534966, 3556105414, 5246423178, 6, 66, 0, 49.93, 36.67, 45.21, 46.505, 2, 0
1, 0, 28729763, 86, 4, 22, 38558185, 3575499824, 5253397536, 3, 108, 0, 49.825, 36.44, 45.32, 46.28, 2, 0
1, 0, 28430307, 94, 14, 23, 37997196, 3456301203, 5122360053, 0, 123, 0, 50.075, 36.295, 45.025, 46.27, 2, 0
1, 0, 28409070, 120, 9, 0, 37176234, 3491485854, 5146249008, 9, 24, 0, 50.135, 36.42, 45.405, 46.47, 2, 0
1, 0, 28341127, 95, 9, 54, 38177636, 3539245753, 5201419203, 0, 75, 0, 50.125, 36.395, 45.29, 46.35, 2, 0
1, 0, 27956064, 188, 9, 0, 38856665, 3570123444, 5267075922, 0, 48, 0, 49.995, 36.24, 45.18, 46.26, 2, 0
1, 0, 28372378, 184, 9, 22, 38426067, 3549894093, 5234808525, 3, 39, 0, 50.08, 36.145, 45.2, 46.185, 2, 0
1, 0, 28684976, 126, 13, 23, 38269258, 3522669523, 5214076707, 0, 138, 0, 49.835, 36.235, 45.34, 46.235, 2, 0
1, 0, 28720244, 171, 10, 0, 37564853, 3509653389, 5191418415, 0, 129, 0, 50.395, 36.435, 45.45, 46.44, 2, 0
1, 0, 39578773, 18352985, 20861, 33758, 77312323, 7253197732, 47734207472, 314569, 17960613, 0, 4632.95, 1568.39, 40.065, 47.915, 20, 0
1, 0, 39328689, 18423678, 18866, 33185, 76541531, 7183276638, 47553640793, 313047, 17983656, 0, 4641.74, 1568.45, 39.91, 48.1, 20, 0
1, 0, 39649749, 18433662, 22565, 33586, 76936807, 7248399657, 47738841637, 314612, 18085190, 0, 4624.99, 1573.55, 39.9, 48.085, 20, 0
1, 0, 39883598, 18326681, 22212, 32945, 77194715, 7247118788, 47744519332, 320379, 18074479, 0, 4417.63, 1733.76, 39.4, 47.97, 20, 0
1, 0, 39618092, 18066958, 20418, 31368, 76832200, 7290003612, 47907251007, 318012, 17799774, 0, 4048.69, 1998.48, 38.8, 47.605, 20, 0
1, 0, 40033840, 18255862, 25078, 30892, 78068642, 7370086007, 47786383102, 340712, 17804653, 1, 4313.22, 1791.56, 39.69, 47.83, 20, 0
1, 0, 39929680, 18313274, 23015, 29258, 77255212, 7318639243, 47509551296, 352164, 17780753, 0, 4832.24, 1369.53, 38.875, 47.115, 20, 0
1, 0, 40136698, 18253422, 24312, 30799, 77053867, 7378989722, 47743536671, 352498, 17879948, 1, 4829.7, 1368.03, 38.935, 47.115, 20, 0
1, 0, 39933707, 18086874, 24489, 29756, 77362368, 7365506060, 47861428563, 351002, 17881308, 0, 4813.69, 1386.38, 39.15, 47.32, 20, 0
1, 0, 39632356, 18103539, 23639, 29888, 77585713, 7401449963, 47840649518, 350347, 17769735, 0, 4811.72, 1393.39, 38.95, 47.515, 20, 0
1, 0, 39065298, 17957890, 25532, 30037, 76552987, 7342287061, 47701863926, 343711, 17481103, 0, 4800.27, 1390.89, 39.07, 47.09, 20, 0
1, 0, 40048215, 18285969, 23952, 29094, 77373940, 7330546605, 47508984948, 353329, 17759966, 0, 4727.03, 1449.59, 39.37, 47.21, 20, 0
1, 0, 39881283, 18039441, 24029, 29825, 76275283, 7356337168, 47821547314, 350062, 17618769, 0, 4709.77, 1469.86, 39.08, 47.59, 20, 0
1, 0, 40048125, 18108460, 23924, 30035, 77445117, 7369130534, 47764930594, 354527, 17901914, 0, 4693.2, 1468.89, 38.985, 47.565, 20, 0
1, 0, 38837625, 17754538, 23339, 29873, 76417175, 7365858684, 47852859697, 347609, 17543709, 0, 4691.18, 1468.55, 38.915, 47.08, 20, 0
1, 0, 31304299, 21579450, 24809, 43467, 72690266, 7297020745, 50054760888, 362839, 21096894, 0, 5849.42, 1439.34, 39.305, 47.715, 21, 0
1, 0, 32203689, 21506100, 29737, 42887, 74240344, 7442066558, 50256931429, 373184, 21237462, 0, 5491.62, 1796.3, 39.995, 50.07, 21, 0
1, 0, 32403886, 21596563, 31122, 40838, 74366642, 7393734377, 50144812418, 376160, 21261125, 0, 5023.39, 2212.4, 38.985, 47.625, 21, 0
1, 0, 32382581, 21733312, 30007, 40261, 74471809, 7465413948, 50186214556, 373773, 21192422, 0, 4860.97, 2359.14, 39.475, 52.28, 21, 0
1, 0, 32867706, 21719026, 33150, 38842, 75414088, 7474669905, 49965931650, 375523, 21329381, 0, 4570.43, 2613.31, 39.345, 48.105, 21, 0
1, 0, 32722464, 21855013, 33015, 37930, 75160562, 7478098844, 50035326413, 379010, 21358929, 1, 4384.78, 2778.47, 39.24, 48.945, 21, 0
1, 0, 33467591, 21664313, 35617, 36793, 75556392, 7513062284, 50171472154, 379220, 21248685, 0, 4087.86, 3111.14, 38.865, 47.8, 21, 0
1, 0, 33328356, 21654138, 33764, 35220, 75817389, 7486412487, 50209441660, 380885, 21308660, 0, 3965.8, 3235.16, 38.52, 47.415, 21, 0
1, 0, 33227186, 21784435, 36390, 36037, 75135777, 7508023549, 50156004957, 380753, 21143055, 0, 3970.69, 3236.49, 38.69, 48.395, 21, 0
1, 0, 33390087, 21644786, 34713, 36752, 75897430, 7509075488, 50059612924, 381285, 21294393, 0, 3966.78, 3236.43, 37.715, 46.75, 21, 0
1, 0, 32791044, 21531350, 33737, 35830, 74903414, 7467942178, 50034315101, 378406, 21160833, 0, 3972.44, 3235.05, 38.86, 62.77, 21, 0
1, 0, 33400215, 21683036, 34386, 35955, 75621516, 7523133618, 50216371601, 381529, 21197007, 0, 3970.4, 3238.22, 38.05, 47.175, 21, 0
1, 0, 33313320, 21620193, 35639, 36661, 75562543, 7459879817, 50099153971, 380332, 21287965, 0, 4010.91, 3196.73, 38.555, 47.835, 21, 0
1, 0, 33186380, 21746008, 33634, 36114, 74909978, 7494567730, 50155543865, 381093, 21201769, 0, 4098.24, 3120.99, 38.195, 47.26, 21, 0
1, 0, 20049008, 346, 50, 23, 30634147, 2853450757, 7344038034, 3, 177, 0, 51.595, 36.82, 46.005, 46.735, 3, 0
1, 0, 20003874, 143, 12, 27, 30156281, 2780076255, 7313039271, 0, 78, 0, 50.805, 36.52, 45.765, 46.67, 3, 0
1, 0, 20032395, 189, 5, 49, 29912232, 2846798122, 7382887695, 6, 51, 0, 51.115, 36.87, 45.76, 46.885, 3, 0
1, 0, 20036194, 269, 13, 0, 30694888, 2846271469, 7339552734, 9, 114, 1, 52.525, 36.765, 46.095, 46.665, 3, 0
1, 0, 19372102, 153, 4, 57, 30671078, 2859140748, 7405544826, 0, 138, 0, 50.795, 36.7, 45.865, 46.75, 3, 0
1, 0, 19964101, 202, 18, 0, 30625028, 2854956492, 7354638531, 3, 174, 0, 50.385, 36.415, 45.555, 46.23, 3, 0
1, 0, 19978930, 117, 14, 126, 30299036, 2782153879, 7300917597, 0, 141, 0, 50.435, 36.54, 45.46, 46.38, 3, 0
1, 0, 20037293, 121, 9, 4, 29704031, 2835572792, 7380850995, 0, 105, 0, 52.095, 36.995, 46.425, 46.885, 3, 0
1, 0, 19989879, 179, 14, 23, 30595022, 2845377400, 7354324821, 3, 117, 0, 50.83, 36.72, 45.695, 46.525, 3, 0
1, 0, 19411671, 163, 0, 22, 30320888, 2848323887, 7396738521, 3, 132, 0, 50.41, 36.44, 45.485, 46.235, 3, 0
1, 0, 19855985, 179, 18, 36, 30592782, 2856595417, 7376959056, 0, 159, 0, 50.615, 36.78, 45.6, 46.37, 3, 0
1, 0, 20007623, 233, 18, 108, 30554068, 2804765041, 7303287543, 0, 156, 0, 50.14, 36.5, 45.325, 46.225, 3, 0
1, 0, 19929184, 224, 5, 0, 29715026, 2812027403, 7363485018, 24, 117, 0, 50.75, 36.925, 45.785, 46.775, 3, 0
1, 0, 20025930, 212, 8, 18, 30409415, 2865916751, 7420717326, 3, 123, 0, 50.485, 36.785, 45.43, 46.315, 3, 0
1, 0, 38209285, 153, 28, 26, 50137495, 4596710840, 9583205311, 6, 225, 0, 51.67, 37.32, 46.095, 46.88, 4, 0
1, 0, 37866159, 220, 8, 77, 51107919, 4590742098, 9563105680, 9, 210, 0, 50.805, 37.2, 45.56, 46.31, 4, 0
1, 0, 37171381, 363, 9, 76, 51133551, 4597724169, 9592260301, 3, 99, 0, 50.785, 37.49, 45.7, 46.5, 4, 0
1, 0, 38205401, 287, 23, 0, 51168058, 4604447679, 9536591002, 3, 186, 0, 50.705, 37.285, 45.55, 46.505, 4, 0
1, 0, 38250705, 364, 17, 59, 50409545, 4477526264, 9462618220, 6, 189, 0, 50.935, 37.345, 45.75, 46.695, 4, 0
1, 0, 38184667, 139, 10, 0, 50013171, 4584920167, 9586543757, 6, 264, 0, 50.555, 37.18, 45.44, 46.46, 4, 0
1, 0, 37983308, 166, 5, 158, 51188411, 4603837834, 9606683609, 18, 222, 0, 50.645, 37.395, 45.565, 46.57, 4, 0
1, 0, 37044124, 455, 13, 0, 51129026, 4595691735, 9563467007, 0, 51, 0, 50.815, 37.255, 45.65, 46.51, 4, 0
1, 0, 38186021, 210, 5, 31, 51130226, 4598086292, 9521265748, 0, 207, 0, 51.04, 37.235, 45.6, 46.465, 4, 0
1, 0, 38175630, 332, 17, 23, 50612203, 4486148818, 9463281720, 9, 216, 0, 51.15, 36.97, 45.32, 46.23, 4, 0
1, 0, 38236238, 328, 9, 27, 49869979, 4577546188, 9577792289, 0, 159, 0, 50.74, 36.82, 45.26, 46.265, 4, 0
1, 0, 38187778, 113, 18, 160, 51093581, 4605798231, 9607255623, 21, 318, 0, 51.155, 37.045, 45.46, 46.32, 4, 0
1, 0, 34847487, 350, 27, 0, 48362931, 4377841017, 9318557046, 33, 255, 0, 51.555, 37.115, 45.705, 46.58, 4, 0
1, 0, 35314025, 215, 4, 54, 47765149, 4321182537, 9202676454, 3, 99, 0, 51.125, 37.095, 45.315, 46.46, 4, 0
1, 0, 38216204, 130, 19, 27, 50742021, 4548187197, 9467800029, 9, 204, 0, 50.93, 36.93, 45.335, 46.375, 4, 0
1, 0, 26412239, 152, 70, 50, 47086495, 5793549713, 11956036970, 9, 165, 0, 51.82, 37.52, 46.08, 47.42, 5, 0
1, 0, 26579925, 130, 17, 98, 47067624, 5774488016, 11880062541, 0, 81, 0, 50.915, 37.185, 45.635, 46.74, 5, 0
1, 0, 26793091, 257, 48, 67, 46582493, 5721002981, 11886621029, 3, 96, 0, 51.915, 37.68, 45.85, 47.215, 5, 0
1, 0, 25642306, 259, 5, 0, 43646549, 5695534453, 11951749896, 9, 81, 0, 51.35, 37.51, 45.565, 46.96, 5, 0
1, 0, 25203542, 207, 42, 54, 44592030, 5740709952, 11961489704, 6, 126, 0, 51.335, 37.675, 45.75, 47.325, 5, 0
1, 0, 26259501, 225, 13, 54, 47067768, 5808204029, 11953525766, 3, 147, 0, 51.17, 37.46, 45.575, 47.01, 5, 0
1, 0, 26694350, 228, 27, 150, 47077965, 5785193898, 11890371437, 12, 159, 0, 50.695, 37.565, 45.745, 47.18, 5, 0
1, 0, 26657813, 256, 4, 0, 46526677, 5726964851, 11914882636, 3, 72, 0, 50.455, 37.485, 45.615, 47.07, 5, 0
1, 0, 26808335, 122, 18, 23, 46808304, 5791097013, 11942970039, 3, 84, 0, 50.685, 37.39, 45.79, 46.985, 5, 0
1, 0, 26613416, 197, 22, 22, 46401119, 5778036577, 11931215887, 3, 99, 0, 50.385, 37.38, 45.53, 46.83, 5, 0
1, 0, 26543923, 216, 28, 71, 46936942, 5817737874, 11955578408, 6, 87, 0, 50.38, 37.375, 45.795, 46.905, 5, 0
1, 0, 26536798, 206, 58, 161, 47064153, 5792257179, 11896824120, 3, 147, 0, 50.335, 37.47, 45.76, 46.91, 5, 0
1, 0, 26650502, 261, 14, 0, 46626807, 5725866413, 11913034949, 3, 162, 0, 51, 37.825, 46.055, 47.33, 5, 0
1, 0, 26805844, 94, 4, 27, 46748805, 5786813135, 11937731706, 15, 90, 0, 51.005, 37.595, 45.84, 46.91, 5, 0
1, 0, 26611430, 194, 22, 49, 46390254, 5768623030, 11928124958, 6, 72, 0, 50.81, 37.615, 45.6, 46.905, 5, 0
1, 0, 62113301, 427, 41, 0, 86021995, 7522779255, 14219790722, 0, 207, 0, 51.5, 37.65, 46.42, 47.86, 6, 0
1, 0, 62131959, 148, 13, 53, 85000045, 7530505367, 14284031111, 0, 263, 0, 50.795, 37.33, 45.73, 47.305, 6, 0
1, 0, 61925671, 334, 18, 99, 85734195, 7625021543, 14368656093, 3, 198, 0, 51.085, 37.45, 45.925, 47.22, 6, 0
1, 0, 61955607, 281, 18, 152, 86480621, 7628988938, 14342255125, 0, 156, 0, 51.105, 37.26, 45.61, 46.82, 6, 0
1, 0, 58889555, 306, 27, 0, 84052317, 7552078843, 14346582411, 0, 207, 0, 51.545, 37.665, 46.255, 47.325, 6, 0
1, 0, 61470852, 327, 23, 27, 86543628, 7607877588, 14275060224, 6, 146, 0, 50.67, 37.25, 45.655, 47.04, 6, 0
1, 0, 62002434, 235, 17, 50, 85823707, 7522917145, 14277997640, 6, 216, 0, 50.83, 37.615, 45.81, 47.035, 6, 0
1, 0, 62108989, 206, 32, 135, 85119720, 7573897843, 14313781924, 3, 270, 0, 50.885, 37.345, 45.79, 47.055, 6, 0
1, 0, 61838394, 378, 9, 90, 85757106, 7606712301, 14318738881, 0, 204, 0, 50.6, 37.5, 45.96, 47.585, 6, 0
1, 0, 61144568, 242, 23, 5, 86477697, 7623421375, 14363824813, 0, 161, 0, 50.545, 37.37, 45.73, 47.33, 6, 0
1, 0, 61296291, 189, 4, 45, 86585132, 7629115507, 14350826675, 6, 168, 0, 50.455, 37.2, 45.7, 46.88, 6, 0
1, 0, 61806000, 363, 27, 49, 86403284, 7544410580, 14251152058, 0, 135, 0, 50.535, 37.045, 45.615, 46.75, 6, 0
1, 0, 62078007, 280, 26, 172, 84698947, 7536710030, 14281828068, 18, 216, 0, 50.96, 37.27, 45.815, 47.005, 6, 0
1, 0, 60741895, 328, 18, 71, 84294134, 7556166835, 14350894841, 15, 197, 0, 49.925, 36.975, 45.32, 46.88, 6, 0
1, 0, 60962886, 237, 23, 14, 86515883, 7620770617, 14304496054, 0, 195, 0, 50.26, 37.08, 45.82, 46.795, 6, 0
1, 0, 55052473, 256, 80, 113, 81394947, 7610598023, 16706141173, 24, 276, 0, 52.985, 38.415, 46.66, 47.925, 7, 0
1, 0, 55706192, 577, 49, 116, 80986528, 7634172084, 16651028096, 24, 231, 0, 52.275, 38.245, 46.03, 47.73, 7, 0
1, 0, 55586047, 428, 45, 77, 80755179, 7592959181, 16653850023, 18, 312, 0, 52.605, 38.31, 45.92, 47.865, 7, 0
1, 0, 55124080, 440, 14, 0, 81105021, 7672759847, 16766295063, 18, 311, 0, 51.875, 38.01, 45.81, 47.84, 7, 0
1, 0, 55288964, 525, 40, 62, 81826343, 7677423201, 16700358476, 21, 183, 0, 51.025, 37.91, 45.77, 47.735, 7, 0
1, 0, 55117348, 257, 13, 167, 81382487, 7604486294, 16703105780, 15, 408, 0, 50.735, 37.785, 45.625, 47.245, 7, 0
1, 0, 55665089, 535, 24, 127, 81057692, 7638881426, 16653608740, 39, 270, 0, 51.03, 38.035, 45.8, 47.605, 7, 0
1, 0, 55606113, 615, 21, 5, 80833159, 7597364691, 16654072269, 21, 192, 0, 50.96, 37.945, 45.96, 47.58, 7, 0
1, 0, 55107735, 130, 14, 26, 81059411, 7674782734, 16771781203, 45, 291, 0, 51.38, 38.285, 46.09, 47.73, 7, 0
1, 0, 55232704, 634, 18, 46, 81700699, 7677216943, 16701775402, 21, 230, 0, 51.145, 37.815, 45.965, 47.385, 7, 0
1, 0, 55106623, 246, 18, 152, 81259223, 7602557974, 16701902603, 12, 294, 0, 51.13, 37.735, 46.13, 47.405, 7, 0
1, 0, 55547918, 500, 22, 124, 81061772, 7642295119, 16656331437, 9, 345, 0, 50.915, 37.875, 46.32, 47.435, 7, 0
1, 0, 55667147, 511, 18, 10, 80803141, 7598434070, 16649539770, 12, 240, 0, 51.045, 37.74, 45.715, 47.48, 7, 0
1, 0, 55058013, 162, 14, 40, 80974427, 7671221161, 16777340310, 9, 305, 0, 51.06, 37.615, 45.77, 47.595, 7, 0
1, 0, 55242988, 345, 36, 108, 81779097, 7679964414, 16698032173, 6, 174, 0, 52.005, 38.03, 45.8, 47.62, 7, 0
1, 0, 70706621, 2470, 670, 239, 96363467, 8118651378, 19141203201, 96, 1044, 0, 167.265, 45.845, 53.505, 54.06, 8, 0
1, 0, 70281843, 868, 107, 95, 96503672, 8103748328, 19135269553, 12, 246, 0, 79.515, 39.375, 50.7, 48.21, 8, 0
1, 0, 70620446, 633, 472, 44, 95215772, 8089970093, 19132166816, 12, 441, 0, 52.375, 37.7, 45.655, 47.1, 8, 0
1, 0, 71375733, 620, 72, 130, 95999759, 8051909369, 19028621894, 21, 543, 0, 52.565, 38.055, 46.145, 47.475, 8, 0
1, 0, 70844118, 2084, 692, 140, 94731781, 8052568586, 19044543997, 30, 509, 0, 130.91, 41.91, 49.935, 51.25, 8, 0
1, 0, 70953886, 1009, 467, 85, 96370087, 8129497174, 19094183152, 21, 195, 0, 53.36, 37.69, 48.24, 47.405, 8, 0
1, 0, 70274427, 1241, 430, 50, 96391446, 8098655977, 19117945705, 12, 165, 0, 52.365, 37.555, 47.675, 47.085, 8, 0
1, 0, 71057631, 447, 131, 90, 95772355, 8098148923, 19133102494, 21, 291, 0, 79.21, 41.515, 51.92, 49.48, 8, 0
1, 0, 71389729, 661, 55, 121, 95964480, 8061297092, 19041849923, 15, 246, 0, 52.1, 37.74, 47.995, 47.16, 8, 0
1, 0, 70891289, 701, 134, 212, 96332917, 8128993001, 19162237127, 69, 576, 0, 53.33, 38.645, 48.39, 47.52, 8, 0
1, 0, 71289981, 421, 37, 71, 95785159, 8082823751, 19010309692, 6, 431, 0, 109.705, 43.27, 57.155, 49.805, 8, 0
1, 0, 70902493, 652, 462, 58, 95758772, 8067396971, 19071909418, 17, 380, 0, 53.625, 38.345, 48.6, 47.655, 8, 0
1, 0, 70796648, 765, 543, 63, 95517621, 8117628923, 19187895186, 33, 240, 0, 71.65, 40.425, 49.235, 48.115, 8, 0
1, 0, 70904845, 588, 45, 121, 96512634, 8115986918, 19135566975, 3, 201, 0, 52.775, 37.775, 47.945, 47.175, 8, 0
1, 0, 70638710, 1034, 386, 152, 95659885, 8073216019, 19022463773, 6, 252, 0, 52.985, 37.65, 48.045, 47.045, 8, 0
1, 0, 67625904, 279, 55, 99, 93906278, 8445711175, 21490099937, 15, 279, 1, 53.28, 38.16, 45.865, 47.595, 9, 0
1, 0, 67816198, 815, 98, 179, 94710318, 8540649874, 21533740178, 18, 156, 0, 53.38, 38.32, 46.135, 47.79, 9, 0
1, 0, 67289950, 573, 94, 76, 95192620, 8494974054, 21464616329, 27, 399, 0, 52.88, 38.285, 45.835, 47.555, 9, 0
1, 0, 67548198, 930, 172, 81, 94734004, 8496844953, 21451016683, 27, 284, 0, 66.545, 39.74, 51.485, 48.725, 9, 0
1, 0, 68193133, 763, 305, 63, 94798504, 8459253080, 21420668003, 12, 339, 0, 53.005, 37.93, 45.75, 47.685, 9, 0
1, 0, 67703578, 252, 71, 177, 93902708, 8438827209, 21490008908, 33, 498, 0, 53.125, 38.25, 46.225, 47.57, 9, 0
1, 0, 67909971, 795, 48, 172, 95807944, 8561240548, 21575049009, 36, 272, 0, 53.125, 38.04, 46.25, 47.58, 9, 0
1, 0, 67819919, 757, 62, 31, 94117697, 8489295067, 21512161487, 27, 339, 0, 53.125, 38.235, 46.395, 48.16, 9, 0
1, 0, 68052998, 496, 141, 57, 94693241, 8506057870, 21472476131, 9, 338, 0, 53.86, 37.985, 45.935, 47.54, 9, 0
1, 0, 67092998, 700, 47, 63, 94932237, 8481831597, 21459440971, 12, 348, 0, 53.37, 37.64, 45.48, 47.04, 9, 0
1, 0, 67652895, 473, 49, 230, 95028369, 8538672004, 21507586158, 6, 300, 0, 53.01, 37.55, 45.555, 47.035, 9, 0
1, 0, 67890843, 585, 72, 98, 94887033, 8440722326, 21434438027, 21, 449, 0, 52.89, 37.72, 45.71, 47.03, 9, 0
1, 0, 67857123, 635, 40, 50, 93865911, 8466520595, 21494515009, 9, 336, 0, 52.925, 38.02, 45.73, 47.255, 9, 0
1, 0, 67617915, 386, 86, 49, 93449485, 8462830995, 21486123216, 12, 281, 0, 53.235, 37.845, 45.665, 46.97, 9, 0
1, 0, 67181009, 449, 116, 140, 94821489, 8481581995, 21453262419, 24, 294, 0, 52.35, 37.78, 45.565, 46.985, 9, 0
1, 0, 66810666, 471, 65, 147, 94061363, 8519319219, 21580534060, 0, 317, 0, 52.545, 37.95, 46, 47.275, 9, 0
0, 1, 8388079, 13374601, 25960, 205537, 24090947, 2651251832, 25309655577, 908391, 12467961, 0, 2148.98, 463.66, 1668.73, 229.62, 10, 0
0, 1, 8240456, 13345595, 27853, 209809, 24179582, 2642602110, 25281801423, 897357, 12359445, 0, 2119.99, 489.64, 1656.32, 235.445, 10, 0
0, 1, 8192446, 13419420, 26441, 205955, 23722457, 2629719742, 25222851621, 895266, 12081498, 1, 2046.84, 506.395, 1668.7, 249.94, 10, 0
0, 1, 8412230, 13595496, 26245, 211692, 24037659, 2617696811, 25178039421, 897846, 12393948, 0, 1995.39, 514.02, 1689.59, 264.745, 10, 0
0, 1, 8423281, 13574483, 25556, 212066, 23552613, 2615761548, 25280481762, 908100, 12484629, 0, 1920.5, 527.145, 1725.14, 265.14, 10, 0
0, 1, 8401924, 13465270, 27618, 207847, 23939109, 2652235261, 25395930669, 910977, 12469581, 0, 1895.31, 532.435, 1738.99, 265.61, 10, 0
0, 1, 8223844, 13328337, 25148, 208767, 24236998, 2649565141, 25245902562, 912723, 12427479, 0, 1824.35, 560.7, 1708.22, 311.73, 10, 0
0, 1, 8276260, 13616670, 24886, 209634, 24172326, 2649879523, 25345988820, 905832, 12286080, 0, 1823.97, 561.525, 1708.48, 312.965, 10, 0
0, 1, 8350003, 13469577, 25837, 207039, 23823934, 2614395824, 25162192677, 899469, 12222363, 0, 1781.24, 567.455, 1715.84, 325.13, 10, 0
0, 1, 8473799, 13591207, 24594, 211541, 23673844, 2618041497, 25255895634, 912606, 12520287, 0, 1712.6, 581.355, 1728.66, 350.21, 10, 0
0, 1, 8344211, 13356368, 23247, 204996, 23693424, 2642658340, 25397418033, 902352, 12356559, 0, 1711.68, 581.12, 1730.41, 349.495, 10, 0
0, 1, 8303600, 13481177, 26002, 209983, 24185124, 2665067686, 25354017879, 922236, 12464652, 0, 1675.22, 597.8, 1735.61, 368.945, 10, 0
0, 1, 8334383, 13567162, 22989, 214560, 24315542, 2649793168, 25291669995, 923340, 12390429, 0, 1621.2, 611.045, 1733.06, 387.84, 10, 0
0, 1, 7545553, 12958751, 24328, 141684, 22751875, 2539008031, 27495839031, 1027020, 11955963, 1, 1765.86, 431.88, 1824.13, 354.15, 11, 0
0, 1, 7468042, 12972251, 25118, 143702, 22881602, 2537073721, 27452336127, 1017549, 11867136, 0, 1764.54, 423.755, 1823.39, 354.59, 11, 0
0, 1, 7568263, 13184321, 26082, 143864, 22825788, 2533201290, 27404910690, 1013349, 11776731, 1, 1766.87, 423.905, 1825.39, 354.94, 11, 0
0, 1, 7670945, 13176046, 26194, 141427, 22657046, 2505697841, 27205023723, 1024164, 11942175, 0, 1680.13, 467.2, 1837.68, 354.46, 11, 0
0, 1, 7591086, 13121546, 24823, 141321, 22438951, 2508948602, 27363605988, 1035444, 12022245, 0, 1636.64, 490.635, 1846.01, 354.135, 11, 0
0, 1, 7550143, 13041048, 24833, 143075, 22742396, 2553585532, 27512467677, 1030851, 11957640, 0, 1638.54, 491.21, 1847.31, 354.67, 11, 0
0, 1, 7479347, 12960557, 24206, 141941, 22839952, 2526331147, 27423794850, 1029072, 11920830, 0, 1637, 490.675, 1846.41, 354.295, 11, 0
0, 1, 7491340, 13174097, 26307, 139913, 22677234, 2533187148, 27410187012, 1018395, 11852499, 0, 1586.34, 496.075, 1876.64, 358.875, 11, 0
0, 1, 7602688, 13178182, 26317, 141191, 22671804, 2519141339, 27249580893, 1019724, 11944158, 0, 1518.88, 499.85, 1909.69, 363.04, 11, 0
0, 1, 7579395, 13089857, 24207, 144768, 22569985, 2510569560, 27331943967, 1025742, 12053097, 0, 1469.19, 529.47, 1940.05, 355.24, 11, 0
0, 1, 7626964, 13110574, 25304, 144876, 22623647, 2537706063, 27455052804, 1043871, 11977344, 1, 1443.12, 530.63, 1957.38, 370.49, 11, 0
0, 1, 7548756, 13055174, 24164, 140950, 22901220, 2535369488, 27363152031, 1043640, 11949231, 0, 1374.06, 520.685, 1989.19, 382.475, 11, 0
0, 1, 7492116, 13130995, 25933, 148718, 22852787, 2533039702, 27408328761, 1042107, 11881602, 0, 1375.24, 521.04, 1990.75, 382.285, 11, 0
0, 1, 7608120, 13170200, 23834, 143864, 22775874, 2531901637, 27381135861, 1039494, 11928843, 0, 1291.31, 537.91, 2021.17, 391.185, 11, 0
0, 1, 7534179, 14413545, 24066, 313814, 24277952, 2925772504, 29457800913, 712338, 13197690, 1, 1987.51, 1738.12, 613.29, 573.58, 12, 0
0, 1, 7542391, 14368564, 22280, 315234, 24161788, 2923986456, 29415143205, 709893, 13318869, 0, 1989.33, 1739.72, 620.935, 573.565, 12, 0
0, 1, 7518280, 14289882, 23096, 312301, 24208004, 2938930028, 29559458892, 720462, 13350975, 0, 1991.62, 1742.61, 613.96, 574.48, 12, 0
0, 1, 7435407, 14201326, 22732, 308378, 24393322, 2949565002, 29575772592, 709275, 13301073, 0, 1991.01, 1743.13, 614.02, 574.15, 12, 0
0, 1, 7474067, 14233399, 23507, 318889, 24440237, 2942134772, 29485256070, 716541, 13228512, 0, 1892.57, 1782.38, 622.83, 586.2, 12, 0
0, 1, 7552174, 14399787, 23617, 314745, 24455136, 2938684747, 29494240392, 722583, 13202349, 0, 1830.84, 1835.69, 599.915, 600.775, 12, 0
0, 1, 7588606, 14374156, 21865, 315485, 24310182, 2929342276, 29454751005, 710604, 13292490, 2, 1802.69, 1886.51, 547.855, 614.445, 12, 0
0, 1, 7639786, 14311868, 22658, 318567, 24189965, 2932220929, 29536343310, 722394, 13367439, 0, 1780.15, 1900.51, 526.82, 637.075, 12, 0
0, 1, 7521249, 14297747, 22649, 319372, 24456322, 2953993113, 29589728571, 715536, 13319940, 1, 1770.22, 1910.46, 517.61, 648.88, 12, 0
0, 1, 7200482, 13843357, 19813, 314411, 23737026, 2910542378, 29498370723, 708513, 12874068, 0, 1644.78, 1936.51, 516.485, 711.005, 12, 0
0, 1, 7390240, 14171840, 20407, 321207, 24159168, 2928107852, 29527162860, 709794, 13075014, 1, 1620.01, 1940.59, 515.235, 718.395, 12, 0
0, 1, 7647065, 14380626, 21920, 315532, 24511837, 2961670751, 29565874134, 710244, 13308096, 3, 1621.93, 1943.56, 514.055, 729.87, 12, 0
0, 1, 7588464, 14356429, 20061, 317240, 24350058, 2921606227, 29482905075, 709131, 13369884, 0, 1580.5, 1947.61, 498.235, 784.865, 12, 0
0, 1, 7590903, 14392854, 20051, 315923, 24105778, 2941963300, 29559392223, 712188, 13310583, 0, 1576.98, 1943.68, 497.725, 783.625, 12, 0
0, 1, 7571303, 14239040, 20556, 320300, 24471511, 2939463869, 29426425143, 710025, 13338246, 4, 1481.23, 1983.88, 523.36, 796.815, 12, 0
0, 1, 5088453, 15812643, 24966, 365151, 23409922, 3005089672, 31682923807, 1023198, 14430249, 1, 4079.61, 466.185, 592.505, 515.6, 13, 0
0, 1, 5088624, 15866386, 22673, 366714, 23413950, 2985645498, 31577191580, 1023279, 14452848, 0, 4080.51, 465.805, 592.49, 516.195, 13, 0
0, 1, 5098699, 15836144, 22977, 362045, 23366168, 2993026756, 31687351308, 1032435, 14488104, 0, 4075.84, 465.695, 592.06, 515.44, 13, 0
0, 1, 5064089, 15701064, 21614, 361416, 23158305, 3005486904, 31786155699, 1036962, 14406546, 0, 4068.7, 464.735, 591.29, 514.975, 13, 0
0, 1, 5127994, 15886343, 23569, 372072, 23524391, 3021310705, 31778235007, 1036896, 14485614, 0, 3862.57, 498.845, 622.63, 618.205, 13, 0
0, 1, 5062049, 15843970, 21465, 369267, 23461999, 3018827976, 31713661671, 1041471, 14504733, 0, 3737.74, 517.855, 639.415, 676.425, 13, 0
0, 1, 5128470, 15976673, 21123, 371619, 23543369, 3017961787, 31622705016, 1027632, 14475699, 0, 3736.44, 517.7, 638.415, 675.575, 13, 0
0, 1, 5114943, 15895454, 22653, 366845, 23444549, 2997014413, 31620078327, 1030359, 14540208, 0, 3743.52, 517.83, 639.18, 676.475, 13, 0
0, 1, 5953718, 17463890, 26511, 298019, 26264027, 3397401512, 31746885632, 903912, 16192986, 0, 3237.01, 1086.2, 714.73, 735.95, 13, 0
0, 1, 6390800, 17998299, 25974, 278208, 27532294, 3525946113, 31719844861, 861879, 16905261, 0, 2421.93, 2006.37, 838.69, 836.96, 13, 0
0, 1, 6225557, 18015399, 24029, 283450, 27457979, 3563479349, 31742276379, 870810, 16921884, 1, 2205.07, 2109.17, 860.065, 872.13, 13, 0
0, 1, 5785675, 17176003, 23575, 350767, 25845566, 3332910533, 31623756252, 983472, 15787335, 2, 2261.7, 2004.3, 847.59, 865.905, 13, 0
0, 1, 5148660, 15901989, 19279, 427097, 23274589, 3008435929, 31689614832, 1139241, 14259909, 0, 3052.03, 713.17, 787.65, 806.62, 13, 0
0, 1, 5133356, 15877294, 19523, 436153, 23185606, 3021700992, 31751636303, 1139154, 14318547, 0, 3056.38, 714.27, 788.95, 808.275, 13, 0
0, 1, 5116990, 15767875, 22166, 431504, 23304011, 3020108668, 31678164010, 1137498, 14302605, 1, 3052.63, 713.065, 788.435, 806.6, 13, 0
0, 1, 15437755, 20441164, 49570, 290577, 39852373, 3888170182, 33910884877, 1072811, 19044288, 0, 4171.61, 568.79, 595.845, 513.49, 14, 0
0, 1, 15449916, 20472148, 49460, 287674, 40098771, 3912581555, 33853371155, 1073538, 19019352, 0, 4169.06, 568.24, 595.335, 512.79, 14, 0
0, 1, 15177498, 20122414, 51474, 290267, 39642228, 3866812602, 33574818275, 1074499, 18850028, 2, 4167.41, 568.33, 595.855, 512.465, 14, 0
0, 1, 15396007, 20389071, 51381, 289430, 39977062, 3894685901, 33530559118, 1068479, 18899330, 0, 4023.4, 603.305, 645.065, 549.125, 14, 0
0, 1, 15500330, 20273747, 49973, 286959, 39955171, 3880077698, 33467405073, 1073361, 18926808, 0, 3936.03, 621.48, 672.23, 568.525, 14, 0
0, 1, 15654150, 20502426, 49918, 291247, 40235076, 3905137216, 33951372090, 1077088, 19124063, 0, 3938.35, 622.155, 673.15, 569.025, 14, 0
0, 1, 15665238, 20553064, 48843, 293841, 40413014, 3933756102, 33890404454, 1077257, 19097599, 0, 3932.85, 621.595, 671.92, 567.585, 14, 0
0, 1, 15679394, 20473828, 52162, 292204, 40473077, 3921495961, 33811980744, 1074810, 19162289, 0, 3868.6, 630.25, 702.255, 583.075, 14, 0
0, 1, 15607713, 20572980, 50498, 288720, 40663813, 3938471699, 33877981935, 1071863, 19183720, 1, 3765.36, 644.605, 756.485, 610.225, 14, 0
0, 1, 15783756, 20479415, 47948, 287560, 40408273, 3927197323, 33791101717, 1068080, 19137097, 2, 3581.33, 705.105, 786.04, 687.985, 14, 0
0, 1, 15743115, 20590853, 50654, 292745, 40570838, 3920774154, 33910269846, 1063481, 19157477, 1, 3583.03, 704.87, 779.195, 689.285, 14, 0
0, 1, 15783783, 20611236, 46904, 292026, 40576772, 3950857308, 33888856701, 1070485, 19208237, 0, 3406.09, 728.52, 854.58, 733.245, 14, 0
0, 1, 15800554, 20593637, 47965, 286446, 40696620, 3938599256, 33868476779, 1059834, 19259809, 0, 3364.9, 733.19, 871.695, 743.615, 14, 0
0, 1, 15718800, 20639248, 49631, 283699, 40842228, 3951327128, 33853967929, 1064565, 19223642, 0, 3367.06, 732.535, 871.735, 743.635, 14, 0
0, 1, 11379987, 20274732, 38616, 517437, 35666166, 3882002318, 36021437706, 1025882, 18673157, 0, 2657.84, 676.275, 2703.95, 533.66, 15, 0
0, 1, 11438445, 20234847, 37580, 520296, 35668638, 3873795736, 35961014269, 1031225, 18663223, 0, 2660.36, 676.375, 2706.64, 533.225, 15, 0
0, 1, 11400858, 20236674, 38009, 521706, 35735714, 3875989535, 35994902604, 1026043, 18656324, 0, 2761.14, 679.53, 2710.9, 586.05, 15, 0
0, 1, 11385852, 20250193, 37885, 521236, 35617416, 3879295864, 36036238702, 1028738, 18695802, 1, 2657.6, 675.405, 2703.35, 533.605, 15, 0
0, 1, 11391363, 20246915, 38279, 520593, 35805175, 3881395527, 36043315865, 1034093, 18716225, 0, 2568.14, 685.885, 2686.3, 607.685, 15, 0
0, 1, 11490644, 20386717, 36359, 521986, 35716387, 3887818855, 36135012900, 1037817, 18789747, 0, 2510.56, 689.45, 2671.51, 649.025, 15, 0
0, 1, 11370566, 20139169, 35992, 527895, 35708724, 3887725388, 36052987344, 1038852, 18706772, 0, 2509.59, 689.815, 2673.6, 649.02, 15, 0
0, 1, 11024809, 19901865, 36669, 518274, 35156936, 3856169208, 36045997303, 1000445, 18229145, 0, 2501.43, 687.235, 2670.11, 646.625, 15, 0
0, 1, 11421559, 20285465, 38951, 529937, 35810509, 3878384447, 35959997717, 1038436, 18642237, 2, 2589.97, 696.305, 2672.92, 698.61, 15, 0
0, 1, 11410494, 20374445, 37715, 523381, 35619342, 3869671860, 35924437062, 1041421, 18711717, 0, 2634.02, 713.115, 2676.39, 725.295, 15, 0
0, 1, 11494466, 20360491, 35918, 515195, 35823134, 3899571216, 35981433990, 1039943, 18820653, 0, 2351.77, 729.59, 2663.89, 739.99, 15, 0
0, 1, 11429630, 20239698, 35971, 525990, 35757233, 3890131850, 36024083949, 1046009, 18820387, 0, 2493.34, 734.55, 2669.51, 779.06, 15, 0
0, 1, 11398095, 20474377, 36727, 528381, 36366683, 3916589235, 36116587681, 1045310, 18742814, 0, 2302.29, 749.07, 2671.17, 728.165, 15, 0
0, 1, 11479332, 20514226, 35097, 528872, 35648497, 3875608210, 35934297363, 1040320, 18814623, 0, 2264.86, 788.495, 2676.95, 700.015, 15, 0
0, 1, 11700496, 18691536, 43505, 417178, 33582465, 3711906581, 38088237186, 1660255, 16580043, 0, 2515.93, 578.015, 2590.7, 646.305, 16, 0
0, 1, 11659176, 18767584, 38138, 419171, 33334537, 3678457503, 38116391443, 1641264, 16659794, 0, 2403.69, 575.215, 2594.23, 642.675, 16, 0
0, 1, 11792039, 18821755, 39858, 415062, 33419846, 3709588824, 38121969354, 1650690, 16637054, 0, 2409.57, 574.865, 2586.07, 641.66, 16, 0
0, 1, 11811998, 18648596, 40372, 417031, 33514542, 3706517995, 38036147971, 1635467, 16711412, 1, 2437.06, 575.765, 2591.89, 642.935, 16, 0
0, 1, 11714571, 18742371, 41914, 419477, 33604379, 3720742476, 38048137449, 1631782, 16672053, 0, 2263.48, 626.31, 2660.84, 614.525, 16, 0
0, 1, 11762202, 18762929, 41033, 421179, 33479027, 3717668045, 38105567946, 1633883, 16619687, 0, 2171.47, 654.13, 2707.02, 597.145, 16, 0
0, 1, 11598291, 18695301, 37709, 426147, 33323218, 3677797841, 38163983571, 1679907, 16570780, 0, 2292.02, 659.015, 2724.82, 602.35, 16, 0
0, 1, 11668962, 18775067, 36621, 422960, 33133468, 3695029299, 38233796492, 1681887, 16558522, 0, 2164.8, 654.35, 2719.55, 597.405, 16, 0
0, 1, 11731657, 18649889, 40855, 425110, 33615354, 3697833315, 38170540858, 1694419, 16588090, 1, 2267.26, 680.29, 2741.97, 569.33, 16, 0
0, 1, 11593621, 18655435, 39077, 419219, 33288295, 3698548882, 38200184681, 1670905, 16550383, 0, 2204.83, 671.945, 2760.49, 542.62, 16, 0
0, 1, 11648158, 18745012, 36730, 419902, 33331856, 3707595999, 38258935375, 1661933, 16519649, 0, 2137.84, 670.825, 2776.49, 529.305, 16, 0
0, 1, 11640262, 18648425, 39802, 426188, 33602853, 3686435711, 38133614220, 1693965, 16592485, 0, 2120.35, 659.82, 2800.7, 536.965, 16, 0
0, 1, 11715858, 18783532, 37339, 419792, 33245998, 3697778881, 38224052531, 1679944, 16564517, 0, 2098.22, 645.79, 2833.61, 544.465, 16, 0
0, 1, 11832750, 18693155, 36570, 420330, 33510707, 3709586915, 38212810637, 1643172, 16608525, 0, 2095.52, 644.775, 2831.24, 543.955, 16, 0
0, 1, 12990625, 21428405, 50165, 362544, 38355686, 4275499744, 40550122450, 1235363, 19839835, 0, 3134.53, 2444.25, 780.985, 700.11, 17, 0
0, 1, 13137732, 21503571, 49379, 362578, 38373755, 4307227475, 40618452059, 1235028, 19748749, 0, 3136.66, 2446.78, 782.35, 700.8, 17, 0
0, 1, 12960574, 21182465, 50764, 357162, 38616367, 4286675282, 40644675977, 1239172, 19883034, 2, 3135.2, 2444.24, 781.215, 700.385, 17, 0
0, 1, 12687376, 20931793, 49855, 344631, 37940060, 4228197214, 39811162028, 1216209, 19394579, 0, 2835.53, 2483.49, 887.46, 776.025, 17, 0
0, 1, 12964922, 21419505, 47291, 372696, 38250322, 4304356630, 40618337000, 1239263, 19675017, 0, 2682.8, 2507.22, 944.195, 816.575, 17, 0
0, 1, 12861580, 21258634, 46234, 371040, 38176796, 4273728324, 40540007863, 1236402, 19549041, 0, 2674.43, 2502.93, 942.39, 814.355, 17, 0
0, 1, 13111696, 21509249, 47983, 371243, 38380387, 4310429915, 40597480930, 1245342, 19901397, 1, 2675.38, 2503.45, 941.705, 814.67, 17, 0
0, 1, 12982158, 21309996, 49090, 369816, 38726966, 4320399454, 40570121542, 1253937, 19883358, 0, 2557.01, 2554.03, 969.705, 843.345, 17, 0
0, 1, 12930536, 21439681, 48299, 377260, 38758419, 4324314103, 40617651378, 1266858, 19925123, 2, 2348.49, 2626.7, 1009.62, 879.5, 17, 0
0, 1, 12972283, 21536742, 45839, 375927, 38728930, 4325505321, 40598356995, 1249892, 19794035, 0, 2085.53, 2720.18, 1147.33, 884.47, 17, 0
0, 1, 13043342, 21541504, 46732, 380507, 38942228, 4338288363, 40764656925, 1255006, 19918928, 0, 1938.99, 2782.53, 1201.2, 883.915, 17, 0
0, 1, 13121222, 21625169, 47293, 378331, 38274139, 4293204414, 40530052956, 1249872, 19844499, 1, 1820.76, 2837.23, 1247.97, 886.005, 17, 0
0, 1, 13105815, 21539975, 44123, 380705, 38407230, 4312300148, 40550793967, 1246623, 19909808, 0, 1781.34, 2851.13, 1206.4, 938.915, 17, 0
0, 1, 12968041, 21322040, 44590, 379613, 38477605, 4310823561, 40568205971, 1264805, 19998596, 0, 1773.97, 2852.56, 1199.8, 950.32, 17, 0
0, 1, 12682653, 20476968, 48606, 347115, 36760072, 4247657343, 42966688196, 1389898, 18578485, 0, 2968.82, 704.71, 771.96, 2498.31, 18, 0
0, 1, 12662859, 20387507, 46454, 343632, 36922701, 4247754957, 42873222320, 1393257, 18662740, 0, 2968.76, 705.325, 771.635, 2498.4, 18, 0
0, 1, 12622190, 20275550, 47242, 347665, 36878522, 4252290543, 42999789437, 1386791, 18685442, 0, 2971.62, 706.275, 772.09, 2500.32, 18, 0
0, 1, 12546485, 20328478, 46223, 343997, 37123026, 4280251514, 43101254118, 1380370, 18582859, 1, 2969.18, 705.57, 771.79, 2498.36, 18, 0
0, 1, 12581963, 20323067, 47041, 355630, 36987285, 4262383610, 42947823740, 1379026, 18583545, 0, 2737.36, 698.555, 886.535, 2556.52, 18, 0
0, 1, 12599290, 20490459, 45218, 351045, 36824029, 4259056900, 42954637705, 1383393, 18601520, 0, 2631.62, 696.165, 942.195, 2588.14, 18, 0
0, 1, 12723404, 20409825, 45579, 353762, 37118949, 4274326600, 42957814548, 1392692, 18684355, 0, 2629.98, 695.695, 941.365, 2585.41, 18, 0
0, 1, 12608523, 20298325, 46729, 353775, 36681447, 4251692720, 42917567474, 1380380, 18720687, 2, 2629.72, 695.1, 940.525, 2584.51, 18, 0
0, 1, 12601978, 20381147, 47983, 356144, 36927617, 4287009793, 43129591556, 1393262, 18572306, 0, 2527.8, 641.525, 1029.01, 2651.72, 18, 0
0, 1, 12464486, 20082990, 46086, 354797, 36855642, 4266503428, 43036213061, 1384421, 18522588, 0, 2474.96, 620.115, 1076.28, 2653.73, 18, 0
0, 1, 12576140, 20459474, 48274, 359407, 36745692, 4252186422, 42965271454, 1395145, 18532265, 0, 2484.29, 631.715, 1090.34, 2633.77, 18, 0
0, 1, 12614547, 20488919, 43737, 354484, 36971143, 4267734514, 42878570882, 1406659, 18581995, 0, 2378.81, 677.865, 1065.3, 2675.85, 18, 0
0, 1, 12697323, 20255293, 44641, 355001, 36677446, 4235281066, 42832677300, 1399233, 18747250, 0, 2361.3, 682.575, 1061.51, 2680.48, 18, 0
0, 1, 12556881, 20408473, 45879, 356874, 36784740, 4282862751, 43076965575, 1381308, 18596097, 0, 2368.45, 664.755, 1104.82, 2686.34, 18, 0
0, 1, 12190008, 19805918, 43346, 348581, 36327540, 4247682802, 43066943018, 1333852, 18126661, 0, 2344.26, 648.29, 1124.05, 2684.26, 18, 0
0, 1, 13438293, 21277026, 54578, 340039, 38807615, 4412436667, 45276185109, 1231596, 19594471, 0, 2835.04, 2629.93, 1021.92, 694.5, 19, 0
0, 1, 13320110, 21175710, 55571, 336545, 38925194, 4435872848, 45336255955, 1231861, 19665027, 0, 2842.31, 2633.12, 1023.52, 695.445, 19, 0
0, 1, 13268698, 21089175, 55078, 335166, 39260760, 4445648522, 45508928945, 1236401, 19622829, 0, 2838.01, 2629.23, 1021.93, 694.39, 19, 0
0, 1, 13256791, 21155447, 56638, 341298, 38968698, 4444613802, 45417641794, 1240371, 19541553, 0, 2676.39, 2671.04, 1047.14, 751.315, 19, 0
0, 1, 13367269, 21183647, 53257, 340728, 39104073, 4437401185, 45392498911, 1232270, 19500194, 0, 2587.24, 2698.97, 1062.76, 784.35, 19, 0
0, 1, 13278081, 21201774, 52851, 339199, 39112123, 4430370306, 45351308286, 1234956, 19591715, 0, 2585.38, 2696.38, 1061.76, 784.02, 19, 0
0, 1, 13443659, 21220079, 53484, 339275, 38939686, 4445256810, 45405540515, 1223887, 19561782, 2, 2590.74, 2706.77, 1063.14, 790.835, 19, 0
0, 1, 13380111, 21062713, 56118, 339192, 39267431, 4436356322, 45256062133, 1241434, 19583952, 0, 2635.07, 2686.97, 998.41, 807.305, 19, 0
0, 1, 13123101, 21005975, 55565, 336232, 38763686, 4435003998, 45393187920, 1231610, 19432954, 1, 2638.44, 2672.01, 972.955, 836.76, 19, 0
0, 1, 13398711, 21076507, 52078, 324892, 39214143, 4449481451, 45410222545, 1220806, 19448182, 0, 2559.48, 2649.51, 1015.5, 875.895, 19, 0
0, 1, 13364247, 21237890, 55966, 351868, 39114247, 4456437930, 45632424746, 1245534, 19705005, 0, 2542.81, 2650.33, 1030.53, 882.585, 19, 0
0, 1, 13438371, 21277583, 52688, 342176, 38921384, 4443113375, 45391843411, 1239921, 19591861, 0, 2469.57, 2661.6, 1072.3, 898.895, 19, 0
0, 1, 13337406, 21027341, 54081, 341062, 39236630, 4443340582, 45245702994, 1236074, 19637257, 0, 2459.43, 2650.9, 1084.16, 905.47, 19, 0
0, 1, 13288711, 21146286, 53062, 339164, 38913746, 4440504513, 45410975875, 1230211, 19562108, 0, 2414.11, 2609.72, 1141.43, 936.355, 19, 0
0, 1, 18427866, 6688402, 1954, 947, 25393168, 1876211848, 5285513442, 2067, 6595812, 0, 1605.41, 140.495, 36.595, 38.915, 2, 0
0, 1, 18816302, 6713547, 2164, 992, 25362515, 1857896248, 5257835724, 2010, 6603588, 0, 1601.65, 139.145, 35.83, 37.895, 2, 0
0, 1, 18685616, 6649969, 1993, 840, 24844540, 1834496842, 5291847357, 2043, 6676512, 1, 1603.43, 140.175, 36.55, 38.99, 2, 0
0, 1, 18090502, 6740442, 1760, 1065, 24621345, 1858368071, 5340598929, 2028, 6793308, 0, 1527.84, 175.745, 35.895, 38.245, 2, 0
0, 1, 17884150, 6602410, 2030, 1037, 24986886, 1861426009, 5344540512, 1971, 6750555, 0, 1476.6, 198.56, 36.06, 38.59, 2, 0
0, 1, 17751431, 6709986, 1675, 1104, 24926541, 1851597353, 5278386723, 1947, 6687549, 0, 1479.96, 199.05, 36.045, 38.525, 2, 0
0, 1, 18178954, 6760835, 1692, 1006, 24845635, 1849053683, 5267721297, 1986, 6680616, 0, 1478.36, 198.615, 35.84, 38.375, 2, 0
0, 1, 18042078, 6820072, 1680, 1118, 24516235, 1813041413, 5294050299, 1983, 6800826, 0, 1480.05, 198.66, 35.63, 38.105, 2, 0
0, 1, 17879054, 6820687, 1818, 1069, 24333043, 1846311402, 5337109584, 2013, 6877296, 0, 1421.7, 226.685, 35.86, 38.455, 2, 0
0, 1, 13506394, 20878687, 45547, 381423, 38877389, 4426558236, 47723417358, 1201954, 19158275, 0, 2921.61, 2512.97, 928.92, 825.305, 20, 0
0, 1, 13628586, 20888507, 42130, 378399, 38712930, 4417857017, 47660050803, 1215776, 19221470, 0, 2925.49, 2515.13, 929.88, 826, 20, 0
0, 1, 13526697, 20811397, 42916, 375979, 38679439, 4416384669, 47660507774, 1211988, 19301248, 0, 2918.92, 2513.77, 927.68, 824.73, 20, 0
0, 1, 13571756, 20801250, 42473, 379878, 38870670, 4444229550, 47812942349, 1228990, 19292581, 0, 2921.38, 2511.53, 928.01, 825.01, 20, 0
0, 1, 13500801, 20765290, 42453, 379134, 39055335, 4452723944, 47879242080, 1227702, 19259773, 0, 2798.38, 2571.23, 928.965, 863.095, 20, 0
0, 1, 13612782, 21018441, 40950, 382260, 38985012, 4441634899, 47883118518, 1222707, 19324100, 0, 2728.78, 2601.28, 928.93, 882.185, 20, 0
0, 1, 13512153, 20772037, 41467, 378522, 38877649, 4432464006, 47761210332, 1211883, 19266600, 0, 2731.6, 2603.64, 930.135, 882.615, 20, 0
0, 1, 13703861, 21135275, 40916, 378213, 39181865, 4454245798, 47935973526, 1233290, 19431177, 0, 2727.94, 2600.36, 928.175, 881.81, 20, 0
0, 1, 13596552, 20872855, 43017, 382340, 38851685, 4429269829, 47649029049, 1230828, 19281062, 0, 2665.55, 2602.18, 952.82, 905.195, 20, 0
0, 1, 14233267, 19649510, 38776, 445243, 38421678, 4179449932, 47779074049, 1253851, 18066059, 2, 2992.18, 2022.67, 957.19, 894.89, 20, 0
0, 1, 14596619, 19014905, 35427, 480182, 38094544, 4041798087, 47874824449, 1259769, 17187003, 0, 3947.65, 492.255, 923.39, 824.905, 20, 0
0, 1, 14700516, 19071472, 35931, 483856, 38119546, 4029089233, 47762182188, 1258217, 17226401, 0, 3909.67, 505.605, 911.155, 858.31, 20, 0
0, 1, 14711624, 19053046, 33874, 481761, 37834784, 4012063470, 47653619780, 1261845, 17297848, 0, 3899.13, 510.555, 907.035, 871.01, 20, 0
0, 1, 14767465, 19066456, 37023, 482628, 38102342, 4035879627, 47756814562, 1263123, 17387114, 1, 3899.35, 523.845, 907.61, 852.685, 20, 0
0, 1, 11536281, 23956138, 51625, 463038, 40340535, 5018618934, 50301294317, 1164236, 22069154, 0, 3904.81, 851.015, 988.21, 2850.59, 21, 0
0, 1, 11516475, 23657130, 52170, 463016, 40178415, 4997815246, 50205806642, 1181755, 22175037, 0, 3905.09, 851.565, 988.1, 2848.11, 21, 0
0, 1, 11477997, 23726871, 51960, 461661, 40427873, 5012135889, 50126232266, 1190902, 22106611, 0, 3697.6, 933.17, 1021.15, 2879.39, 21, 0
0, 1, 11486662, 23734849, 48807, 473982, 40413465, 5025711982, 50193658367, 1187459, 22073441, 0, 3586.59, 975.755, 1037.9, 2892.35, 21, 0
0, 1, 11499230, 23808613, 48706, 471932, 40450111, 5010504540, 50119011336, 1177936, 22081187, 0, 3586.25, 976.185, 1037.97, 2893.15, 21, 0
0, 1, 11554369, 23872588, 49256, 474107, 40279542, 5012018513, 50113919776, 1172018, 22137692, 1, 3588.16, 976.855, 1038.32, 2895.74, 21, 0
0, 1, 11512670, 23810754, 50461, 471391, 40160999, 5012885627, 50101529820, 1181480, 22186124, 0, 3524.53, 963.575, 1069.99, 2916.61, 21, 0
0, 1, 11357424, 23706959, 51672, 471918, 40085169, 5008105384, 50154958932, 1187030, 22100105, 0, 3488.72, 949.94, 1087.38, 2941.13, 21, 0
0, 1, 11437731, 23648238, 51406, 469021, 40634323, 5063275462, 50478897262, 1196173, 22190824, 1, 3473.07, 935.96, 1086.21, 2955.02, 21, 0
0, 1, 11459017, 23875015, 49460, 476417, 40510846, 5032555589, 50225167423, 1170088, 21996508, 0, 3490.24, 900.525, 1132, 2935.85, 21, 0
0, 1, 11544003, 23956426, 49597, 468858, 40195559, 4997135864, 49995459365, 1178276, 22064287, 0, 3508.14, 896.24, 1142.74, 2937.08, 21, 0
0, 1, 11548429, 23939488, 51993, 469993, 39993645, 4998213481, 49943266991, 1178872, 22255874, 0, 3485.98, 887.215, 1123.63, 2966.84, 21, 0
0, 1, 11457562, 23691876, 48799, 464335, 40341762, 5017060741, 50118160997, 1196546, 22226595, 0, 3466.78, 875.385, 1095.82, 3015.78, 21, 0
0, 1, 3139301, 6015222, 2044, 181849, 9287358, 1126091949, 7988610876, 123291, 5698287, 0, 1126.55, 161.5, 767.33, 37.52, 3, 0
0, 1, 3245646, 6073483, 2051, 178580, 9304300, 1127129426, 7948042644, 121104, 5669064, 0, 1126.07, 161.06, 767.325, 37.275, 3, 0
0, 1, 3247823, 6057006, 1832, 177976, 9212025, 1106128136, 7932983289, 122265, 5767761, 0, 1127.05, 161.59, 767.925, 37.485, 3, 0
0, 1, 2648045, 5524972, 3264, 123080, 7983597, 1075285331, 8004569985, 242292, 5147583, 0, 1314.64, 173.93, 478.835, 37.365, 3, 0
0, 1, 2585768, 5364436, 2905, 119056, 8105101, 1069797201, 8024141532, 251268, 5120892, 0, 1434.71, 182.055, 296.95, 37.53, 3, 0
0, 1, 2524772, 5423917, 3166, 120233, 8065127, 1068223292, 8025402171, 251499, 5054562, 0, 1433.02, 181.59, 296.26, 37.245, 3, 0
0, 1, 2586420, 5484826, 3438, 118573, 8107345, 1064140961, 7905900795, 247224, 5029683, 0, 1432.89, 181.495, 296.295, 37.36, 3, 0
0, 1, 2617419, 5509948, 3655, 117444, 8060687, 1043581932, 7879285821, 251469, 5130789, 0, 1435.15, 182.085, 297.13, 37.465, 3, 0
0, 1, 2622339, 5550705, 3386, 106364, 8172657, 1075304321, 8052599478, 260847, 5186688, 0, 1309.87, 237.36, 341.25, 37.975, 3, 0
0, 1, 2817988, 5841009, 3170, 150347, 8460081, 1118197498, 7983481599, 218688, 5490888, 0, 1180.51, 260.045, 477.395, 37.49, 3, 0
0, 1, 3005295, 6029446, 3201, 187840, 9131676, 1181589178, 8019009597, 186090, 5740410, 0, 757.105, 331.73, 932.925, 37.14, 3, 0
0, 1, 2931319, 6013255, 3966, 195615, 9113146, 1179115154, 7976720256, 189858, 5717889, 0, 750.245, 338.105, 931.93, 37.175, 3, 0
0, 1, 2976166, 6129482, 3048, 200560, 9126707, 1179958901, 7956295299, 189360, 5632035, 0, 706.445, 372.96, 932.68, 37.52, 3, 0
0, 1, 2989351, 6057509, 2850, 199985, 9052716, 1167935449, 7904868390, 189732, 5654265, 2, 706, 372.905, 932.075, 37.13, 3, 0
0, 1, 4239247, 7590233, 8180, 166737, 11856329, 1358966881, 10610311860, 555378, 6707595, 0, 1077.22, 195.825, 246.91, 862.65, 4, 0
0, 1, 4254760, 7590332, 7333, 160993, 11754412, 1336329539, 10533132429, 556446, 6838281, 0, 1075.55, 195.31, 246.025, 861.845, 4, 0
0, 1, 4265070, 7584257, 7621, 163867, 11509513, 1348863316, 10609147986, 562920, 6870957, 0, 1077.06, 195.69, 246.455, 863.24, 4, 0
0, 1, 4254700, 7469573, 7228, 160643, 11852352, 1366811684, 10704117288, 563115, 6858552, 0, 1076.74, 195.58, 246.375, 862.765, 4, 0
0, 1, 4117568, 7442879, 7839, 169205, 11879849, 1367640756, 10651612677, 564735, 6808905, 0, 993.37, 212.18, 285.12, 875.495, 4, 0
0, 1, 4210668, 7592569, 7319, 167127, 11801183, 1362188516, 10627536654, 560289, 6718008, 0, 948.45, 221.1, 305.62, 883.415, 4, 0
0, 1, 4261474, 7582302, 7049, 167149, 11803254, 1346180321, 10521047490, 561774, 6809766, 0, 947.55, 221.13, 305.345, 882.56, 4, 0
0, 1, 4253713, 7569930, 7624, 168129, 11512189, 1346606815, 10593582207, 568635, 6880686, 0, 949.49, 221.36, 305.745, 884.085, 4, 0
0, 1, 4238416, 7534003, 8509, 167850, 11792248, 1373765450, 10706538048, 566988, 6846663, 0, 948.94, 221.09, 305.445, 883.325, 4, 0
0, 1, 4167942, 7397685, 6237, 172672, 11905590, 1370338047, 10646969523, 571809, 6844332, 0, 799.23, 262.055, 322.94, 945.22, 4, 0
0, 1, 4189480, 7644103, 6640, 174952, 11856978, 1365983773, 10646457045, 575892, 6742164, 1, 771.95, 267.935, 332.49, 953.525, 4, 0
0, 1, 4242080, 7632875, 6300, 176786, 11831185, 1363224127, 10550118462, 569571, 6787557, 0, 692.575, 283.72, 358.44, 974.815, 4, 0
0, 1, 4464025, 7557805, 9905, 158015, 11894283, 1372616360, 10603270998, 506712, 6916905, 3, 678.305, 390.905, 363.445, 870.375, 4, 0
0, 1, 4547068, 7488266, 10668, 137183, 11889468, 1386363216, 10663225335, 440742, 6901725, 0, 607.005, 870.355, 381.3, 395.7, 4, 0
0, 1, 4540383, 7400234, 9873, 140116, 11974515, 1395447152, 10662311046, 433872, 6905634, 1, 606.65, 872.4, 381.945, 395.875, 4, 0
0, 1, 1595136, 8710587, 19730, 367651, 10134407, 1734787182, 13151068299, 598617, 7707279, 0, 3085.9, 138.785, 236.405, 230.63, 5, 0
0, 1, 1590543, 8623539, 18561, 354942, 10041987, 1740567701, 12941724501, 591066, 7700214, 0, 3085.92, 138.215, 235.555, 229.755, 5, 0
0, 1, 1591829, 8607863, 17991, 367655, 10467009, 1773422707, 13323129603, 615972, 7757028, 0, 3097.26, 140.44, 237.69, 236.03, 5, 0
0, 1, 1560243, 8560347, 17723, 370372, 10256161, 1748606320, 12904466145, 606219, 7574742, 2, 3087.36, 138.3, 235.71, 230.185, 5, 0
0, 1, 1556227, 8704696, 20771, 372256, 10245389, 1763060250, 13172076300, 603249, 7660608, 0, 3022.97, 135.13, 258.64, 259.65, 5, 0
0, 1, 1558676, 8741002, 17986, 374543, 10246086, 1755044394, 13208665104, 602247, 7691934, 0, 2980.91, 131.64, 269.905, 274.895, 5, 0
0, 1, 1562036, 8648441, 18188, 370394, 10172679, 1774753558, 13197717372, 612804, 7758666, 0, 2984.81, 132.115, 270.515, 275.81, 5, 0
0, 1, 1540589, 8633201, 19403, 373895, 10271876, 1767247851, 13206753660, 609252, 7713699, 0, 2985.84, 132.03, 270.405, 275.305, 5, 0
0, 1, 1510805, 8659441, 18197, 380439, 10323812, 1785082718, 13293009177, 605040, 7664328, 0, 2975.77, 135.335, 272.39, 277.25, 5, 0
0, 1, 1502901, 8730742, 18481, 382543, 10306144, 1793099392, 13335168663, 609114, 7767444, 0, 2842.82, 176.755, 296.455, 297.8, 5, 0
0, 1, 1491165, 8804706, 18055, 387380, 10283025, 1775381100, 13168931265, 604578, 7668555, 0, 2775.77, 184.88, 301.065, 329.53, 5, 0
0, 1, 1500558, 8805954, 16496, 383580, 10146359, 1764584200, 13118704287, 615528, 7760667, 0, 2709.07, 191.855, 305.435, 360.15, 5, 0
0, 1, 1415742, 8353684, 18103, 362694, 9598649, 1763468984, 13189046349, 588894, 7429674, 0, 2703.4, 191.935, 305.03, 359.69, 5, 0
0, 1, 1468398, 8637948, 17625, 383529, 10271903, 1793444595, 13296451170, 619401, 7774182, 0, 2690.82, 190.105, 302.275, 357.04, 5, 0
0, 1, 1473739, 8660397, 16687, 390698, 10330812, 1794064987, 13313583351, 614514, 7701726, 0, 2701.86, 192.01, 321.33, 352.255, 5, 0
0, 1, 7507115, 12925785, 33724, 98209, 22241957, 2440724420, 15909829593, 451689, 12478848, 0, 2242.59, 1473.91, 224.945, 236.49, 6, 0
0, 1, 7498219, 13040709, 33217, 100819, 22477061, 2452261836, 15863038635, 456432, 12441849, 0, 2245.41, 1474.68, 224.72, 236.43, 6, 0
0, 1, 7472604, 12959800, 33226, 98264, 22388595, 2429265767, 15745445115, 448275, 12464172, 0, 2242.07, 1473.38, 224.7, 236.25, 6, 0
0, 1, 7462645, 13110629, 34278, 100127, 22358589, 2435693133, 15860782446, 449412, 12441066, 0, 2242.5, 1471.88, 224.625, 236.105, 6, 0
0, 1, 7483828, 13021786, 33643, 100900, 22374657, 2438123900, 15854033064, 461139, 12498381, 0, 2191.66, 1489.68, 229.115, 252.11, 6, 0
0, 1, 7439019, 13068760, 34070, 100710, 22387251, 2437337105, 15924091458, 463419, 12494499, 0, 2158.76, 1500.97, 231.955, 261.785, 6, 0
0, 1, 7392444, 12668942, 32517, 95283, 21902890, 2396851388, 15491243613, 424263, 12049359, 0, 2159.17, 1501.2, 231.99, 261.755, 6, 0
0, 1, 7478086, 12996990, 33373, 99579, 22250563, 2425859264, 15752259168, 459351, 12533067, 0, 2159.16, 1502.2, 232.65, 262.27, 6, 0
0, 1, 7436315, 13072235, 32738, 98026, 22472912, 2458893451, 15860791806, 459507, 12494724, 0, 2160.99, 1502.8, 232.16, 262.045, 6, 0
0, 1, 7440815, 12974828, 33122, 100917, 22618560, 2463408537, 15893147373, 465444, 12486609, 0, 2063.57, 1541.1, 260.455, 263.295, 6, 0
0, 1, 7423815, 13193807, 34599, 102956, 22507455, 2445085842, 15878325990, 464208, 12491433, 0, 2015.7, 1556.08, 263.855, 271.06, 6, 0
0, 1, 7496598, 13259246, 32764, 102697, 22435141, 2457428072, 15779929284, 470565, 12554250, 0, 1868.99, 1622.36, 274.59, 303.085, 6, 0
0, 1, 7447785, 13138399, 31440, 101306, 22299172, 2440621900, 15726169800, 473409, 12678654, 0, 1872.32, 1624.81, 274.555, 303.23, 6, 0
0, 1, 7266605, 13116026, 31708, 103704, 22366005, 2472078019, 15936040287, 477522, 12622896, 0, 1722.71, 1716.24, 253.345, 336.005, 6, 0
0, 1, 7221448, 12838329, 30245, 100483, 22172066, 2466630937, 15906682776, 459666, 12254022, 0, 1712.2, 1719.32, 251.38, 336.36, 6, 0
0, 1, 4315105, 13032279, 20051, 483985, 18746325, 2287636096, 18509218641, 852399, 11647236, 0, 3093.42, 387.88, 526.975, 223.585, 7, 0
0, 1, 4270286, 12978646, 19447, 491660, 18584550, 2260949504, 18470230137, 853383, 11720820, 0, 3093.93, 387.605, 527.165, 223.48, 7, 0
0, 1, 4291372, 12990588, 17915, 483096, 18487416, 2261880902, 18236961675, 847506, 11581545, 0, 3100.51, 389.27, 528.625, 224.53, 7, 0
0, 1, 4304720, 12977955, 19523, 489141, 18760690, 2270516944, 18407706786, 852096, 11751126, 0, 3056.87, 392.6, 549.465, 229.995, 7, 0
0, 1, 4255793, 13054465, 19425, 486645, 18559931, 2272793105, 18488433300, 857856, 11692620, 0, 3041.43, 394.1, 561.63, 233.215, 7, 0
0, 1, 4319679, 13054709, 19017, 486645, 18756153, 2294512927, 18549378426, 847539, 11660037, 0, 3037.82, 394.155, 560.945, 232.75, 7, 0
0, 1, 4302293, 12875928, 18832, 481130, 18581080, 2220341564, 17927028504, 843186, 11620560, 0, 3039.47, 394.065, 561.225, 233.105, 7, 0
0, 1, 3758005, 13261966, 16068, 159570, 17914055, 2327384636, 18513473628, 725652, 12245832, 0, 2591.95, 426.175, 547.105, 751.435, 7, 0
0, 1, 3610759, 13075410, 13188, 60017, 17872107, 2353282548, 18480623397, 687576, 12422565, 0, 2041.52, 462.375, 528.685, 1373.86, 7, 0
0, 1, 3529727, 13017524, 12101, 59457, 17803748, 2352287601, 18497580366, 700686, 12443574, 0, 1900.37, 508.67, 562.65, 1391.89, 7, 0
0, 1, 3568303, 13157873, 13885, 59645, 17843543, 2366514580, 18508031580, 698571, 12297333, 0, 1883.68, 515.49, 567.225, 1395.47, 7, 0
0, 1, 3567488, 13165673, 13231, 59654, 17976547, 2348440893, 18468955572, 694842, 12392391, 0, 1816.51, 575.025, 579.55, 1374.4, 7, 0
0, 1, 3572977, 13245386, 13111, 59642, 17632616, 2337886820, 18422027925, 700431, 12469038, 0, 1796.2, 586.42, 585.155, 1376.33, 7, 0
0, 1, 3553192, 13026587, 11332, 58450, 17459709, 2352452911, 18477411771, 689421, 12243201, 0, 1647.83, 648.805, 615.145, 1385.76, 7, 0
0, 1, 7790490, 14749933, 24277, 563002, 24132700, 2798670726, 20822806905, 930306, 13063584, 0, 2130.61, 387.375, 564.62, 1755.32, 8, 0
0, 1, 7933650, 14773636, 25072, 568943, 24161028, 2780595909, 20775392793, 927819, 13191924, 0, 1983.96, 376.875, 555.51, 1738.66, 8, 0
0, 1, 7897690, 14773692, 23304, 568144, 24042552, 2787783828, 20899486689, 945486, 13337157, 0, 1984.43, 376.82, 557.36, 1740.82, 8, 0
0, 1, 7903452, 14628157, 23893, 554602, 24147309, 2809082444, 20942166972, 923769, 13232565, 0, 2006.84, 382.81, 559.415, 1744.67, 8, 0
0, 1, 7840796, 14618546, 24242, 568024, 24433800, 2805390178, 20779994886, 935130, 13211760, 0, 1927.72, 393.375, 539.91, 1777.11, 8, 0
0, 1, 7816291, 14742867, 25061, 569916, 24225499, 2803970729, 20949445005, 945798, 13141638, 0, 1857.68, 416.035, 539.17, 1810.69, 8, 0
0, 1, 7732850, 14772961, 25881, 572682, 23996755, 2783797441, 20929398843, 937770, 13113384, 0, 1810.3, 455.32, 556.43, 1843.8, 8, 0
0, 1, 7734501, 14689781, 23761, 581136, 23798532, 2784498834, 20907006150, 942303, 13139211, 0, 1850.11, 477.54, 551.37, 1876.82, 8, 0
0, 1, 7714754, 14692225, 23599, 576988, 23975989, 2803614151, 21165897378, 960810, 13253499, 0, 1749.19, 478.095, 543.855, 1885.53, 8, 0
0, 1, 7587747, 14634882, 21710, 587116, 24037214, 2819081050, 21109839261, 966471, 13201323, 0, 1625.95, 499.975, 560.575, 1907.73, 8, 0
0, 1, 7629490, 14690338, 22540, 595522, 24203107, 2815538648, 21093334539, 970686, 13087674, 0, 1593.58, 508.885, 568.105, 1918.76, 8, 0
0, 1, 7685241, 14793392, 23028, 595701, 24202296, 2802715809, 21015838851, 965865, 13143369, 0, 1564.41, 527.995, 570.255, 1920.81, 8, 0
0, 1, 7788771, 14882050, 20677, 601313, 24128658, 2818344649, 21107483829, 963618, 13327677, 0, 1493.96, 576.565, 576.675, 1933.28, 8, 0
0, 1, 7687210, 14825252, 21323, 594646, 23915572, 2812366001, 21141605217, 966747, 13209789, 0, 1490.41, 575.625, 575.325, 1930.28, 8, 0
0, 1, 7702808, 14648303, 22765, 590099, 24094333, 2816718440, 21122404875, 968985, 13226898, 0, 1479.83, 578.375, 577.36, 1932.31, 8, 0
0, 1, 7336992, 13747619, 21742, 514212, 22598250, 2492695320, 23296985211, 1189176, 12219921, 0, 3350.09, 277.15, 428.37, 361.04, 9, 0
0, 1, 7238171, 13770429, 20546, 515916, 22759660, 2506686488, 23306075703, 1192761, 12127743, 0, 3355.55, 277.885, 429.54, 362.305, 9, 0
0, 1, 7247129, 13800177, 19985, 522941, 22766118, 2498973252, 23210743419, 1173282, 12039132, 0, 3358.23, 278.12, 429.365, 362.16, 9, 0
0, 1, 7292483, 13899553, 20117, 525154, 22666322, 2469917569, 23045605467, 1176657, 12104091, 2, 3352.99, 277.43, 428.25, 361.63, 9, 0
0, 1, 7252963, 13989534, 22033, 527737, 22374635, 2488586081, 23084793960, 1199199, 12232560, 0, 3170.32, 330.155, 478.08, 409.41, 9, 0
0, 1, 7295285, 13943403, 20872, 523444, 22606598, 2508265421, 23247789792, 1211022, 12281502, 0, 3060.66, 361.675, 508.355, 437.48, 9, 0
0, 1, 7182885, 13755233, 19099, 531126, 22787791, 2513479208, 23314247658, 1199904, 12232413, 0, 3056.78, 361.525, 508.105, 436.92, 9, 0
0, 1, 7174048, 13897272, 21230, 533489, 22740970, 2509368764, 23281186185, 1185207, 12115944, 0, 3055.89, 361.62, 507.485, 437.05, 9, 0
0, 1, 7082988, 13971555, 20919, 442080, 22569596, 2513022490, 23051032821, 1172412, 12158481, 4, 3061.78, 362.3, 508.47, 437.59, 9, 0
0, 1, 6406633, 13730509, 19808, 77633, 21501400, 2544295169, 23052869067, 1086987, 12612897, 0, 1966.49, 392.415, 558.09, 1580.26, 9, 0
0, 1, 6365525, 13787605, 19641, 77285, 21335648, 2572276073, 23171503791, 1088331, 12602109, 1, 1772.68, 409.975, 576.485, 1752.97, 9, 0
0, 1, 6350408, 13616318, 16998, 78108, 21734257, 2589596241, 23296772481, 1094487, 12609654, 0, 1561.33, 491.725, 639.395, 1770.55, 9, 0
0, 1, 6262052, 13610509, 18941, 79474, 21705307, 2580197831, 23307214953, 1105374, 12567081, 1, 1551.09, 493.93, 641.085, 1768.41, 9, 0
0, 1, 6342891, 13876711, 17065, 78054, 21778666, 2594720502, 23185398006, 1108041, 12460710, 0, 1414.34, 541.77, 676.835, 1782.04, 9, 0
0, 1, 6386357, 13788971, 18197, 77035, 21719655, 2567718083, 22932704616, 1109736, 12573702, 0, 1415.05, 541.85, 677.255, 1783.44, 9, 0
0, 1, 6402992, 13840914, 17239, 79114, 21505006, 2563410305, 23163183387, 1119480, 12645135, 0, 1355.47, 533.28, 701.4, 1814.49, 9, 0
