1, 0, 9198, 15212, 15047, 205, 25359, 5330536330, 23629612045, 9, 43, 3924692614, 0, 36127.8, 51.305, 50.395, 60.22, 10, 1
1, 0, 9322, 15883, 15180, 60, 26018, 5325805783, 23621266266, 0, 17, 3923772107, 0, 36106.2, 53.65, 55.34, 62.965, 10, 1
1, 0, 9228, 15439, 14998, 54, 25039, 5332348230, 23614842320, 10, 10, 3920644897, 0, 36107.3, 50.675, 50.185, 58.895, 10, 1
1, 0, 9051, 15332, 14975, 40, 25325, 5338223901, 23630913255, 8, 23, 3919196233, 0, 36113.6, 51.62, 51.415, 59.78, 10, 1
1, 0, 9096, 15327, 15039, 45, 25393, 5344714932, 23643420018, 13, 53, 3915410162, 0, 36076.7, 51.145, 50.855, 59.89, 10, 1
1, 0, 9104, 15444, 14946, 55, 25156, 5345536728, 23657631417, 19, 54, 3915165548, 0, 36107.9, 51, 51.57, 60.48, 10, 1
1, 0, 9285, 14804, 14736, 205, 24863, 5342646597, 23676295987, 14, 46, 3917778364, 0, 36112.6, 51.19, 51.32, 60.47, 10, 1
1, 0, 9131, 14575, 14905, 229, 25061, 5348274686, 23684751901, 8, 47, 3916088386, 0, 36113.2, 50.86, 50.425, 59.575, 10, 1
1, 0, 9118, 15187, 15129, 205, 25884, 5349467649, 23679061370, 13, 16, 3918049126, 0, 36111, 51.23, 51.02, 60.43, 10, 1
1, 0, 8744, 14713, 14548, 50, 25504, 5281655081, 23400210422, 10, 10, 3868289663, 0, 36078.4, 51.385, 51.54, 60.755, 10, 1
1, 0, 9418, 14890, 14096, 45, 24821, 5352266851, 23710454972, 19, 26, 3924287813, 0, 36112.2, 50.855, 50.735, 59.715, 10, 1
1, 0, 9505, 15316, 14739, 25, 25183, 5347697239, 23692336635, 18, 11, 3925694791, 0, 36112.5, 51.295, 51.185, 60.175, 10, 1
1, 0, 9332, 14861, 14887, 45, 25522, 5346898985, 23681200038, 17, 39, 3924863455, 0, 36116.6, 51.38, 50.87, 60.38, 10, 1
1, 0, 25912, 21919, 20966, 444, 49595, 10237617393, 33606801282, 48, 888, 7542316721, 0, 36615.4, 59.88, 43.17, 59.355, 14, 1
1, 0, 25426, 19898, 18556, 89, 51417, 10278579329, 33699208078, 56, 911, 7544322905, 0, 36586.3, 59.235, 42.22, 58.16, 14, 1
1, 0, 25569, 19999, 19669, 425, 48687, 10276218386, 33692670114, 50, 859, 7543145969, 0, 36619.6, 59.71, 42.425, 58.89, 14, 1
1, 0, 26602, 19735, 18289, 125, 51097, 10272266535, 33715906016, 64, 815, 7543079859, 0, 36584.2, 59.665, 42.585, 59.16, 14, 1
1, 0, 25986, 19539, 18782, 80, 50759, 10267564146, 33737252502, 74, 795, 7548491565, 0, 36607, 58.915, 41.595, 58.245, 14, 1
1, 0, 26269, 18317, 17675, 439, 48953, 10266869424, 33717914368, 39, 819, 7551268855, 0, 36575.3, 59.015, 42.55, 59.655, 14, 1
1, 0, 25997, 18367, 17044, 174, 51360, 10267038126, 33726140703, 41, 882, 7556791293, 0, 36613.9, 59.755, 42.815, 59.435, 14, 1
1, 0, 26282, 17934, 16091, 584, 50114, 10270159715, 33720660899, 70, 892, 7556974162, 0, 36581.2, 59.01, 42.095, 58.45, 14, 1
1, 0, 26932, 20187, 19521, 204, 47546, 10331885868, 34120500827, 46, 776, 7651956945, 0, 36615.3, 59.76, 43.505, 59.995, 14, 1
1, 0, 26024, 18219, 16776, 300, 48770, 10247290578, 33727810659, 68, 886, 7558708306, 0, 36573.7, 59.655, 43.86, 59.76, 14, 1
1, 0, 26172, 17871, 16190, 628, 48093, 10250522503, 33708631527, 38, 865, 7560199398, 0, 36613, 60.26, 42.515, 60.33, 14, 1
1, 0, 25331, 18277, 17161, 570, 48058, 10255759607, 33702995693, 72, 848, 7560224935, 0, 36592.4, 59.49, 42.75, 60.965, 14, 1
1, 0, 25707, 18663, 16938, 529, 47548, 10199196519, 33401077508, 34, 869, 7514113089, 0, 36592.2, 58.85, 42.145, 59.88, 14, 1
1, 0, 26155, 17735, 16113, 200, 46886, 10250036464, 33680399430, 52, 844, 7561700185, 0, 36588.3, 59.43, 42.49, 60.27, 14, 1
1, 0, 16898, 26698, 24699, 1154, 43327, 10479070551, 42497915189, 83, 115, 7685069453, 0, 36553.9, 29628.7, 52.1, 62.155, 18, 1
1, 0, 16910, 26430, 25281, 1001, 44001, 10363258754, 42239015608, 104, 213, 7614342108, 0, 36591.7, 29658.1, 52.21, 61.41, 18, 1
1, 0, 16607, 25411, 22875, 1093, 42228, 10228842362, 41257745510, 92, 135, 7520685589, 0, 36586.6, 29650.3, 52.275, 62.125, 18, 1
1, 0, 17187, 25467, 24582, 1289, 44499, 10471349920, 42538315319, 52, 211, 7681871416, 0, 36589.3, 29651.8, 52.605, 62.84, 18, 1
1, 0, 16292, 25569, 23296, 1179, 41858, 10136636044, 40791491993, 65, 184, 7439395127, 0, 36590.4, 29656.8, 52.19, 61.955, 18, 1
1, 0, 16731, 25722, 24127, 1126, 42657, 10132009073, 40719793851, 56, 205, 7451658999, 0, 36551, 29627.5, 52.335, 61.945, 18, 1
1, 0, 16931, 25631, 24103, 1012, 44735, 10516289119, 42683600374, 79, 100, 7719345645, 0, 36585, 29661.1, 52.555, 62.26, 18, 1
1, 0, 17027, 26320, 24890, 1093, 44966, 10463202034, 42517150288, 90, 182, 7698883850, 0, 36587.5, 29637, 51.765, 62.25, 18, 1
1, 0, 17081, 25859, 23776, 1074, 43999, 10461628609, 42497765508, 71, 150, 7698408884, 0, 36594.5, 29648.2, 52.515, 63.45, 18, 1
1, 0, 17275, 27147, 25246, 1255, 45480, 10472276560, 42546043690, 107, 157, 7691111711, 0, 36588.2, 29654, 52.645, 62.885, 18, 1
1, 0, 17216, 25860, 24031, 1233, 43495, 10472959005, 42545963867, 96, 177, 7690058167, 0, 36552.8, 29622.4, 52.275, 62.455, 18, 1
1, 0, 17423, 25261, 23991, 1177, 43171, 10467723506, 42536707507, 83, 176, 7692969119, 0, 36592.4, 29655.9, 52.81, 63.085, 18, 1
1, 0, 17475, 26794, 25179, 1155, 46244, 10462736840, 42497789225, 93, 204, 7687853719, 0, 36587.9, 29646.9, 52.715, 62.69, 18, 1
1, 0, 16881, 25136, 23755, 888, 42483, 10142113152, 41606907560, 64, 159, 7473909406, 0, 36587.8, 29659.3, 52.04, 60.73, 18, 1
1, 0, 2314, 15201, 15913, 20, 20289, 2488066860, 5223255860, 4, 20, 1840971377, 0, 15380.6, 47.56, 48.53, 56.655, 2, 1
1, 0, 2234, 15178, 14441, 344, 24402, 2484610699, 5222442771, 0, 10, 1836125202, 0, 15377.3, 51.31, 53.98, 65.98, 2, 1
1, 0, 2471, 15937, 16742, 25, 25498, 2479018042, 5196336744, 20, 0, 1831425925, 0, 15381.2, 51.475, 54.13, 66.425, 2, 1
1, 0, 2741, 17110, 16162, 369, 28763, 2483141346, 5215939129, 0, 30, 1831847362, 0, 15339, 47.25, 48.26, 56.475, 2, 1
1, 0, 2170, 18012, 17965, 20, 31047, 2476389877, 5198838629, 3, 4, 1827705483, 0, 15349, 50.815, 53.65, 65.815, 2, 1
1, 0, 2355, 17419, 18273, 15, 26712, 2475683533, 5192925149, 3, 30, 1829390316, 0, 15329.6, 51.22, 53.72, 66.26, 2, 1
1, 0, 2531, 14915, 14920, 410, 24785, 2481043661, 5180112176, 0, 13, 1832820363, 0, 15339.7, 47.55, 48.45, 56.795, 2, 1
1, 0, 2430, 16613, 16701, 20, 25953, 2479969122, 5208762616, 0, 3, 1828828638, 0, 15358.1, 50.975, 53.575, 65.81, 2, 1
1, 0, 2302, 16503, 17411, 384, 27046, 2483694809, 5202209155, 0, 26, 1826846588, 0, 15343.6, 50.845, 52.605, 68.205, 2, 1
1, 0, 2294, 19115, 17195, 339, 28772, 2484977498, 5225739063, 0, 37, 1829324507, 0, 15319.9, 47.245, 48.1, 56.06, 2, 1
1, 0, 2274, 19117, 17365, 30, 30884, 2489585192, 5236043530, 3, 34, 1828173067, 0, 15313.2, 49.09, 50.245, 61.3, 2, 1
1, 0, 2318, 19098, 17705, 25, 26377, 2490375958, 5233903678, 4, 3, 1829829387, 0, 15329.3, 47.59, 48.29, 57.085, 2, 1
1, 0, 20717, 32413, 30501, 1299, 53802, 10772141086, 52076570981, 237, 447, 7889500052, 0, 36591.2, 35984.6, 53.975, 64.585, 22, 1
1, 0, 20431, 31884, 28795, 1454, 53706, 10775593485, 52040629212, 218, 376, 7888623292, 0, 36589.6, 35978, 53.025, 62.455, 22, 1
1, 0, 20795, 32208, 29471, 1394, 53236, 10775690083, 52078641557, 230, 547, 7896375235, 0, 36589.9, 35975.4, 53.315, 62.25, 22, 1
1, 0, 20314, 32252, 29630, 1495, 53345, 10771017014, 52080456629, 201, 376, 7900261122, 0, 36549.5, 35938.2, 52.775, 61.79, 22, 1
1, 0, 20345, 32085, 28909, 1219, 53388, 10749659658, 51998543463, 187, 381, 7904518812, 0, 36590.3, 35975.7, 53.16, 61.625, 22, 1
1, 0, 20679, 32794, 30537, 1420, 54276, 10722602977, 51913441318, 201, 408, 7910101432, 0, 36591.1, 35977.9, 52.92, 61.88, 22, 1
1, 0, 20753, 31137, 29331, 1283, 52602, 10733287049, 51832600872, 191, 329, 7907571234, 0, 36553, 35943.2, 53.28, 61.65, 22, 1
1, 0, 20499, 33384, 29362, 1164, 54623, 10683415108, 51640118075, 177, 400, 7871829827, 0, 36590.4, 35978.4, 52.645, 60.94, 22, 1
1, 0, 20171, 32879, 29704, 1781, 52338, 10738048354, 51856302419, 178, 453, 7885833288, 0, 36586.1, 35975.3, 53.615, 63.65, 22, 1
1, 0, 20504, 33256, 30124, 1564, 54242, 10755126943, 51885581882, 275, 397, 7874609992, 0, 36559.9, 35943.8, 53.15, 62.31, 22, 1
1, 0, 20305, 31987, 29327, 1510, 52743, 10738621056, 51905748566, 189, 387, 7874520403, 0, 36589.9, 35974.8, 52.64, 61.005, 22, 1
1, 0, 19678, 32325, 29842, 1342, 52984, 10539435563, 50811656750, 183, 423, 7713712522, 0, 36590, 35974.4, 53.975, 62.79, 22, 1
1, 0, 20456, 31708, 28786, 1361, 53886, 10758730445, 51968580307, 219, 339, 7880867846, 0, 36550.2, 35939.2, 53.725, 62.12, 22, 1
1, 0, 5714, 9078, 9016, 30, 15898, 4658644054, 14233234454, 4, 6, 3412777149, 0, 31458.8, 50.815, 49.36, 58.375, 6, 1
1, 0, 5682, 9403, 8733, 15, 15423, 4663402008, 14256858519, 10, 4, 3415820891, 0, 31459.2, 49.975, 48.745, 57.02, 6, 1
1, 0, 5734, 8576, 8568, 60, 16014, 4659952760, 14251045336, 13, 4, 3415264956, 0, 31457.1, 50.735, 49.68, 58.695, 6, 1
1, 0, 5640, 9359, 9122, 30, 15229, 4658576698, 14241289915, 11, 40, 3416674678, 0, 31490.3, 50.54, 49.405, 58.835, 6, 1
1, 0, 5597, 8653, 8153, 380, 15530, 4661357091, 14248651411, 13, 24, 3419393853, 0, 31459, 50.205, 49.24, 58.075, 6, 1
1, 0, 5838, 8970, 9052, 344, 14492, 4659056078, 14256581567, 27, 78, 3422353912, 0, 31457.5, 51.42, 50.37, 58.885, 6, 1
1, 0, 5675, 8871, 8068, 394, 15325, 4657706586, 14248309719, 9, 35, 3424813369, 0, 31465, 50.51, 50.195, 58.405, 6, 1
1, 0, 5589, 8875, 8779, 350, 15140, 4655388252, 14229034477, 6, 29, 3426149881, 0, 31471.5, 50.515, 50.13, 58.125, 6, 1
1, 0, 5509, 9301, 8896, 40, 14918, 4644418544, 14221630519, 4, 3, 3426229622, 0, 31463.4, 51.04, 50.555, 58.53, 6, 1
1, 0, 5651, 9699, 8778, 15, 15141, 4641402406, 14207156411, 14, 17, 3436692601, 0, 31500.7, 50.65, 49.985, 57.69, 6, 1
1, 0, 5512, 9248, 8989, 25, 14691, 4642597042, 14196499328, 0, 29, 3422912137, 0, 31465.1, 50.79, 50.315, 58.49, 6, 1
1, 0, 5557, 9304, 8257, 49, 14520, 4640992169, 14187973806, 3, 30, 3421216723, 0, 31464.5, 50.57, 49.745, 58.31, 6, 1
1, 0, 5438, 9464, 9326, 35, 14591, 4642621564, 14191301915, 3, 38, 3419607997, 0, 31467.6, 50.835, 50.03, 57.76, 6, 1
0, 1, 69078, 11325, 2437, 359, 99087, 23422870686, 25244560613, 11, 8526, 17282931564, 0, 100.47, 430.18, 48.42, 53.855, 10, 1
0, 1, 67904, 10612, 1882, 164, 98085, 23420353269, 25244050280, 6, 8472, 17286860202, 0, 100.175, 430.47, 50, 56.69, 10, 1
0, 1, 69013, 10669, 1840, 170, 99560, 23405300126, 25204722388, 4, 8453, 17263751582, 0, 106.46, 432.74, 50.955, 57.705, 10, 1
0, 1, 69024, 11167, 1916, 250, 100488, 23432602744, 25251648890, 6, 8762, 17282022764, 0, 94.715, 429.68, 47.675, 52.315, 10, 1
0, 1, 69733, 11293, 2326, 254, 101253, 23421836469, 25233964278, 23, 8746, 17269552117, 0, 100.895, 434.365, 50.45, 56.44, 10, 1
0, 1, 70223, 11371, 2308, 235, 102608, 23392730084, 25239419853, 33, 8628, 17275223065, 0, 130.005, 434.78, 52.615, 57.765, 10, 1
0, 1, 68475, 10472, 1803, 320, 98493, 23386628463, 25212068911, 24, 8724, 17276636019, 0, 97.52, 434.625, 48.275, 53.32, 10, 1
0, 1, 67899, 10334, 1678, 298, 99167, 23391411268, 25227965629, 4, 8748, 17280680087, 0, 97.415, 434.56, 49.72, 55.9, 10, 1
0, 1, 64900, 10808, 1894, 265, 95713, 23547670891, 25369290039, 9, 8923, 17354148236, 0, 99.465, 434.975, 50.265, 56.3, 10, 1
0, 1, 66492, 10354, 1549, 265, 94999, 23400346169, 25217044758, 7, 8260, 17287205580, 0, 97.875, 431.28, 48.735, 53.57, 10, 1
0, 1, 68850, 10528, 1991, 169, 100495, 23402709360, 25257163574, 11, 8441, 17295005610, 0, 98.63, 431.15, 50.08, 56.025, 10, 1
0, 1, 67583, 11053, 1939, 180, 99506, 23392865717, 25247811983, 16, 8590, 17291680086, 0, 98.095, 432.26, 49.555, 56.195, 10, 1
0, 1, 67705, 10997, 2118, 179, 98407, 23400756874, 25255352684, 3, 8992, 17297594638, 0, 93.485, 431.1, 46.185, 52.18, 10, 1
0, 1, 40123, 21418, 9925, 1019, 64539, 27878463794, 33656690866, 186, 9478, 20557637957, 0, 9565.22, 9464.97, 623.655, 439.435, 14, 1
0, 1, 41763, 20508, 9812, 1156, 69892, 27898755160, 33676791892, 133, 9375, 20565450695, 0, 9556.66, 9454.86, 622.885, 421.335, 14, 1
0, 1, 40195, 20656, 9833, 997, 66482, 27913890871, 33676265408, 94, 9350, 20581422069, 0, 9514.12, 9451.6, 627.78, 439.19, 14, 1
0, 1, 42844, 20113, 10088, 1208, 70740, 27893311395, 33699537328, 125, 9129, 20583892071, 0, 9528.36, 9452.01, 626.785, 438.055, 14, 1
0, 1, 42500, 20376, 10223, 953, 70534, 27879713446, 33702650523, 113, 8918, 20576734284, 0, 9521.06, 9437.99, 622.96, 423.29, 14, 1
0, 1, 41354, 20331, 9975, 1063, 69555, 27957852225, 33752040606, 92, 9365, 20611780700, 0, 9539.75, 9454.94, 625.045, 439.24, 14, 1
0, 1, 41018, 20623, 9746, 1152, 67919, 27888108709, 33691885206, 101, 9522, 20581669266, 0, 9509.42, 9445.74, 624.87, 438.815, 14, 1
0, 1, 41801, 20375, 9333, 1059, 70252, 27908582887, 33688700151, 86, 9494, 20582131242, 0, 9516.51, 9446.55, 623.035, 420.045, 14, 1
0, 1, 41993, 20421, 9711, 1110, 70704, 27915450367, 33701592428, 128, 9162, 20592533728, 0, 9501.98, 9444.4, 627.32, 438.055, 14, 1
0, 1, 40789, 20204, 9698, 1162, 69657, 27874901430, 33702063774, 132, 9392, 20581782968, 0, 9550.9, 9445.08, 625.14, 439.465, 14, 1
0, 1, 40227, 21070, 10127, 1043, 68863, 27867324587, 33681895920, 134, 9436, 20578188480, 0, 9526.7, 9445.83, 623.55, 423.785, 14, 1
0, 1, 41667, 20222, 9146, 962, 69615, 27897145681, 33692479988, 85, 9186, 20591692850, 0, 9508.94, 9448.68, 627.005, 438.36, 14, 1
0, 1, 40488, 19280, 9374, 939, 66033, 27864901143, 33671261246, 89, 8933, 20576336570, 0, 9512.46, 9441.8, 628.485, 437.805, 14, 1
0, 1, 42016, 20507, 10316, 973, 67778, 27882115650, 33680918166, 130, 9243, 20577120047, 0, 9507.72, 9447.1, 625.89, 421.16, 14, 1
0, 1, 24012, 33184, 20076, 1335, 57615, 31408170472, 42405743689, 209, 10608, 23153050966, 0, 20851.2, 20682, 4885.44, 2838, 18, 1
0, 1, 24176, 32054, 19673, 1855, 57127, 31399741853, 42404662804, 268, 10286, 23149460335, 0, 20869.4, 20693.5, 4884.19, 2790.27, 18, 1
0, 1, 24042, 32688, 19974, 1362, 56589, 31568035921, 42697203999, 223, 10689, 23285989268, 0, 20855.8, 20683.1, 4874.96, 2836.94, 18, 1
0, 1, 24022, 33066, 20136, 1330, 57210, 31551327873, 42701487103, 216, 10281, 23276536944, 0, 20872.5, 20708.6, 4884.52, 2843.45, 18, 1
0, 1, 24531, 32708, 19506, 1684, 58248, 31588725553, 42708911574, 271, 10434, 23278984013, 0, 20852.6, 20682.4, 4879.89, 2798.65, 18, 1
0, 1, 24545, 32857, 19683, 1364, 56928, 31579567190, 42727664726, 266, 10467, 23303745521, 0, 20864, 20695.2, 4882.86, 2831.2, 18, 1
0, 1, 23631, 32501, 19714, 1457, 58221, 31679206773, 42798321820, 223, 10646, 23325137492, 0, 20837.5, 20685.4, 4875.03, 2835.12, 18, 1
0, 1, 24407, 32768, 20184, 1303, 57186, 31580282075, 42694100446, 284, 10441, 23290914299, 0, 20865.6, 20700.6, 4869.29, 2785.69, 18, 1
0, 1, 24243, 32468, 19480, 1692, 57197, 31561254761, 42712111252, 221, 10443, 23293588321, 0, 20847.7, 20684.4, 4871.66, 2831.05, 18, 1
0, 1, 24738, 32960, 19822, 1368, 58229, 31584468428, 42706693758, 223, 10623, 23284043358, 0, 20849.5, 20682.6, 4873.08, 2829.89, 18, 1
0, 1, 23920, 32081, 19716, 1720, 56358, 31616931352, 42706698696, 215, 10597, 23282912829, 0, 20872.5, 20705.6, 4864.9, 2787.72, 18, 1
0, 1, 24159, 32606, 20063, 1776, 57100, 31593784852, 42693057868, 208, 10722, 23268092909, 0, 20860.2, 20685, 4875.26, 2832.07, 18, 1
0, 1, 24288, 32980, 20410, 1512, 59489, 31638045287, 42775234556, 197, 10772, 23285222265, 0, 20863, 20699.8, 4873.41, 2803.24, 18, 1
0, 1, 14731, 1175, 285, 0, 21292, 4860105449, 5307599257, 0, 862, 3578859885, 0, 55.605, 45.12, 36.325, 39.84, 2, 1
0, 1, 14450, 1050, 264, 45, 20479, 4855654430, 5294538729, 0, 817, 3574075868, 0, 79.18, 49.52, 39.375, 49.315, 2, 1
0, 1, 14854, 935, 75, 15, 21847, 4858710635, 5309193255, 0, 782, 3582804527, 0, 59.37, 47.135, 37.775, 41.965, 2, 1
0, 1, 14087, 999, 155, 40, 22101, 4865829374, 5308562361, 0, 819, 3582001050, 0, 55.925, 45.525, 36.25, 39.34, 2, 1
0, 1, 14475, 1013, 135, 10, 22774, 4859065963, 5298376755, 0, 822, 3579349325, 0, 57.235, 46.105, 36.56, 40.645, 2, 1
0, 1, 14538, 1038, 115, 20, 22973, 4850196039, 5300882476, 4, 850, 3582853105, 0, 57.455, 46.055, 36.42, 40.93, 2, 1
0, 1, 15169, 1010, 194, 45, 23688, 4845998220, 5302215460, 13, 799, 3584803922, 0, 57.445, 45.98, 36.36, 40.08, 2, 1
0, 1, 16956, 1008, 35, 5, 23623, 4840410967, 5297465542, 3, 773, 3584067333, 0, 58.25, 46.19, 37.17, 41.235, 2, 1
0, 1, 16031, 1100, 130, 45, 24400, 4840968117, 5301295271, 0, 796, 3586261180, 0, 57.06, 45.815, 36.505, 40.825, 2, 1
0, 1, 16624, 1141, 195, 10, 23563, 4840869518, 5293982178, 3, 782, 3585119677, 0, 55.88, 45.075, 36.12, 39.385, 2, 1
0, 1, 15744, 1100, 129, 15, 23937, 4842517112, 5289615407, 0, 836, 3585843428, 0, 58.365, 46.145, 36.825, 41.045, 2, 1
0, 1, 15225, 1005, 115, 30, 21926, 4842823144, 5291164016, 17, 829, 3584740163, 0, 57.41, 45.35, 36.4, 40.205, 2, 1
0, 1, 15501, 1005, 200, 45, 22980, 4841629201, 5290456388, 4, 870, 3584478785, 0, 56.565, 45.445, 36.18, 39.65, 2, 1
0, 1, 21288, 44744, 32560, 2699, 65992, 26340063838, 52043224166, 502, 8620, 19351978612, 0, 29133, 28549.3, 18079.6, 18502, 22, 1
0, 1, 20664, 44022, 32129, 2616, 65371, 26357693692, 52057042338, 483, 8635, 19347634407, 0, 29123.3, 28554.1, 18061.2, 18510.5, 22, 1
0, 1, 21123, 45775, 32767, 2745, 65964, 26440273873, 52176296471, 481, 8658, 19458507841, 0, 29146.8, 28573.7, 18097.3, 18468.2, 22, 1
0, 1, 20648, 43853, 32015, 2975, 65476, 26313312309, 52066903330, 436, 8605, 19387029518, 0, 29124, 28543.8, 18048.1, 18449.1, 22, 1
0, 1, 21007, 45685, 32849, 2984, 66573, 26280870237, 52081763650, 452, 8926, 19374398336, 0, 29143.6, 28576.8, 18083, 18427.6, 22, 1
0, 1, 21013, 43658, 31754, 2745, 64199, 26358963076, 52025087502, 414, 8920, 19403136780, 0, 29132.2, 28551.4, 18126.2, 18449.6, 22, 1
0, 1, 19925, 43463, 31599, 3134, 63946, 26255963281, 51997570049, 476, 8588, 19336428739, 0, 29152.6, 28573.2, 18099.8, 18477.2, 22, 1
0, 1, 20510, 46123, 32977, 3098, 66256, 26200588023, 51993714729, 424, 8892, 19313299982, 0, 29332.7, 28538.5, 18659.8, 18528, 22, 1
0, 1, 20663, 44326, 32135, 3001, 65489, 26271201377, 51976472526, 396, 8817, 19387948580, 0, 29183.2, 28545.7, 18184.4, 18464.8, 22, 1
0, 1, 20178, 45175, 32842, 2609, 65455, 25984268890, 51920002473, 387, 8628, 19231820727, 0, 29230.5, 28566.3, 18545.8, 18838.6, 22, 1
0, 1, 20491, 45042, 32343, 2818, 64990, 26073902047, 51938459210, 479, 8757, 19244728745, 0, 29431.1, 28541.4, 18470, 18975.5, 22, 1
0, 1, 20623, 44195, 32284, 2517, 64210, 26301501580, 51932029053, 336, 8820, 19374231982, 0, 29153.3, 28564, 18102.5, 18497.4, 22, 1
0, 1, 45271, 5035, 225, 80, 62810, 14499147976, 15843833945, 3, 4758, 10707210989, 0, 58.58, 48.55, 39.11, 50.58, 6, 1
0, 1, 45234, 4976, 175, 80, 63722, 14493700316, 15841846158, 3, 4736, 10708470961, 0, 55.36, 47.945, 37.945, 48.555, 6, 1
0, 1, 47137, 5037, 128, 30, 66617, 14496843767, 15839320950, 6, 4738, 10703599219, 0, 58.515, 49.52, 39.575, 51.375, 6, 1
0, 1, 46299, 5032, 110, 30, 65389, 14512444532, 15848872020, 4, 4793, 10702517246, 0, 58.265, 48.325, 38.72, 50.13, 6, 1
0, 1, 46569, 5018, 105, 35, 67644, 14506061640, 15801501593, 17, 4736, 10686906700, 0, 55.62, 47.42, 37.795, 48.47, 6, 1
0, 1, 49213, 4905, 75, 30, 72600, 14518250454, 15849118510, 23, 4678, 10696807947, 0, 57.71, 48.37, 38.66, 50.24, 6, 1
0, 1, 47593, 4775, 94, 114, 70613, 14525418432, 15856887834, 3, 4683, 10698094251, 0, 57.21, 48.355, 38.57, 50.31, 6, 1
0, 1, 48311, 4819, 140, 125, 71402, 14521918425, 15848402657, 23, 4727, 10692556106, 0, 55.325, 47.415, 37.725, 48.45, 6, 1
0, 1, 51772, 4808, 100, 80, 73971, 14521612623, 15857272781, 3, 4786, 10689107356, 0, 57.075, 48.15, 38.39, 50.245, 6, 1
0, 1, 50259, 4846, 30, 85, 72936, 14507183616, 15809348462, 28, 4750, 10672692093, 0, 57.505, 48.14, 38.765, 50.54, 6, 1
0, 1, 50559, 4882, 130, 70, 73178, 14505308981, 15840046702, 10, 4756, 10692933858, 0, 56.205, 47.76, 38.01, 49.115, 6, 1
0, 1, 51009, 4930, 35, 100, 73745, 14496190801, 15858827996, 3, 4737, 10705244926, 0, 57.32, 48.1, 38.545, 50.075, 6, 1
0, 1, 46805, 5006, 39, 130, 68803, 14516223355, 15917992623, 29, 4776, 10823488182, 0, 57.615, 48.1, 38.505, 50.135, 6, 1
0, 1, 48448, 4842, 50, 140, 70264, 14485751705, 15840638911, 13, 4743, 10708765678, 0, 56.09, 47.29, 37.645, 48.555, 6, 1
1, 0, 5300, 8898, 8010, 49, 928037, 4935800340, 14211385673, 10, 57, 3592012903, 0, 31181.9, 49.64, 48.09, 50.745, 6, 1
1, 0, 5230, 8798, 7690, 65, 758788, 4950930700, 14236698357, 3, 76, 3591283382, 0, 31147.2, 50.215, 48.615, 51.495, 6, 1
1, 0, 5020, 8760, 8193, 55, 450300, 4960945400, 14257539181, 11, 39, 3595637418, 0, 31233.3, 50.91, 49.235, 51.79, 6, 1
1, 0, 4866, 7463, 6856, 360, 682454, 4544350290, 13086778441, 12, 57, 3288528345, 0, 31168.9, 50.11, 49.015, 51.2, 6, 1
1, 0, 5254, 7733, 7507, 374, 632598, 4949483753, 14250819893, 4, 64, 3606670952, 0, 31173.6, 51.125, 51.125, 52.385, 6, 1
1, 0, 5227, 8364, 7514, 370, 886014, 4914651742, 14199157125, 22, 41, 3607298994, 0, 31202.2, 50.6, 51.1, 51.795, 6, 1
1, 0, 5253, 8382, 7744, 75, 486741, 4935125355, 14193770355, 11, 13, 3607232534, 0, 31136.4, 50.95, 50.315, 52.04, 6, 1
1, 0, 5497, 9529, 8359, 85, 774854, 4924801924, 14184898564, 9, 33, 3596234456, 0, 31210.5, 52.2, 56.81, 53.295, 6, 1
1, 0, 4876, 8919, 8118, 89, 450169, 4935461426, 14190390975, 20, 23, 3598193504, 0, 31191.8, 50.255, 50.785, 51.505, 6, 1
1, 0, 4825, 8679, 7959, 40, 339806, 4935539879, 14184885607, 0, 16, 3603030151, 0, 31221.1, 51.46, 51.785, 52.855, 6, 1
1, 0, 4758, 8548, 7734, 45, 200971, 4933969921, 14185826176, 17, 64, 3602872637, 0, 31232.2, 50.26, 50.32, 51.54, 6, 1
1, 0, 5102, 8583, 8359, 345, 940591, 4925573317, 14185575503, 7, 52, 3589578043, 0, 31186.6, 50.64, 50.53, 51.54, 6, 1
1, 0, 4982, 8623, 8124, 369, 428362, 4939363818, 14201601610, 6, 58, 3592604466, 0, 31183.7, 50.565, 51.265, 52.31, 6, 1
1, 0, 4967, 8692, 7790, 350, 652147, 4941226665, 14206607883, 10, 66, 3588283906, 0, 31198.1, 50.515, 50.895, 52.285, 6, 1
1, 0, 4830, 8511, 8278, 40, 482335, 4950646752, 14217552695, 17, 97, 3595464544, 0, 31210.4, 50.155, 50.635, 51.335, 6, 1
1, 0, 4825, 8434, 8321, 70, 587841, 4949940002, 14225593815, 20, 24, 3592683145, 0, 31197.5, 50.84, 51.125, 52.23, 6, 1
0, 1, 59999, 4891201, 123023, 477150, 5369668, 12970641754, 15735870966, 255979, 3746298, 9348394856, 14, 522.99, 139.96, 591.43, 56.275, 6, 1
0, 1, 62358, 5158883, 120214, 558720, 5734125, 12962044180, 15860301781, 244323, 3579339, 9503318429, 0, 118.85, 194.945, 1264.78, 49.49, 6, 1
0, 1, 61577, 4469899, 120843, 473317, 5259449, 13049849729, 15867841124, 242985, 3670711, 9498463575, 0, 119.805, 196.985, 1268.62, 50.955, 6, 1
0, 1, 61527, 4372230, 100389, 557880, 5940164, 12693417257, 15828276359, 272569, 3848932, 9453639765, 0, 118.775, 195.43, 1331.18, 51.39, 6, 1
0, 1, 65520, 4892304, 128607, 500134, 5196198, 13052399063, 15830799526, 246050, 3844563, 9458132862, 0, 117.985, 196.345, 1227.41, 48.98, 6, 1
0, 1, 59250, 4162806, 99540, 410762, 4963050, 12962108172, 15761587394, 249201, 3413851, 9572878969, 0, 118.495, 196.37, 1255.14, 50.505, 6, 1
0, 1, 64007, 4627810, 111970, 617607, 6065780, 13028617847, 15805947415, 242295, 3572660, 9477246640, 0, 119.01, 197.895, 1241.56, 50.47, 6, 1
0, 1, 62860, 4721251, 100645, 515428, 5916616, 12694840941, 15821935852, 259245, 3922419, 9500484034, 0, 117.565, 197.575, 1240.74, 49.69, 6, 1
0, 1, 60498, 4363302, 107639, 546894, 5774927, 12870921946, 15794483496, 248592, 3565279, 9492805196, 0, 120.3, 194.425, 1335.2, 51.72, 6, 1
0, 1, 63638, 5033238, 111046, 535472, 5792147, 12870211907, 15832658024, 262248, 3789056, 9449794748, 0, 117.775, 194.545, 1312.95, 50.645, 6, 1
0, 1, 61365, 4212703, 101656, 508500, 6089678, 12822108535, 15798736701, 230167, 3273455, 9568659421, 1, 124.415, 194.595, 1258.9, 49.35, 6, 1
0, 1, 65497, 5061606, 142750, 589354, 6109201, 12683017639, 15818284504, 281292, 3802658, 9442985019, 0, 153.815, 201.565, 1277.95, 54.33, 6, 1
0, 1, 64922, 4439534, 102713, 578739, 5946019, 13066052822, 15831127900, 230264, 3577965, 9498448369, 0, 122.34, 194.87, 1284.62, 51.295, 6, 1
0, 1, 63803, 4764005, 113758, 517384, 5802593, 12952907086, 15821171410, 258292, 3749791, 9443714101, 0, 120.79, 193.53, 1274.72, 49.675, 6, 1
0, 1, 62960, 4525971, 122938, 524554, 5927390, 13043234892, 15844447809, 245386, 3760374, 9446225487, 0, 133.3, 194.475, 1292.38, 51.205, 6, 1
0, 1, 62358, 4086603, 111407, 501066, 5146272, 13065723038, 15832562300, 246664, 3397847, 9569251354, 0, 138.345, 199.585, 1156.94, 52.565, 6, 1
0, 1, 63353, 4246782, 110060, 477098, 5386841, 13149573148, 15855798246, 232093, 3296943, 9597337648, 0, 119.68, 196.44, 1214.59, 49.32, 6, 1
0, 1, 64581, 4456653, 124231, 495059, 5421085, 13179446820, 15847849739, 221042, 3230507, 9582603180, 0, 123.17, 199.605, 1108, 50.89, 6, 1
1, 0, 6498, 13806, 12878, 454, 1113938, 6084791055, 17623969094, 14, 69, 4189637787, 30, 26435, 50.84, 50.805, 54.95, 10, 1
1, 0, 8313, 15451, 15143, 404, 1420483, 5825018546, 23207718961, 21, 94, 4218323951, 0, 35389, 51.55, 53.06, 52.69, 10, 1
1, 0, 7961, 14544, 14133, 454, 1351916, 5793238164, 23701500773, 28, 63, 4202626273, 0, 35931.5, 51.485, 51.635, 53.62, 10, 1
1, 0, 8278, 14761, 14566, 439, 1465124, 5787864365, 23699553455, 22, 80, 4205314083, 0, 35950.5, 51.66, 51.19, 53.21, 10, 1
1, 0, 8727, 14123, 13917, 140, 1700013, 5783852716, 23677040792, 19, 86, 4204473490, 0, 35921.8, 51, 50.71, 52.825, 10, 1
1, 0, 8013, 14958, 14361, 95, 1346091, 5793188951, 23669220352, 26, 37, 4206912736, 0, 35969.5, 52.005, 51.485, 53.415, 10, 1
1, 0, 7729, 14626, 14678, 105, 1355821, 5786686445, 23654533727, 28, 42, 4210218631, 0, 35964.7, 51.1, 51.185, 52.56, 10, 1
1, 0, 8252, 15333, 14340, 104, 1538193, 5785001954, 23652827314, 15, 31, 4210586471, 0, 35929.9, 51.815, 51.555, 53.27, 10, 1
1, 0, 8387, 14935, 14011, 108, 1724751, 5802784428, 23741693098, 15, 68, 4241320245, 0, 35942.8, 51.46, 50.845, 53.14, 10, 1
1, 0, 7973, 14648, 13993, 150, 1420780, 5793031680, 23642324796, 16, 55, 4206770546, 0, 35945.2, 50.355, 51.49, 52.725, 10, 1
1, 0, 8351, 14778, 14766, 445, 1872904, 5800014508, 23639162919, 13, 73, 4199533914, 0, 35910.7, 51.725, 52.915, 53.75, 10, 1
1, 0, 7726, 14303, 14367, 429, 1666166, 5779838927, 23647468163, 7, 78, 4202856739, 0, 35945.8, 51.14, 52.45, 53.25, 10, 1
1, 0, 7755, 14233, 14124, 434, 1338113, 5779892417, 23660825937, 10, 102, 4205365009, 0, 35945, 50.135, 51.465, 52.36, 10, 1
1, 0, 8313, 14238, 13649, 114, 1562520, 5778307315, 23642930018, 10, 38, 4201699519, 0, 35948.9, 50.97, 52.225, 53.15, 10, 1
1, 0, 7711, 14544, 13694, 115, 1508120, 5795085396, 23652144015, 23, 21, 4201533379, 0, 35939, 51.005, 52.305, 53.545, 10, 1
1, 0, 8096, 14663, 14289, 100, 1474055, 5804765366, 23686326764, 13, 18, 4204040967, 0, 35936.8, 51.085, 52.105, 52.895, 10, 1
1, 0, 7794, 14675, 14027, 145, 1503541, 5805905374, 23696015866, 40, 29, 4201842722, 0, 35950.9, 51.345, 52.06, 53.68, 10, 1
0, 1, 147332, 18207252, 716509, 2083549, 22395778, 15134573450, 25206939910, 673492, 14623311, 11059956540, 0, 5806.61, 1161.88, 52.13, 58.105, 10, 1
0, 1, 148300, 17940841, 683750, 2102776, 22473170, 15271795496, 25234363156, 655142, 14244139, 11101994203, 0, 5696.99, 1150.33, 47.385, 54, 10, 1
0, 1, 149642, 18085500, 697586, 2127771, 22860996, 15035136826, 25186038114, 676671, 14679533, 11061788705, 0, 5813.19, 1184.55, 51.62, 57.535, 10, 1
0, 1, 151228, 18241571, 682496, 2100516, 22449011, 15178787017, 25185898539, 672061, 14609559, 10942722729, 0, 5848.25, 1162.66, 51.89, 58.015, 10, 1
0, 1, 153590, 17820048, 703937, 2052160, 22609715, 15266164703, 25222776609, 687963, 14347198, 11074825171, 0, 5755.6, 1177.92, 48.45, 55.035, 10, 1
0, 1, 146569, 17604424, 673042, 2076426, 22386507, 15314124620, 25226573567, 652823, 14315002, 11135900926, 1, 4619.94, 2328.5, 52.895, 58.315, 10, 1
0, 1, 150807, 18347934, 714738, 2084203, 22599594, 15313460578, 25265300575, 630496, 14592457, 11161801017, 0, 1200.71, 5766.1, 52.295, 58.04, 10, 1
0, 1, 151516, 18261045, 697596, 2097850, 22985898, 15112962568, 25219708077, 657719, 14781352, 11059992887, 0, 1208.03, 5883.9, 48.02, 54.47, 10, 1
0, 1, 149149, 18086046, 690396, 2060790, 22706306, 15150284450, 25205394212, 652593, 14495960, 11117240318, 0, 1201.7, 5732.77, 51.88, 57.855, 10, 1
0, 1, 147186, 17864728, 684419, 2077371, 22522305, 15181766882, 25164581143, 642145, 14434439, 11100307487, 0, 1190.07, 5691.86, 52.355, 57.83, 10, 1
0, 1, 146930, 17988795, 711474, 2101161, 22747814, 15126883871, 25218057508, 650404, 14757633, 10983612656, 0, 1173.45, 5756.32, 48.24, 54.22, 10, 1
0, 1, 157339, 18043827, 683428, 2177307, 22522014, 15168117900, 25171713292, 648848, 14336675, 11048123169, 0, 1220.63, 5141.61, 678.615, 57.975, 10, 1
0, 1, 162284, 17825283, 597204, 2446786, 22406936, 14900608854, 25233008512, 689738, 14431579, 10773791958, 0, 1185.54, 1160.7, 4579.12, 57.505, 10, 1
0, 1, 164856, 18219064, 586524, 2498328, 22755977, 14795094032, 25209499479, 689664, 14376767, 10869015715, 0, 1197.8, 1162.57, 4669.59, 54.52, 10, 1
0, 1, 159477, 18374703, 600078, 2495485, 22483050, 14887494257, 25179560980, 685479, 14578895, 10869094548, 0, 1191.05, 1158.07, 4664.03, 58, 10, 1
1, 0, 70422, 2641835, 239449, 168152, 8960379, 9969812170, 33649006130, 124682, 2189585, 7127125455, 1, 36076.4, 59.425, 42.32, 52.71, 14, 1
1, 0, 55712, 3223235, 198671, 190886, 7827427, 10341230874, 33632905780, 128056, 2222432, 7521067313, 0, 36200.6, 607.195, 42.985, 53.815, 14, 1
1, 0, 52827, 2799571, 209549, 227616, 7491176, 10304665776, 33626828840, 137456, 2521113, 7466901667, 0, 36303.4, 930.895, 42.67, 53.245, 14, 1
1, 0, 54731, 3064044, 201445, 204570, 7920216, 10213846414, 33667860094, 145325, 2442563, 7471167239, 0, 36339.2, 974.42, 42.52, 53.02, 14, 1
1, 0, 52728, 2830680, 204976, 216093, 7942457, 10283104690, 33666862238, 136364, 2334174, 7479171822, 0, 36290.2, 957.155, 42.645, 53.615, 14, 1
1, 0, 54822, 3098207, 217518, 200888, 8059504, 10270931599, 33657896062, 127186, 2247696, 7465843885, 0, 36370.4, 919.77, 42.85, 53.855, 14, 1
1, 0, 51756, 2782353, 180305, 256001, 8174176, 10339796317, 33699264713, 124351, 2200672, 7514902989, 0, 36335, 917.085, 42.405, 52.46, 14, 1
1, 0, 49418, 2941574, 189375, 189536, 6180336, 10338289786, 33623975076, 125122, 2259356, 7478858166, 0, 36315.4, 964.115, 43.595, 54.485, 14, 1
1, 0, 52995, 2877797, 214221, 238935, 8157575, 10224576428, 33625629194, 131602, 2387247, 7492380248, 0, 36347.6, 926.12, 42.95, 53.54, 14, 1
1, 0, 53475, 3052352, 189979, 219836, 7645941, 10245355951, 33693575145, 146180, 2447186, 7454576061, 0, 36316.2, 967.2, 42.48, 52.855, 14, 1
1, 0, 53779, 3079109, 223199, 231901, 6930016, 10333940462, 33669877160, 145296, 2552441, 7467403475, 0, 36321.4, 988.14, 43.08, 53.76, 14, 1
0, 1, 225639, 25526018, 1116123, 3470616, 31721846, 15235020415, 31492017247, 848106, 20428894, 11140679591, 0, 8269.53, 730.085, 158.515, 95.555, 14, 1
0, 1, 219564, 25671522, 1176259, 3559977, 31621234, 15450658784, 33707430313, 847337, 20167522, 11326936038, 0, 11124.1, 5889.3, 210.84, 109.24, 14, 1
0, 1, 219701, 25209744, 1143757, 3481280, 31351120, 15655754984, 33710909243, 843381, 19835679, 11284541235, 0, 10852.5, 5710.22, 206.86, 108.18, 14, 1
0, 1, 219726, 25594855, 1146158, 3446634, 31072835, 15557591772, 33696157821, 860799, 19883106, 11303703746, 0, 10803.5, 5715.15, 201.185, 99.98, 14, 1
0, 1, 220142, 25773000, 1164485, 3506734, 31464899, 15570939839, 33708993204, 849872, 20041707, 11275556078, 0, 10974, 5724.12, 208.635, 106.93, 14, 1
0, 1, 219068, 26008885, 1145953, 3683432, 31602013, 15381139379, 33712133829, 855763, 20452827, 11201149464, 0, 11098.1, 5775.56, 210.94, 109.105, 14, 1
0, 1, 221803, 25241400, 1133503, 3532648, 31355065, 15534877290, 33721176534, 841385, 20006250, 11297045606, 2, 10936.8, 5649.68, 201.19, 99.85, 14, 1
0, 1, 220832, 24848032, 1009612, 3702349, 30126166, 15503828184, 33685566495, 859262, 19317979, 11352299069, 0, 6416.09, 5736.6, 4759.61, 107.235, 14, 1
0, 1, 222792, 24745466, 990721, 3677765, 30172454, 15636732013, 33738572824, 859646, 19235149, 11405371680, 0, 4426.26, 5707.09, 6582.8, 104.225, 14, 1
0, 1, 226518, 24876961, 993897, 3651659, 30691926, 15578306071, 33706467318, 851338, 19222006, 11455653010, 0, 4464.84, 5707.82, 6556.67, 101.955, 14, 1
0, 1, 225805, 25054722, 1008180, 3704938, 30708997, 15521492086, 33688930919, 859954, 19307648, 11387508059, 0, 4501.6, 5767.3, 6652.23, 107.48, 14, 1
0, 1, 216578, 24418951, 981403, 3566558, 30104144, 15545209661, 33398312255, 864549, 19230587, 11342102601, 0, 4450.71, 5759.05, 6632.3, 99.345, 14, 1
0, 1, 222654, 25042390, 983782, 3708472, 30626503, 15517035715, 33391240554, 867316, 19459162, 11243065725, 0, 4526.4, 5786.76, 6584.48, 107.535, 14, 1
0, 1, 219443, 25005119, 1009927, 3718485, 30331648, 15575548455, 33650867658, 848542, 19156423, 11379718494, 0, 4539.76, 5724.28, 6659.91, 108.505, 14, 1
0, 1, 222170, 25303679, 1017177, 3814418, 30791711, 15556067802, 33676203125, 857468, 19499024, 11360190971, 0, 4507.61, 5668.53, 6681.06, 99.195, 14, 1
1, 0, 7353, 426, 50, 10, 22855488, 1731886850, 5254680324, 10, 475, 1133423746, 1, 61.805, 39.95, 48.845, 48.81, 2, 0
1, 0, 6689, 456, 30, 15, 23431268, 1741693149, 5213797886, 7, 183, 1137565616, 0, 62.955, 39.625, 46.965, 47.835, 2, 0
1, 0, 6291, 437, 29, 5, 23068261, 1731382078, 5198213539, 9, 256, 1133004909, 0, 61.82, 38.36, 46.395, 47.63, 2, 0
1, 0, 8198, 482, 45, 0, 23399981, 1741318025, 5259691911, 4, 315, 1145505045, 0, 52.61, 37.63, 46.815, 47.81, 2, 0
1, 0, 6744, 344, 25, 5, 23062133, 1733930712, 5230284401, 10, 250, 1139003444, 0, 50.89, 37.155, 45.77, 46.98, 2, 0
1, 0, 6830, 576, 10, 5, 23261774, 1730553103, 5213893276, 10, 352, 1135669616, 0, 51.705, 37.82, 46.125, 47.78, 2, 0
1, 0, 6420, 486, 30, 5, 22137481, 1738097863, 5246243330, 10, 323, 1135053369, 0, 51.38, 37.33, 46.095, 47.64, 2, 0
1, 0, 6404, 439, 0, 0, 24026027, 1731032493, 5255202657, 0, 396, 1157345397, 0, 50.925, 36.94, 45.59, 46.93, 2, 0
1, 0, 7175, 423, 20, 5, 22556556, 1729094346, 5258538290, 10, 282, 1133925312, 0, 52.01, 37.56, 45.845, 47.765, 2, 0
1, 0, 7260, 530, 35, 0, 24002509, 1729410135, 5262863805, 7, 283, 1145340948, 0, 52.19, 37.67, 45.93, 47.65, 2, 0
1, 0, 6723, 389, 5, 5, 23239378, 1726151936, 5260931642, 16, 372, 1140781441, 0, 51.99, 37.12, 45.96, 47.28, 2, 0
1, 0, 7146, 500, 20, 10, 22693582, 1739689130, 5257199552, 13, 267, 1140601497, 0, 51.765, 37.38, 45.825, 47.57, 2, 0
1, 0, 7423, 513, 15, 0, 23688623, 1739506477, 5266133109, 7, 208, 1142995511, 0, 51.595, 37.255, 45.835, 47.68, 2, 0
1, 0, 6657, 383, 20, 5, 23227352, 1741386948, 5253506797, 14, 263, 1138672200, 0, 51.42, 36.915, 45.64, 47.005, 2, 0
1, 0, 7273, 379, 5, 5, 22941870, 1749853432, 5272679978, 12, 403, 1145849894, 0, 52.12, 37.375, 46.185, 47.695, 2, 0
1, 0, 6106, 506, 0, 5, 23437241, 1724271129, 5237004926, 21, 392, 1142151763, 0, 52.02, 37.5, 45.87, 47.575, 2, 0
1, 0, 6990, 544, 20, 5, 24097772, 1731204460, 5213976074, 7, 432, 1143723727, 0, 51.815, 37.025, 45.59, 47.13, 2, 0
0, 1, 49020, 3972504, 336371, 348950, 3988148, 659345077, 5300186648, 812116, 2447443, 434518567, 0, 3485.77, 37.605, 36.645, 38.84, 2, 0
0, 1, 50906, 4045730, 365786, 342883, 4163186, 667648292, 5303659361, 835158, 2482369, 439055683, 0, 2354.61, 1178.11, 36.125, 38.08, 2, 0
0, 1, 50094, 4094855, 465732, 278717, 4188173, 671327579, 5300913205, 855117, 2509771, 435169308, 0, 43.705, 3400.74, 36.595, 38.8, 2, 0
0, 1, 49180, 4171727, 471236, 284330, 4268086, 664798469, 5303245262, 872283, 2502985, 432003660, 0, 43.05, 3389.94, 36.285, 38.79, 2, 0
0, 1, 46483, 4080908, 437778, 282070, 4147504, 664049843, 5302623529, 847952, 2452914, 432658999, 0, 42.68, 3595.26, 35.88, 38.235, 2, 0
0, 1, 49161, 4097978, 467872, 275178, 4180133, 662755808, 5302810904, 867774, 2489894, 433547046, 0, 42.715, 3446.74, 36.255, 38.495, 2, 0
0, 1, 45168, 4175857, 420198, 283941, 4167592, 662721266, 5312587525, 840885, 2533431, 433274669, 0, 42.78, 3513.47, 36.145, 38.425, 2, 0
0, 1, 48755, 4110016, 455662, 281965, 4220483, 671902816, 5307395588, 840266, 2496351, 435687918, 0, 46.5, 3523.28, 36.6, 40.26, 2, 0
0, 1, 47892, 4087811, 434848, 277345, 4071555, 669564163, 5306211390, 851715, 2487773, 436828155, 0, 47.81, 3459.68, 38.075, 41.895, 2, 0
0, 1, 45874, 4147551, 457758, 267074, 4120408, 670223497, 5311886407, 844244, 2559984, 434459823, 0, 43.46, 3478.11, 36.665, 39.05, 2, 0
0, 1, 45821, 3924709, 335154, 361486, 4019261, 657353767, 5310796737, 840502, 2410234, 424539922, 0, 2560.01, 1000.13, 36.625, 38.975, 2, 0
0, 1, 47602, 3923452, 329235, 346750, 4007060, 656960392, 5311476487, 848534, 2408479, 424810458, 0, 3467.49, 37.9, 36.99, 39.47, 2, 0
0, 1, 48295, 3922377, 328482, 370298, 4068516, 656310268, 5309770418, 852400, 2388216, 423988250, 0, 3483.17, 37.76, 36.47, 38.97, 2, 0
0, 1, 49281, 3884802, 330298, 328327, 3938028, 644225852, 5309092789, 853200, 2368616, 420176607, 0, 3548.64, 37.27, 36.245, 38.67, 2, 0
0, 1, 45565, 4022689, 343017, 371451, 4122699, 649231670, 5312076327, 808037, 2462825, 426845240, 0, 3562.97, 38.065, 36.715, 39.155, 2, 0
0, 1, 46183, 3885851, 336381, 342678, 4041700, 638939050, 5322663861, 849906, 2401096, 415099193, 0, 3472.64, 37.68, 36.975, 41.88, 2, 0
1, 0, 1461305, 791, 55, 95, 60548790, 2588250836, 14303898957, 42, 568, 1671830563, 0, 53.73, 39.355, 46.575, 48.5, 6, 0
1, 0, 1466218, 859, 95, 145, 59583724, 2532812236, 14303834917, 19, 640, 1657036123, 0, 53.025, 38.885, 46.335, 48.615, 6, 0
1, 0, 1418513, 668, 69, 94, 60189456, 2562855641, 14304332283, 27, 578, 1682484793, 0, 69.46, 39.48, 48.68, 51.07, 6, 0
1, 0, 1410699, 786, 70, 84, 59413555, 2535197985, 14303156860, 49, 621, 1677202574, 0, 257.065, 41.715, 75.035, 66.44, 6, 0
1, 0, 1468430, 747, 80, 60, 59284966, 2511534617, 14305018361, 20, 517, 1647693964, 0, 238.65, 50.67, 172.41, 98.17, 6, 0
1, 0, 1431078, 877, 100, 80, 59187204, 2573220602, 14316216324, 28, 390, 1686296691, 0, 62.23, 42.18, 58.025, 51.52, 6, 0
1, 0, 1460447, 743, 65, 45, 60208737, 2586491725, 14318376376, 19, 560, 1674799633, 0, 52.945, 39.23, 47.105, 48.735, 6, 0
1, 0, 1492240, 578, 60, 65, 60081462, 2530945919, 14319181355, 20, 534, 1642280800, 0, 52.48, 38.375, 46.825, 47.8, 6, 0
1, 0, 1422383, 554, 64, 55, 60540543, 2572918651, 14370670750, 16, 504, 1660523176, 0, 52.24, 38.475, 46.46, 48.085, 6, 0
1, 0, 1460671, 824, 80, 40, 60401864, 2570157909, 14443913588, 33, 583, 1677246304, 0, 55.005, 39.525, 48.575, 49.05, 6, 0
1, 0, 1477473, 737, 80, 80, 60302385, 2564691095, 14310357001, 16, 738, 1668752768, 0, 52.115, 38.125, 45.865, 47.445, 6, 0
1, 0, 1469496, 802, 35, 69, 59916616, 2525094275, 14310486857, 41, 585, 1633937465, 0, 63.4, 40.755, 53.27, 49.1, 6, 0
1, 0, 1463586, 726, 49, 50, 60840007, 2571942106, 14310286794, 40, 606, 1686046125, 0, 52.715, 38.695, 46.33, 48.09, 6, 0
1, 0, 1456676, 753, 60, 45, 60410929, 2544821981, 14310207602, 7, 534, 1658933521, 0, 52.245, 38.28, 46.145, 47.755, 6, 0
1, 0, 1453350, 822, 40, 60, 59411244, 2539811825, 14310253927, 11, 618, 1655818105, 0, 52.605, 38.665, 46.255, 48.07, 6, 0
1, 0, 1405348, 784, 65, 40, 59341203, 2514026682, 13984110566, 23, 540, 1625218013, 0, 52.46, 38.805, 46.335, 48.005, 6, 0
0, 1, 115907, 11474375, 1081357, 2353538, 13238934, 664378468, 15806457839, 2404167, 5567992, 425061750, 0, 8445.45, 47.47, 39.28, 49.92, 6, 0
0, 1, 114132, 11325355, 1095535, 2269113, 13007677, 658172059, 15844218205, 2358961, 5588997, 424074013, 3, 8355.84, 47.395, 38.96, 50.01, 6, 0
0, 1, 116945, 11476097, 1100943, 2327635, 13119608, 662490996, 15821985255, 2365972, 5646125, 429225398, 0, 2804.26, 5625.25, 37.575, 48.28, 6, 0
0, 1, 119245, 11474804, 1115549, 2306677, 13218940, 661606874, 15795394180, 2346480, 5679434, 428352951, 0, 54.435, 8308.52, 37.91, 49.115, 6, 0
0, 1, 117921, 11455899, 1099367, 2264328, 13271414, 666793896, 15852029143, 2361148, 5656700, 426749873, 0, 54.915, 8365.69, 37.875, 49.06, 6, 0
0, 1, 117214, 11423712, 1085216, 2288878, 13081443, 666881291, 15852170377, 2351209, 5660811, 427153542, 0, 54.305, 8328.02, 38.05, 49.155, 6, 0
0, 1, 120640, 11536919, 1116816, 2358638, 13215407, 662347614, 15772705406, 2381440, 5701245, 431171614, 0, 54.06, 8464.44, 38.13, 49.435, 6, 0
0, 1, 120412, 11574676, 1112865, 2319273, 13242848, 666411574, 15803910414, 2378807, 5772905, 433901251, 0, 53.685, 8436.75, 37.75, 49.455, 6, 0
0, 1, 117126, 11368810, 1083903, 2281033, 13099148, 662867269, 15812608203, 2350138, 5680829, 429055009, 0, 53.45, 8362.67, 37.88, 48.88, 6, 0
0, 1, 118276, 11443413, 1093389, 2324038, 13239757, 665258598, 15842684886, 2366223, 5659902, 429737210, 0, 54.675, 8446.49, 42.97, 50.585, 6, 0
0, 1, 116350, 11436598, 1095804, 2333699, 13271869, 666336021, 15847968318, 2351774, 5666248, 429184071, 0, 57.395, 8355.17, 42.335, 54.235, 6, 0
0, 1, 118054, 11447185, 1057007, 2296766, 13245664, 667777419, 15868214882, 2364223, 5692708, 430329530, 0, 53.15, 8342.57, 37.68, 48.405, 6, 0
0, 1, 123257, 11523287, 1103958, 2298231, 13308217, 673310384, 15972697960, 2410913, 5896122, 440602813, 0, 54.85, 8445.41, 38.595, 49.53, 6, 0
0, 1, 117703, 11372104, 1077306, 2240134, 13080685, 665537766, 15854408681, 2368701, 5737109, 429895261, 0, 54.275, 8402.25, 38.245, 48.51, 6, 0
0, 1, 120561, 11373188, 1105305, 2308569, 13175072, 665666394, 15847323754, 2381626, 5673705, 428757591, 0, 53.655, 8378.65, 37.315, 47.84, 6, 0
0, 1, 121383, 11575400, 1084327, 2325514, 13053216, 658974927, 15818473264, 2371310, 5727096, 433118447, 0, 53.905, 8450.55, 38.195, 48.925, 6, 0
1, 0, 2922457, 908, 85, 70, 82101997, 3185289355, 23858537511, 58, 626, 2063746552, 0, 52.58, 39.04, 46.445, 47.89, 10, 0
1, 0, 2902754, 835, 95, 99, 81734026, 3188614376, 23856810822, 24, 688, 2078389567, 0, 53.71, 40.015, 47.725, 48.86, 10, 0
1, 0, 2901163, 1091, 115, 89, 80427144, 3172168974, 23852259704, 50, 621, 2061878279, 0, 52.82, 39.2, 47.005, 47.985, 10, 0
1, 0, 2901112, 856, 115, 60, 80195967, 3176828141, 23856769036, 35, 509, 2065130596, 0, 51.43, 38.51, 46.345, 47.405, 10, 0
1, 0, 2895842, 825, 105, 80, 81651390, 3175240666, 23859330033, 56, 723, 2067162618, 0, 52.265, 38.97, 47.01, 48.065, 10, 0
1, 0, 2933294, 1039, 114, 120, 81703511, 3192289110, 24005530520, 33, 739, 2072361557, 0, 53.275, 39.165, 46.81, 47.76, 10, 0
1, 0, 2864210, 796, 74, 80, 81967027, 3185447909, 23859780356, 37, 769, 2070362015, 0, 53.335, 38.885, 46.225, 47.99, 10, 0
1, 0, 2912831, 817, 70, 75, 81334311, 3170193488, 23864499176, 22, 639, 2050740364, 0, 53.34, 39.025, 46.45, 48.12, 10, 0
1, 0, 2906766, 788, 38, 65, 81175420, 3166831917, 23871259280, 27, 564, 2052135779, 0, 51.775, 37.88, 45.68, 47.08, 10, 0
1, 0, 2951110, 738, 55, 60, 81019857, 3155643679, 23870037814, 36, 592, 2046123279, 0, 53.3, 38.5, 46.74, 48.03, 10, 0
1, 0, 2894542, 938, 65, 85, 82002599, 3190702053, 23865190964, 22, 528, 2072194501, 0, 53.015, 38.635, 46.465, 47.53, 10, 0
1, 0, 2907168, 954, 80, 74, 80338524, 3160799500, 23864203275, 29, 583, 2048273425, 0, 52.375, 38.21, 45.93, 47.175, 10, 0
1, 0, 2923888, 799, 55, 90, 80999169, 3157363627, 23964624903, 54, 472, 2060971915, 0, 53.005, 38.48, 46.585, 47.875, 10, 0
1, 0, 2882309, 804, 30, 70, 82421576, 3225892941, 23979147412, 36, 593, 2083165102, 0, 53.165, 39.07, 47.145, 48.04, 10, 0
1, 0, 2911719, 868, 80, 70, 81539379, 3176274976, 23861688690, 48, 700, 2064526842, 0, 52.54, 38.29, 46.085, 47.245, 10, 0
1, 0, 2878171, 890, 60, 90, 81395849, 3179662799, 23860277569, 33, 610, 2069863317, 0, 52.895, 38.76, 46.49, 47.905, 10, 0
0, 1, 216355, 13878892, 941569, 3084299, 16438363, 777400836, 25206981996, 3273415, 6523159, 499594292, 0, 56.54, 47.51, 10603.2, 49.72, 10, 0
0, 1, 213705, 13752868, 940360, 3059878, 16459541, 775912937, 25241648929, 3281385, 6534745, 500093385, 0, 57.63, 48.16, 10655.2, 51.035, 10, 0
0, 1, 220209, 13820187, 953919, 3087607, 16467933, 779031676, 25204405891, 3290208, 6535565, 500592100, 0, 56.79, 47.625, 10649.3, 50.38, 10, 0
0, 1, 212430, 13775343, 935455, 3093805, 16508987, 778369441, 25205711665, 3252631, 6540343, 500621922, 0, 55.41, 46.935, 10537, 49.41, 10, 0
0, 1, 216950, 13822341, 940202, 3105327, 16579442, 779403060, 25195030269, 3273853, 6532832, 500691564, 0, 57.12, 47.845, 10615.3, 50.195, 10, 0
0, 1, 216077, 13787482, 937221, 3105527, 16527584, 779622211, 25246672250, 3269587, 6551837, 500339528, 0, 55.885, 47.15, 10585, 49.82, 10, 0
0, 1, 212706, 13844286, 939667, 3094962, 16538877, 779021166, 25314868227, 3276683, 6558866, 501743506, 0, 55.685, 46.915, 10620.7, 49.69, 10, 0
0, 1, 212396, 13831148, 919108, 3094842, 16642399, 788499527, 25535879195, 3308152, 6562781, 500491452, 0, 56.815, 47.535, 10615.5, 50.63, 10, 0
0, 1, 214094, 13849893, 951602, 3069455, 16561280, 781670656, 25276840928, 3283173, 6572552, 501291900, 0, 55.72, 47.5, 10617.7, 49.935, 10, 0
0, 1, 213708, 13826345, 938823, 3094286, 16579684, 781289303, 25274373103, 3292861, 6546724, 501627831, 0, 54.99, 46.545, 10584.5, 49.225, 10, 0
0, 1, 216467, 13856004, 938480, 3087157, 16544839, 781371647, 25276989941, 3274724, 6542901, 501877039, 0, 55.535, 47.285, 10587.7, 48.845, 10, 0
0, 1, 216471, 13849568, 948080, 3069929, 16492785, 776437629, 25261444887, 3268249, 6560508, 500086145, 0, 56.065, 47.305, 10512.3, 49.82, 10, 0
0, 1, 218199, 13846527, 944951, 3060174, 16468881, 778579998, 25263399466, 3277116, 6568814, 500542107, 0, 54.95, 46.905, 10605.5, 49.205, 10, 0
0, 1, 215354, 13957510, 956977, 3087564, 16510745, 778574977, 25246029690, 3270858, 6571110, 502858647, 0, 55.86, 47.015, 10549.3, 49.09, 10, 0
0, 1, 214117, 13826305, 938011, 3078601, 16491647, 776920754, 25231134043, 3268892, 6532799, 499960410, 0, 57.49, 47.42, 10648.7, 49.88, 10, 0
0, 1, 218202, 13897633, 959501, 3101330, 16560803, 780350974, 25215009928, 3271581, 6574119, 502809941, 0, 55.68, 46.585, 10571.7, 49.04, 10, 0
1, 0, 1842724, 10460935, 1717976, 899293, 44500174, 1739462112, 33916713632, 1379476, 6481429, 1126475635, 9, 7469.18, 48.045, 42.135, 48.465, 14, 0
1, 0, 1833809, 10360216, 1689039, 908239, 44425183, 1740320589, 33912995066, 1372712, 6396954, 1130899578, 0, 7421.88, 47.385, 40.815, 47.245, 14, 0
1, 0, 1849546, 10399892, 1686652, 923700, 44621935, 1742754818, 33920757084, 1393508, 6373352, 1133548983, 0, 7488.26, 46.995, 40.685, 47.04, 14, 0
1, 0, 1830440, 10306561, 1661042, 861598, 44782826, 1752132418, 33911474022, 1399102, 6358319, 1130454484, 0, 7368.1, 47.305, 40.44, 46.97, 14, 0
1, 0, 1836138, 10451425, 1696096, 915136, 44564726, 1750084846, 33918171409, 1376716, 6460244, 1131521331, 0, 7473.48, 47.315, 40.55, 47.035, 14, 0
1, 0, 1854208, 10438513, 1693155, 920236, 44700963, 1741512842, 33913131981, 1365416, 6486956, 1127739426, 0, 7463.19, 47.34, 40.305, 46.895, 14, 0
1, 0, 1821492, 10334321, 1666291, 925291, 44253279, 1755278757, 33912048931, 1366434, 6431716, 1134970996, 0, 7420.65, 47.54, 40.92, 47.41, 14, 0
1, 0, 1835892, 10514065, 1739190, 928200, 44676498, 1743358198, 33905677129, 1358572, 6557965, 1127721661, 0, 7514.7, 46.86, 40.11, 46.81, 14, 0
1, 0, 1828596, 10568568, 1760916, 907880, 44406331, 1734808295, 33915458906, 1354281, 6546245, 1123481724, 0, 7602.93, 46.905, 40.275, 46.8, 14, 0
1, 0, 1821129, 10243122, 1692085, 853227, 44927653, 1754829433, 33915997645, 1366077, 6425417, 1133231353, 0, 7409.82, 47.475, 40.55, 47.21, 14, 0
1, 0, 1826204, 10478227, 1717751, 896671, 44607124, 1749179451, 33927665191, 1374670, 6476496, 1131431825, 0, 7509.34, 47.115, 39.92, 46.715, 14, 0
1, 0, 1838594, 10634217, 1761331, 884822, 44216969, 1734960270, 33940254383, 1353276, 6640286, 1119070394, 0, 7589.61, 47.39, 40.35, 47.16, 14, 0
1, 0, 1832942, 10407703, 1700259, 938166, 44627448, 1747539658, 33944088568, 1372366, 6424013, 1129083449, 0, 7503.75, 47.16, 40.425, 47.365, 14, 0
1, 0, 1814360, 10379734, 1689094, 927761, 44589830, 1751972194, 33944569986, 1374165, 6422062, 1132039620, 0, 7381.94, 46.7, 40.075, 46.965, 14, 0
1, 0, 1825189, 10606341, 1767404, 901004, 44186355, 1737616864, 33947125010, 1360724, 6583391, 1123340093, 0, 7548.09, 47.235, 40.445, 47.39, 14, 0
1, 0, 1826332, 10497133, 1724339, 903903, 44374061, 1749969579, 34051049679, 1372345, 6453050, 1131381752, 0, 7519.23, 47.19, 40.325, 47.415, 14, 0
1, 0, 1826120, 10651900, 1767094, 945365, 44182684, 1737592984, 33946827656, 1363160, 6603603, 1122933078, 0, 7545.25, 46.385, 39.65, 46.555, 14, 0
0, 1, 337901, 15304186, 1123793, 3393293, 18579173, 864637366, 33763745100, 3647251, 7124038, 557558828, 0, 60.69, 50.36, 12017.2, 53.835, 14, 0
0, 1, 333451, 15266532, 1111712, 3401183, 18690350, 867889698, 33839226271, 3673999, 7101935, 557204670, 0, 57.7, 47.595, 11954.4, 50.475, 14, 0
0, 1, 336995, 15279097, 1092869, 3396437, 18624696, 866400650, 33935475845, 3648105, 7119439, 557155799, 0, 62.485, 49.585, 11944, 52.875, 14, 0
0, 1, 339562, 15360507, 1128134, 3414828, 18664390, 868036805, 33806360672, 3678294, 7100271, 558557345, 0, 58.395, 48.65, 11954.6, 50.785, 14, 0
0, 1, 337475, 15274924, 1121886, 3434801, 18646917, 865405791, 33807654580, 3664934, 7111984, 557984928, 0, 57.575, 48.225, 12008.3, 50.3, 14, 0
0, 1, 341775, 15403079, 1135815, 3473935, 18774161, 871590163, 33798018545, 3697376, 7075813, 559948974, 0, 57.725, 47.955, 11950.6, 50.835, 14, 0
0, 1, 332824, 15318991, 1123223, 3405036, 18609374, 865479922, 33785692415, 3666513, 7074488, 557083389, 0, 58.11, 48.025, 11983.8, 50.57, 14, 0
0, 1, 334383, 15363589, 1125330, 3420853, 18715519, 868923963, 33766703784, 3683881, 7130161, 559171362, 0, 58.56, 47.655, 11962.9, 50.61, 14, 0
0, 1, 339430, 15348400, 1143046, 3402519, 18697663, 865737287, 33788670472, 3668527, 7102150, 557253095, 6, 58.58, 48.61, 12003, 51.465, 14, 0
0, 1, 339829, 15558364, 1297844, 3385606, 18939753, 870821199, 33779448646, 3612061, 7271174, 560247164, 0, 57.04, 9804.08, 2164.09, 49.745, 14, 0
0, 1, 336448, 15428874, 1285455, 3321754, 18796551, 870215837, 33779577151, 3583153, 7264933, 559908835, 0, 55.455, 11986.3, 37.76, 49.195, 14, 0
0, 1, 327078, 15301835, 1272189, 3276690, 18666638, 867771997, 33769332337, 3574434, 7169561, 557498416, 0, 57.72, 11963.9, 39.755, 50.435, 14, 0
0, 1, 330998, 15471331, 1288071, 3357571, 18887363, 867997084, 33792420188, 3635064, 7218129, 557337309, 0, 57.545, 12018.5, 39.74, 50.475, 14, 0
0, 1, 338947, 15560099, 1292428, 3368137, 18885508, 869789856, 33801125600, 3623363, 7255707, 559878905, 0, 56.065, 12005.7, 38.465, 49.61, 14, 0
0, 1, 335373, 15417217, 1269228, 3336095, 18801341, 870489243, 33762075859, 3597546, 7173854, 559099472, 0, 58.51, 11985.4, 44.855, 52.355, 14, 0
1, 0, 10897533, 1539, 90, 5, 12716545, 7782495742, 5210486545, 4, 20, 4306687302, 0, 51.4, 36.73, 45.99, 47.95, 2, 0
1, 0, 11369375, 310, 80, 0, 13231744, 7816003976, 5195583854, 7, 50, 4334124338, 0, 49.5, 35.875, 44.93, 46.62, 2, 0
1, 0, 11636123, 396, 429, 30, 13571398, 7887722682, 5226923000, 6, 59, 4354715915, 0, 51.165, 36.905, 45.565, 47.725, 2, 0
1, 0, 11623531, 352, 125, 0, 13549402, 7870627217, 5222536101, 3, 34, 4358963303, 0, 50.985, 36.705, 45.545, 47.15, 2, 0
1, 0, 11153942, 437, 254, 5, 13076849, 7830159812, 5183831861, 10, 73, 4335811062, 0, 50.975, 36.875, 45.41, 47.64, 2, 0
1, 0, 11309165, 582, 434, 0, 13316613, 7865860718, 5202978924, 7, 56, 4342010650, 0, 51.26, 37.24, 45.745, 47.82, 2, 0
1, 0, 11615640, 247, 175, 5, 13475864, 7861753683, 5216732956, 30, 96, 4356680529, 0, 50.14, 36.505, 45.13, 46.82, 2, 0
1, 0, 11235543, 460, 219, 10, 13079898, 7820220730, 5178203097, 4, 107, 4331067657, 0, 50.895, 37.035, 45.91, 48.025, 2, 0
1, 0, 11583456, 242, 150, 5, 13559881, 7858836851, 5213793347, 6, 87, 4355775691, 0, 50.525, 36.93, 45.535, 47.72, 2, 0
1, 0, 11607117, 267, 75, 5, 13614406, 7852069413, 5206059114, 3, 66, 4355283953, 0, 50.105, 36.27, 45.065, 46.845, 2, 0
1, 0, 11333172, 526, 225, 0, 12912394, 7579266378, 4883573601, 7, 33, 4244508219, 0, 51.145, 36.685, 45.51, 47.715, 2, 0
1, 0, 11637547, 650, 429, 0, 13759870, 7884796850, 5220984648, 4, 40, 4363862541, 0, 50.73, 37.005, 45.725, 47.605, 2, 0
1, 0, 11619666, 1021, 638, 5, 13686532, 7851937941, 5218126609, 3, 57, 4364097320, 0, 50.56, 36.785, 45.155, 46.875, 2, 0
1, 0, 11141071, 660, 504, 0, 13174693, 7849884887, 5189608931, 3, 17, 4334438081, 0, 51.075, 37.345, 45.71, 47.735, 2, 0
1, 0, 11445014, 716, 559, 5, 13613748, 7894201573, 5222997266, 7, 102, 4351082434, 0, 51, 37.305, 45.58, 47.59, 2, 0
0, 1, 15246152, 5510697, 25110, 4387, 21714219, 5012600728, 5298637951, 3354, 5386588, 2907467760, 0, 7970.99, 3367.18, 36.895, 39.34, 2, 0
0, 1, 15514241, 5295882, 22809, 5674, 20982876, 5033005277, 5296542296, 3030, 5442069, 2916130892, 0, 7982.67, 3343.91, 35.945, 37.95, 2, 0
0, 1, 15732971, 5071200, 20949, 4191, 20404418, 5087517528, 5298299587, 3157, 5290475, 2877024898, 0, 7978.14, 3353.76, 36.5, 38.865, 2, 0
0, 1, 15448385, 5439869, 27475, 4656, 21110151, 5050346032, 5295084801, 3137, 5264829, 2899444068, 100, 7970.06, 3371.51, 38.78, 39.055, 2, 0
0, 1, 18012667, 6858435, 4470, 12255, 24549896, 5096149451, 5284075891, 3923, 6940626, 2991398002, 0, 4099.42, 6338.09, 36.115, 38.24, 2, 0
0, 1, 18183508, 7016816, 4885, 9027, 25335688, 5191346424, 5299151405, 3786, 7034855, 2990487240, 0, 1980.87, 7961.43, 43.375, 41.62, 2, 0
0, 1, 18090495, 7031297, 5484, 10125, 25129599, 5216282773, 5294619520, 3916, 6974801, 2987469678, 0, 1979.93, 7952, 36.98, 39.125, 2, 0
0, 1, 18164736, 7029750, 6053, 10803, 25080509, 5187203134, 5293961846, 3563, 6990114, 2994842434, 0, 2170.11, 7956.82, 83.975, 51.425, 2, 0
0, 1, 18194039, 6971196, 9297, 11178, 25069526, 5199917872, 5293764503, 3753, 6958551, 3006412323, 0, 2052.83, 7920.34, 49.795, 44.71, 2, 0
0, 1, 18296841, 6935441, 5843, 10080, 25180143, 5195905689, 5295989393, 3916, 7015690, 2990657263, 0, 2055.8, 7927.2, 75.64, 49.205, 2, 0
0, 1, 18258743, 7032044, 5284, 9591, 25277001, 5201238531, 5298175787, 3810, 6929321, 2996568679, 0, 2058.57, 7932.77, 44, 45.615, 2, 0
0, 1, 18035637, 6907889, 5993, 9645, 24818333, 5128389261, 5274846334, 3666, 6906859, 2979092143, 2, 1974.38, 7953.52, 45.655, 41.525, 2, 0
0, 1, 17677298, 6638095, 10779, 8893, 24183975, 5169516074, 5272763681, 3460, 6620160, 2966121820, 0, 3259.52, 6996.84, 36.99, 39.345, 2, 0
0, 1, 17620371, 6643912, 8712, 7734, 24275532, 5158355759, 5294812907, 3533, 6672478, 2964812280, 0, 3261.44, 6970.15, 36.84, 38.395, 2, 0
0, 1, 17603743, 6604909, 7246, 9207, 24007179, 5159659511, 5293377344, 3650, 6571062, 2968228543, 0, 3319.17, 6946.2, 45.98, 43.5, 2, 0
1, 0, 14738730, 333, 205, 15, 37499107, 20789588761, 14324999879, 22, 154, 11459537075, 0, 78.035, 42.695, 51.485, 50.215, 6, 0
1, 0, 14943634, 358, 174, 25, 37529459, 20793475384, 14323383099, 15, 168, 11433746000, 0, 53.21, 38.63, 48.63, 48.145, 6, 0
1, 0, 14673471, 285, 140, 60, 38206941, 20792341505, 14325773157, 11, 265, 11472415310, 0, 52.235, 38.11, 47.62, 47.75, 6, 0
1, 0, 14615090, 463, 205, 30, 36341608, 20834835884, 14316052763, 35, 201, 11467643217, 0, 64.705, 58.785, 54.5, 54.45, 6, 0
1, 0, 14870896, 325, 90, 40, 37908274, 20826289499, 14315418513, 33, 141, 11481262403, 0, 53.51, 40.87, 47.48, 49.26, 6, 0
1, 0, 14250831, 1356, 454, 20, 36059307, 20701253735, 14317550404, 26, 174, 11397578707, 0, 119.62, 46.425, 98.025, 57.125, 6, 0
1, 0, 14846129, 332, 130, 15, 37661073, 20748957136, 14319115584, 25, 121, 11454807253, 0, 55.59, 40.92, 52.91, 49.65, 6, 0
1, 0, 14970045, 386, 828, 25, 38306947, 20773653320, 14324183631, 13, 107, 11480413136, 0, 53.105, 39.035, 48.68, 48.115, 6, 0
1, 0, 14949583, 1013, 230, 15, 37695561, 20761254489, 14325406025, 27, 113, 11465147970, 0, 63.035, 63.62, 52.6, 50.685, 6, 0
1, 0, 14600053, 363, 65, 20, 37181328, 20834396304, 14318475372, 19, 217, 11458223094, 0, 53.26, 39.295, 48.725, 48.59, 6, 0
1, 0, 14585359, 1405, 1532, 15, 35919890, 20761387835, 14311224900, 11, 176, 11399905725, 0, 52.64, 38.985, 47.245, 47.46, 6, 0
1, 0, 14798439, 390, 75, 44, 37386046, 20788473988, 14309848481, 16, 233, 11477932498, 0, 52.91, 38.98, 46.795, 48.575, 6, 0
1, 0, 14526201, 426, 219, 55, 36702119, 20806242857, 14305228548, 17, 160, 11454090285, 0, 52.165, 38.57, 45.965, 48.145, 6, 0
1, 0, 14886200, 1139, 788, 250, 37466015, 20737500475, 14302633630, 49, 159, 11451564029, 0, 254.985, 75.395, 71.24, 84.26, 6, 0
1, 0, 14689088, 1120, 843, 70, 36666753, 20849141349, 14303837406, 110, 174, 11523301279, 0, 111.815, 91.295, 106.785, 91.97, 6, 0
0, 1, 39702668, 25121083, 1666411, 6198382, 63893293, 14081266160, 15834231256, 4448384, 12487417, 8512195015, 0, 5243, 8519.03, 68.25, 54.85, 6, 0
0, 1, 39550366, 23744809, 1354456, 6288663, 65070698, 13931102200, 15686542305, 4719984, 11182858, 8438672814, 0, 5204.34, 8264.98, 62.33, 53.255, 6, 0
0, 1, 39576016, 22966204, 1414100, 6101054, 64319030, 13827958008, 15628375067, 4572475, 11900244, 8356506595, 0, 5142.43, 8231.51, 66.805, 60.375, 6, 0
0, 1, 38641151, 23928119, 1509011, 5440542, 61223910, 13927021642, 15625092243, 4362040, 12054408, 8447668527, 171, 5274.36, 8381.98, 66.655, 53.37, 6, 0
0, 1, 39477634, 24109905, 1203200, 6643436, 63805500, 14088173621, 15667818802, 4446063, 11056836, 8646211361, 0, 4141.35, 8041.9, 1319.74, 53.195, 6, 0
0, 1, 39934962, 22600816, 1349770, 6526585, 63816107, 14631169924, 15778779943, 4529482, 10919758, 8723687454, 0, 3462.84, 7719.1, 1919.41, 51.185, 6, 0
0, 1, 39070440, 24065152, 1372734, 6785902, 62349281, 14252711161, 15688530030, 4385538, 10912276, 8698208467, 0, 3491.52, 7792.62, 1940.18, 57.87, 6, 0
0, 1, 39752874, 23687609, 1302529, 6716813, 61504598, 14426039046, 15753098952, 4310308, 11533646, 8583117899, 0, 3581.74, 7835.1, 1971.07, 57.55, 6, 0
0, 1, 40013666, 23378933, 1192511, 6828247, 63461524, 14329226280, 15796430656, 4391945, 11133531, 8716438575, 0, 3675.07, 7719.91, 2014.22, 67.145, 6, 0
0, 1, 39823237, 23221269, 1161816, 6434066, 63772181, 14707359987, 15766430672, 4591354, 10624277, 8779724477, 0, 3414.31, 7979.19, 1930.08, 53.605, 6, 0
0, 1, 39177315, 23177004, 1505787, 6697978, 63122336, 14633982774, 15811364995, 4512522, 11158159, 8772222088, 0, 3463.5, 7590.92, 1930.57, 51.985, 6, 0
0, 1, 39745131, 22935445, 1262246, 6639918, 64606697, 14282232165, 15790102038, 4375222, 10642820, 8837166520, 0, 3418.23, 7688.62, 1929.01, 50.35, 6, 0
0, 1, 39312551, 23983422, 1369411, 6539081, 64062215, 14446111321, 15769369424, 4282601, 10940775, 8816949532, 0, 3508.51, 7721.01, 1936.64, 52.9, 6, 0
0, 1, 39533968, 22728494, 1208568, 6763745, 65754608, 14201676305, 15764415775, 4681398, 10850941, 8697683661, 0, 3419.51, 7786.66, 1940.15, 51.64, 6, 0
0, 1, 40044200, 23907155, 1157630, 6908855, 62342550, 14726924190, 15839256982, 4311005, 10742979, 8667093278, 0, 3483.76, 7793.86, 1934.44, 51.06, 6, 0
1, 0, 55385521, 731, 134, 45, 80355530, 33866290061, 23860269561, 26, 279, 18636521198, 0, 52.3, 38.2, 46.32, 48.18, 10, 0
1, 0, 55347518, 511, 80, 65, 82301666, 33936271228, 24030368105, 46, 426, 18804133237, 0, 52.2, 37.74, 45.71, 47.435, 10, 0
1, 0, 54769668, 836, 180, 70, 83710398, 33824571962, 23861927860, 49, 645, 18694928958, 0, 53.26, 38.605, 46.59, 48.565, 10, 0
1, 0, 55421498, 890, 225, 80, 82600683, 33810760261, 23861391733, 24, 563, 18672677406, 0, 52.585, 38.305, 46.13, 48.2, 10, 0
1, 0, 55622351, 752, 85, 75, 82445093, 33775589031, 23858041637, 27, 350, 18663128935, 0, 51.13, 37.565, 45.725, 47.205, 10, 0
1, 0, 55490594, 514, 115, 75, 82118543, 33755432323, 23853377569, 22, 502, 18641644300, 0, 51.99, 38.17, 46.275, 48.045, 10, 0
1, 0, 55477109, 456, 159, 75, 82757773, 33772722462, 23853205845, 24, 450, 18669954219, 0, 52.86, 38.635, 46.725, 48.565, 10, 0
1, 0, 55132012, 545, 130, 58, 81864429, 33843638928, 23848596146, 22, 534, 18684721478, 0, 51.355, 37.56, 45.54, 47.09, 10, 0
1, 0, 53774406, 703, 150, 70, 82009263, 33918573820, 23880810974, 26, 424, 18668027356, 0, 52.46, 38.22, 46.375, 48.03, 10, 0
1, 0, 53949057, 678, 249, 70, 81562043, 33728781042, 23849279464, 15, 313, 18648554882, 0, 52.73, 38.3, 46, 47.845, 10, 0
1, 0, 55167558, 597, 179, 40, 82119840, 33801219554, 23848304145, 35, 299, 18652925993, 0, 51.845, 37.915, 45.875, 47.225, 10, 0
1, 0, 55030978, 721, 280, 45, 83203745, 33753466384, 23846342227, 41, 275, 18685865887, 0, 52.73, 38.5, 47.65, 52.355, 10, 0
1, 0, 54389606, 634, 155, 49, 81733995, 33799893088, 23851296326, 36, 267, 18715011773, 0, 52.34, 38.33, 46.125, 48.16, 10, 0
1, 0, 55106151, 904, 239, 55, 81735149, 33726037744, 23847044864, 39, 314, 18678747357, 0, 52.17, 38.075, 45.9, 47.715, 10, 0
0, 1, 56476542, 33344362, 2198927, 12925715, 96661003, 24380220586, 25209218181, 4815150, 13958772, 14967259318, 3, 4355.65, 5465.16, 3884.47, 206.335, 10, 0
0, 1, 55669278, 32475366, 2286595, 12695859, 94321820, 24837792051, 25122857254, 4616554, 12865233, 15146600116, 0, 4287.96, 5499.22, 3906.88, 240.175, 10, 0
0, 1, 55721557, 32560557, 2394494, 12601596, 94484157, 24615944207, 25189617621, 4860923, 14051898, 15095679675, 7, 4146.43, 5418.48, 3812.76, 248.64, 10, 0
0, 1, 56148056, 32454970, 2213869, 13202352, 95057440, 25365969308, 25223375434, 4390503, 12678638, 15373395383, 0, 4037.23, 5401.87, 3693.05, 240.115, 10, 0
0, 1, 55790187, 33510391, 2453482, 13344204, 95145427, 25259493875, 25443379280, 4470026, 12849542, 15477428644, 2, 3865.65, 5229.61, 3478.72, 222.36, 10, 0
0, 1, 54455631, 32521635, 2242721, 12553658, 93357822, 25115823329, 25221420113, 4618311, 12955689, 15377909657, 11, 4021.85, 5607.15, 3949.6, 224.955, 10, 0
0, 1, 53531448, 31408616, 2198254, 12662729, 92211113, 25663744219, 25209335310, 4136092, 12334194, 15708425978, 0, 2083.33, 5153.76, 5036.38, 229.37, 10, 0
0, 1, 55279435, 33458285, 1991436, 13383561, 93930093, 24529978998, 25190969935, 4858550, 13548535, 15052108971, 0, 2312.8, 5593.56, 5364.56, 248.285, 10, 0
0, 1, 55722583, 33143672, 2066274, 13720665, 94445034, 25212585292, 25185511001, 4343950, 13079528, 15448093778, 21, 2244.9, 5411.27, 5262.74, 237.855, 10, 0
0, 1, 57256690, 32394194, 1892341, 11554210, 93463735, 24253890739, 25213463856, 4789731, 13108065, 14612868098, 0, 2297.38, 6040.66, 5523.62, 281.445, 10, 0
0, 1, 56678551, 32852594, 2166006, 12439403, 93875437, 24873694781, 25201925015, 4925631, 13129144, 15135912892, 0, 2199.61, 5675.72, 5361.79, 272.7, 10, 0
0, 1, 56423837, 33566748, 2756001, 13178663, 94697940, 24803124677, 25180919469, 4363892, 13408371, 15156829126, 9, 4696.53, 5691.65, 2906.64, 295.895, 10, 0
0, 1, 56038598, 34526412, 2746091, 12533815, 93965613, 24144999479, 25144202765, 5024075, 13665428, 14610426158, 0, 7973.18, 6068.31, 353.53, 337.935, 10, 0
0, 1, 57374337, 34472965, 2868129, 11801034, 95782076, 23925054646, 25180853158, 5388071, 14305900, 14511784828, 1, 7844.01, 5959.17, 402.16, 341.39, 10, 0
1, 0, 57427823, 410, 65, 75, 83330795, 7593689484, 14309904798, 6, 415, 5888928396, 0, 51.765, 39.68, 47.06, 47.865, 6, 0
1, 0, 57309453, 396, 15, 90, 83323597, 7598941065, 14314909903, 24, 277, 5888785199, 0, 51.82, 39.23, 46.795, 48.05, 6, 0
1, 0, 55487590, 330, 30, 80, 80918820, 7501428515, 14314875993, 17, 415, 5805153371, 0, 51.985, 38.72, 46.495, 47.27, 6, 0
1, 0, 57288795, 420, 5, 74, 83099847, 7610259691, 14327813006, 10, 429, 5887612247, 0, 51.77, 39.02, 46.25, 47.39, 6, 0
1, 0, 57335126, 460, 15, 80, 83101804, 7625408855, 14362969704, 17, 333, 5904853264, 0, 52.09, 39.33, 46.575, 47.59, 6, 0
1, 0, 57322701, 418, 10, 90, 83059358, 7625785757, 14353307098, 15, 349, 5897510743, 0, 51.915, 38.57, 46.08, 46.945, 6, 0
1, 0, 57347636, 356, 25, 80, 82951909, 7590830376, 14311439742, 17, 280, 5898815779, 0, 52.855, 39.505, 46.58, 47.955, 6, 0
1, 0, 57362226, 517, 45, 85, 82964675, 7589818707, 14307747293, 33, 383, 5893966741, 0, 53.385, 38.98, 48.21, 47.62, 6, 0
1, 0, 57347919, 582, 5, 99, 82948523, 7591369325, 14304355031, 14, 295, 5896757610, 0, 52.05, 38.325, 45.795, 46.94, 6, 0
1, 0, 57422202, 487, 25, 100, 82872634, 7585261885, 14303280212, 16, 293, 5898259694, 0, 62.19, 41.035, 47.585, 47.83, 6, 0
1, 0, 57424449, 370, 20, 120, 82938050, 7590147415, 14304063914, 27, 303, 5897404897, 0, 62.085, 40.205, 47.885, 48.05, 6, 0
1, 0, 57392499, 278, 60, 120, 82889567, 7590285286, 14301634468, 20, 301, 5896745169, 0, 51.55, 38.365, 45.935, 46.97, 6, 0
1, 0, 57964863, 418, 15, 90, 82934233, 7594049824, 14310461758, 7, 242, 5927044913, 0, 52.965, 39.125, 46.775, 47.59, 6, 0
1, 0, 57440806, 489, 30, 80, 82920217, 7582355524, 14310870509, 13, 209, 5894287693, 0, 58.595, 40.36, 49.42, 48.315, 6, 0
1, 0, 57472573, 543, 30, 90, 82909630, 7582099389, 14305506217, 21, 319, 5891280087, 0, 61.44, 39.48, 46.855, 47.375, 6, 0
0, 1, 11003935, 13173230, 26273, 211150, 26282415, 2554403490, 15799388235, 654818, 12245085, 1962931235, 0, 2982.15, 395.785, 228.39, 225.49, 6, 0
0, 1, 11061141, 13188431, 25071, 207224, 26241322, 2557939809, 15859759554, 653428, 12258116, 1966781863, 0, 3059.5, 398.45, 238.16, 232.95, 6, 0
0, 1, 11036928, 13127351, 25862, 209406, 26177644, 2555748354, 15852862747, 652276, 12239003, 1964179014, 0, 3091.2, 399.205, 244.45, 252.875, 6, 0
0, 1, 11010722, 13139913, 26161, 206257, 26151696, 2557959228, 15864680051, 652206, 12241919, 1968613740, 0, 3023.92, 397.04, 232.285, 227.475, 6, 0
0, 1, 11023509, 13191730, 26677, 209966, 26235305, 2552599226, 15788040775, 660762, 12330114, 1967968307, 0, 2896.95, 402.64, 245.105, 260.4, 6, 0
0, 1, 10992924, 13118397, 25255, 208995, 26137464, 2552335222, 15850322679, 653319, 12255103, 1964487273, 0, 2943.98, 405.96, 260.12, 283.105, 6, 0
0, 1, 11003592, 13147585, 25703, 207011, 26119518, 2552673059, 15848054646, 656784, 12238434, 1963286658, 0, 2960.7, 407.155, 264.645, 287.28, 6, 0
0, 1, 10973791, 13109965, 23897, 208666, 26042740, 2559536129, 15922146797, 658558, 12327215, 1983856150, 0, 2851.89, 407.715, 255.845, 281.13, 6, 0
0, 1, 11024984, 13198207, 25301, 209360, 26152909, 2552265862, 15813477767, 655115, 12322922, 1969489849, 0, 2853.69, 410.145, 255.555, 280.075, 6, 0
0, 1, 11016183, 13145986, 26027, 207215, 26141293, 2549430527, 15827916300, 653831, 12283885, 1969267458, 0, 2823.39, 455.845, 286.775, 268.165, 6, 0
0, 1, 11079438, 13173526, 26304, 211821, 26132491, 2548158271, 15768096992, 649465, 12325444, 1972688669, 0, 2705, 488.505, 286.54, 281.65, 6, 0
0, 1, 11100821, 13205678, 25083, 211097, 26247794, 2556073874, 15829309905, 654797, 12330030, 1974661689, 0, 2552.18, 559.645, 288.785, 311.01, 6, 0
0, 1, 11133673, 13243599, 25658, 212388, 26254520, 2557708203, 15821426638, 655014, 12335522, 1977800463, 0, 2522.32, 570.265, 301.575, 309.895, 6, 0
0, 1, 11006147, 12845342, 22350, 197459, 25599639, 2455998730, 14865381957, 609196, 11841496, 1905622322, 0, 2430.35, 602.05, 341.275, 303.79, 6, 0
0, 1, 11386578, 13552536, 24367, 210638, 26264694, 2561545569, 15865721857, 651147, 12391412, 1993805287, 0, 2436.02, 602.615, 341.08, 303.605, 6, 0
1, 0, 76714708, 457, 45, 120, 100730628, 8193086264, 23847579682, 23, 339, 6398671088, 0, 55.59, 40.075, 48.69, 49.225, 10, 0
1, 0, 76675810, 542, 70, 130, 100778235, 8195521671, 23850410920, 16, 241, 6396257290, 0, 53.615, 39.09, 47.185, 48.415, 10, 0
1, 0, 76999763, 465, 50, 114, 101584584, 8217034261, 23696603224, 18, 193, 6397606229, 0, 52.555, 38.24, 46.22, 47.44, 10, 0
1, 0, 76623026, 362, 20, 100, 100920467, 8191389509, 23850625475, 3, 147, 6398978898, 0, 53.16, 38.925, 47.545, 48.58, 10, 0
1, 0, 76622934, 575, 125, 130, 100856684, 8191730019, 23850339718, 6, 124, 6400092139, 0, 56.215, 39.32, 61.065, 48.775, 10, 0
1, 0, 75630572, 507, 198, 125, 100265063, 8169368502, 23847041743, 10, 232, 6370420013, 0, 58.505, 38.47, 48.23, 47.59, 10, 0
1, 0, 76559677, 486, 35, 179, 100848864, 8196895663, 23854760159, 7, 220, 6399938997, 0, 60.685, 38.72, 49.77, 48.55, 10, 0
1, 0, 76587726, 369, 5, 134, 100912393, 8200497471, 23851801053, 10, 236, 6400866150, 0, 53.295, 38.285, 46.885, 48.06, 10, 0
1, 0, 75975011, 737, 470, 130, 100404045, 8197479211, 23840479659, 3, 199, 6385032037, 0, 54.13, 37.95, 46.35, 47.165, 10, 0
1, 0, 76561949, 446, 30, 99, 101047390, 8219300766, 23933618336, 11, 147, 6404672122, 0, 53.445, 38.13, 46.625, 47.865, 10, 0
1, 0, 76612747, 416, 40, 120, 100965555, 8204802245, 23853189751, 10, 161, 6401478962, 0, 52.835, 38.565, 46.645, 48.005, 10, 0
1, 0, 76708287, 337, 15, 114, 100758639, 8205014239, 23854439303, 0, 144, 6399568910, 0, 52.09, 38.08, 46.405, 47.46, 10, 0
1, 0, 76772821, 496, 60, 120, 100770207, 8210536235, 23853273259, 16, 170, 6402537203, 0, 52.225, 38.275, 46.275, 47.91, 10, 0
1, 0, 76732635, 919, 554, 100, 100759718, 8204008211, 23846859548, 13, 214, 6401120926, 0, 59.475, 39.135, 49.715, 48.84, 10, 0
0, 1, 6992527, 13911733, 19594, 196461, 22601104, 2617419778, 25206544038, 1004009, 12690900, 1995999175, 0, 2028.85, 493.99, 385.845, 1593.42, 10, 0
0, 1, 6990053, 13890593, 17832, 195607, 22606330, 2617731611, 25156778575, 1004227, 12681579, 1997092630, 0, 2020.59, 494.17, 384.275, 1593.93, 10, 0
0, 1, 6979167, 13875021, 18508, 196956, 22566842, 2614400579, 25200872462, 1001706, 12644545, 1992987819, 0, 2020.06, 494.07, 383.81, 1594.87, 10, 0
0, 1, 6521587, 13011057, 18133, 190229, 21230744, 2498269629, 24100435195, 939967, 11873411, 1886953942, 0, 1885.74, 484.795, 439.865, 1660.86, 10, 0
0, 1, 7013368, 13930858, 18454, 198626, 22625999, 2625749942, 25200095626, 1003528, 12717695, 2002128851, 0, 1811.38, 480.23, 475.365, 1706.9, 10, 0
0, 1, 6996896, 13871958, 18301, 199935, 22577726, 2619312730, 25191140793, 999865, 12682185, 2000066497, 0, 1805.65, 478.765, 473.91, 1704.86, 10, 0
0, 1, 7022180, 13901841, 17905, 199201, 22634121, 2619587885, 25216469919, 1003290, 12684039, 2001287443, 0, 1807.39, 479.305, 476.275, 1703.93, 10, 0
0, 1, 7011854, 13898956, 19440, 197777, 22607095, 2620799516, 25210729323, 1001991, 12672567, 1999850093, 2, 1806.55, 479.325, 474.3, 1705.41, 10, 0
0, 1, 7007241, 13938634, 17871, 201368, 22580979, 2625425337, 25155033135, 1000108, 12695727, 2003561645, 0, 1721.5, 506.04, 495.63, 1714.59, 10, 0
0, 1, 7011740, 14014899, 19042, 204460, 22616300, 2626835988, 25243949930, 1014838, 12718474, 2004736715, 0, 1697.31, 514.355, 506.135, 1716.29, 10, 0
0, 1, 7002319, 13930279, 17055, 203017, 22654277, 2630399146, 25224650191, 1016853, 12729461, 2005675449, 0, 1619.43, 539.255, 545.53, 1718.28, 10, 0
0, 1, 6998041, 13923073, 16851, 203687, 22601845, 2631587934, 25236612208, 1012820, 12713895, 2004938861, 0, 1619.28, 539.05, 545.09, 1718.05, 10, 0
0, 1, 7009111, 13945325, 16855, 203958, 22612339, 2625354798, 25246993425, 1012921, 12713118, 2004512813, 0, 1618.09, 538.825, 545.105, 1717.17, 10, 0
0, 1, 7020889, 13943523, 18264, 203373, 22666336, 2626365155, 25207164008, 1011141, 12686089, 2002843737, 0, 1608.63, 534.55, 542.505, 1732.57, 10, 0
1, 0, 7440843, 9319755, 9293331, 525, 24053958, 2107908082, 14318831262, 17, 111, 1772675457, 0, 4901.22, 41.23, 47.305, 49.105, 6, 0
1, 0, 7424042, 9310609, 9289119, 469, 24063502, 2096271018, 14303297152, 18, 119, 1775224179, 0, 4898.65, 41.835, 48.015, 50.12, 6, 0
1, 0, 7439159, 9305126, 9279788, 140, 24103784, 2096381207, 14297115539, 15, 107, 1775426588, 0, 4898.41, 41.555, 47.865, 49.64, 6, 0
1, 0, 7471351, 9311941, 9285212, 150, 24084402, 2094239810, 14293004360, 7, 72, 1775287034, 0, 4901.99, 41.245, 47.39, 49.36, 6, 0
1, 0, 7437785, 9316135, 9291220, 179, 24086133, 2094927854, 14279877355, 4, 79, 1774074354, 0, 4898.1, 41.52, 47.275, 49.57, 6, 0
1, 0, 7438581, 9317058, 9301480, 199, 24069486, 2095200375, 14274752387, 16, 72, 1774483151, 0, 4897.51, 41.38, 47.275, 49.355, 6, 0
1, 0, 7439722, 9309885, 9314215, 175, 24143665, 2095579790, 14293680736, 3, 133, 1775255521, 0, 4898.34, 41.22, 47.135, 49.205, 6, 0
1, 0, 7496811, 9335704, 9314853, 175, 24102816, 2094988777, 14290536334, 11, 127, 1778264511, 0, 4902.36, 41.35, 47.195, 49.555, 6, 0
1, 0, 7448572, 9316291, 9316908, 494, 24099760, 2094912227, 14289092850, 26, 102, 1772664994, 0, 4897.94, 40.855, 46.765, 49.105, 6, 0
1, 0, 7460149, 9302568, 9302953, 479, 24032749, 2096746529, 14291177187, 7, 114, 1771244904, 0, 4896.88, 41.415, 47.46, 49.815, 6, 0
1, 0, 7415217, 9309404, 9314911, 485, 24070611, 2094355505, 14291461034, 6, 122, 1771970688, 0, 4898.09, 42.15, 47.6, 49.825, 6, 0
1, 0, 7453111, 9317344, 9308746, 484, 24161275, 2093822291, 14291453486, 14, 94, 1772398253, 0, 4902.31, 40.995, 46.795, 48.81, 6, 0
0, 1, 6436804, 4010252, 25809, 1226227, 10879273, 968175772, 15787651585, 459749, 2275836, 819258132, 0, 652.17, 85.005, 42.545, 980.025, 6, 0
0, 1, 6439530, 4010734, 26101, 1235016, 10887061, 978303390, 15778518843, 463465, 2271655, 826351571, 0, 672.785, 87.155, 47.575, 983.675, 6, 0
0, 1, 6435534, 4017833, 26867, 1233863, 10897567, 969065604, 15785263094, 460513, 2272008, 818649579, 0, 674.69, 87.335, 47.58, 984.6, 6, 0
0, 1, 6480288, 4012443, 26453, 1222415, 10887486, 975498973, 15783556938, 462776, 2262089, 823403972, 0, 648.795, 84.455, 42.275, 977.9, 6, 0
0, 1, 6485714, 4015818, 27750, 1227345, 10905669, 974833490, 15782583782, 463779, 2264085, 823123284, 0, 671.17, 86.255, 47.425, 983.53, 6, 0
0, 1, 6443023, 4035157, 27988, 1233194, 10885436, 967969603, 15752873712, 466703, 2272195, 817355668, 0, 670.685, 86.755, 47.835, 983.005, 6, 0
0, 1, 6464178, 4007214, 26555, 1224341, 10885960, 979098673, 15770541956, 462096, 2252699, 827962268, 0, 650.56, 84.73, 42.895, 979.66, 6, 0
0, 1, 6448850, 4001638, 26607, 1235848, 10915874, 966557274, 15738156732, 470299, 2267316, 819070647, 0, 670.815, 86.525, 47.865, 983.435, 6, 0
0, 1, 6440872, 4039993, 27441, 1232740, 10918505, 970251792, 15772728180, 462457, 2269490, 818939299, 0, 670.02, 86.44, 47.8, 983.09, 6, 0
1, 0, 16326862, 9832344, 9795003, 529, 34907565, 2617770796, 23535246797, 10, 228, 2206521513, 0, 6521.09, 51.46, 54.92, 65.14, 10, 0
1, 0, 16638750, 9649937, 9609139, 215, 35277881, 2640686998, 23800443255, 16, 99, 2225245262, 0, 6395.75, 43.38, 49.09, 54.83, 10, 0
1, 0, 16596160, 9902667, 9870747, 598, 35444051, 2648910313, 23812948276, 17, 146, 2230368614, 0, 6373.35, 43.21, 49.02, 54.765, 10, 0
1, 0, 16704800, 9910759, 9896288, 219, 35617469, 2649227354, 23802885306, 7, 140, 2230097129, 0, 6424.19, 45.685, 78.26, 59.97, 10, 0
1, 0, 16672718, 9907863, 9903438, 195, 35633418, 2652184061, 23808171016, 33, 163, 2229470427, 0, 6481.39, 49.385, 87.555, 62.245, 10, 0
1, 0, 16669011, 9893290, 9899226, 514, 35640074, 2651581321, 23810217676, 31, 197, 2229950308, 0, 6460.23, 48.595, 56.44, 57.775, 10, 0
1, 0, 16667075, 9877992, 9911648, 215, 35615809, 2652214506, 23806806120, 23, 126, 2228946391, 0, 6389.07, 43.885, 49.45, 55.24, 10, 0
1, 0, 16656241, 9897857, 9905334, 219, 35631385, 2652316427, 23812019967, 26, 177, 2227702599, 0, 6393.98, 43.05, 48.545, 54.195, 10, 0
1, 0, 16652348, 9892791, 9882456, 144, 35674404, 2651608954, 23822972790, 27, 171, 2229062246, 0, 6390.16, 43.915, 49.275, 54.95, 10, 0
0, 1, 10960347, 4829806, 47271, 998465, 16443221, 1114663525, 24862847805, 1032837, 2751736, 934656679, 0, 3227.35, 85.04, 70.185, 72.885, 10, 0
0, 1, 10018766, 4953864, 42924, 1109601, 15639958, 1067419321, 24942445595, 1040314, 2774078, 896553219, 0, 3354.47, 87.835, 125.88, 81.61, 10, 0
0, 1, 9053605, 5142438, 43094, 1257072, 14830313, 1020153345, 25008621362, 1046192, 2782791, 858492386, 0, 3836.54, 98.595, 193.85, 139.605, 10, 0
0, 1, 8331150, 5224905, 45109, 1342852, 14352932, 1004889132, 24915518211, 1024438, 2799783, 841001795, 0, 3751.77, 93.33, 208.075, 157.365, 10, 0
0, 1, 7546363, 5062547, 52226, 1339221, 13559662, 958004125, 24999118021, 894362, 2779145, 803145600, 0, 2245.11, 1673.8, 170.445, 187.815, 10, 0
0, 1, 6904744, 5249080, 50572, 1467992, 13199842, 957305042, 25012954695, 908907, 2816117, 800975491, 0, 1994.87, 1857.14, 147.92, 160.675, 10, 0
0, 1, 8847828, 4782289, 49418, 1101615, 14659818, 1033936744, 25017691422, 866718, 2787361, 864482641, 0, 1581.8, 1829.88, 83.995, 101.705, 10, 0
0, 1, 8917303, 4780266, 50787, 1086976, 14652091, 1028498179, 24948148295, 858231, 2783697, 859528663, 0, 1515.26, 1826.98, 78.24, 74.505, 10, 0
0, 1, 8421266, 4876416, 51248, 1173079, 14316659, 1009644368, 24944825216, 867950, 2783219, 843516082, 1, 1564.19, 1830.58, 81.525, 104.505, 10, 0
1, 0, 18467705, 17535143, 17517998, 310, 45996907, 3132703604, 23818927921, 24, 183, 2631763885, 0, 5701.21, 42.4, 47.415, 53.55, 10, 0
1, 0, 18443025, 17537521, 17515493, 249, 46086388, 3133957000, 23832072377, 16, 136, 2630364821, 0, 5709.93, 42.75, 48.275, 54.4, 10, 0
1, 0, 18471343, 17513720, 17509712, 454, 46109477, 3133929467, 23851750833, 21, 154, 2631638996, 0, 5702.59, 42.37, 47.945, 53.665, 10, 0
1, 0, 18448756, 17562648, 17597723, 199, 46264163, 3145926320, 23954172924, 4, 126, 2639524099, 0, 5709.84, 42.08, 47.69, 53.66, 10, 0
1, 0, 18335144, 17462588, 17479604, 399, 45644240, 3129695032, 23864878977, 15, 177, 2633445626, 0, 5699.76, 42.46, 47.715, 53.965, 10, 0
1, 0, 18479977, 17488222, 17511883, 215, 46009281, 3131784186, 23855839010, 12, 110, 2635571001, 0, 5709.46, 42.86, 48.47, 54.465, 10, 0
1, 0, 18461138, 17487289, 17494390, 260, 46018194, 3134248181, 23854652030, 7, 156, 2636421336, 0, 5704.64, 41.785, 47.43, 52.995, 10, 0
1, 0, 18395793, 17127354, 17168535, 380, 45534132, 3117563461, 23847837737, 7, 201, 2629294922, 0, 5689.01, 42.38, 47.715, 53.685, 10, 0
1, 0, 18476983, 17485954, 17465867, 214, 46010167, 3131924621, 23854161977, 10, 141, 2636610018, 0, 5703.83, 42.445, 47.56, 53.715, 10, 0
0, 1, 14473446, 7789854, 1198579, 1777034, 23940748, 1370403101, 25173996799, 1164728, 3646911, 1148816792, 0, 939.605, 91.465, 1074.33, 643.995, 10, 0
0, 1, 13720347, 7886799, 1161287, 1896424, 23201031, 1346191838, 25172319469, 1190444, 3610660, 1131713456, 0, 923.045, 93.025, 74.05, 1629.3, 10, 0
0, 1, 14100196, 7703886, 1138349, 1745857, 23284037, 1350480396, 25257065798, 1186518, 3606702, 1136848632, 0, 998.08, 95.775, 198.895, 1695.47, 10, 0
0, 1, 14556178, 7588786, 1154327, 1654148, 23624230, 1357657408, 25199941804, 1162711, 3605101, 1144614984, 0, 898.75, 87.375, 62.81, 1623.61, 10, 0
0, 1, 14288910, 7635920, 1144261, 1699041, 23367015, 1354559838, 25237041634, 1176044, 3598022, 1138956327, 0, 918.535, 91.02, 72.72, 1629.95, 10, 0
0, 1, 14337110, 7586103, 1144672, 1650178, 23479810, 1356598113, 25259464686, 1167144, 3604486, 1139430558, 0, 908.565, 91.09, 72.34, 1625.88, 10, 0
0, 1, 14692851, 7500103, 1149900, 1592115, 23632435, 1358797125, 25191096787, 1162543, 3591807, 1144458542, 0, 885.4, 86.745, 63.845, 1622.43, 10, 0
0, 1, 15952097, 7244259, 1074847, 1609914, 24840939, 1400886420, 25288464717, 1054310, 3511783, 1179357072, 0, 1776.34, 89.44, 72.75, 747.44, 10, 0
0, 1, 16347395, 7169856, 1068559, 1592647, 25110944, 1410229290, 25289063547, 1032829, 3490142, 1192191767, 0, 2442.74, 88.54, 71.295, 72.545, 10, 0
0, 1, 16457181, 7149331, 1097045, 1551291, 24977718, 1402240142, 25152765484, 1025456, 3482390, 1194123016, 1, 2436.48, 86.135, 65.405, 70.895, 10, 0
