1, 0, 7353, 426, 50, 10, 22855488, 1731886850, 5254680324, 10, 475, 1133423746, 1, 61.805, 39.95, 48.845, 48.81, 2, 0
1, 0, 6689, 456, 30, 15, 23431268, 1741693149, 5213797886, 7, 183, 1137565616, 0, 62.955, 39.625, 46.965, 47.835, 2, 0
1, 0, 6291, 437, 29, 5, 23068261, 1731382078, 5198213539, 9, 256, 1133004909, 0, 61.82, 38.36, 46.395, 47.63, 2, 0
1, 0, 8198, 482, 45, 0, 23399981, 1741318025, 5259691911, 4, 315, 1145505045, 0, 52.61, 37.63, 46.815, 47.81, 2, 0
1, 0, 6744, 344, 25, 5, 23062133, 1733930712, 5230284401, 10, 250, 1139003444, 0, 50.89, 37.155, 45.77, 46.98, 2, 0
1, 0, 6830, 576, 10, 5, 23261774, 1730553103, 5213893276, 10, 352, 1135669616, 0, 51.705, 37.82, 46.125, 47.78, 2, 0
1, 0, 6420, 486, 30, 5, 22137481, 1738097863, 5246243330, 10, 323, 1135053369, 0, 51.38, 37.33, 46.095, 47.64, 2, 0
1, 0, 6404, 439, 0, 0, 24026027, 1731032493, 5255202657, 0, 396, 1157345397, 0, 50.925, 36.94, 45.59, 46.93, 2, 0
1, 0, 7175, 423, 20, 5, 22556556, 1729094346, 5258538290, 10, 282, 1133925312, 0, 52.01, 37.56, 45.845, 47.765, 2, 0
1, 0, 7260, 530, 35, 0, 24002509, 1729410135, 5262863805, 7, 283, 1145340948, 0, 52.19, 37.67, 45.93, 47.65, 2, 0
1, 0, 6723, 389, 5, 5, 23239378, 1726151936, 5260931642, 16, 372, 1140781441, 0, 51.99, 37.12, 45.96, 47.28, 2, 0
1, 0, 7146, 500, 20, 10, 22693582, 1739689130, 5257199552, 13, 267, 1140601497, 0, 51.765, 37.38, 45.825, 47.57, 2, 0
1, 0, 7423, 513, 15, 0, 23688623, 1739506477, 5266133109, 7, 208, 1142995511, 0, 51.595, 37.255, 45.835, 47.68, 2, 0
1, 0, 6657, 383, 20, 5, 23227352, 1741386948, 5253506797, 14, 263, 1138672200, 0, 51.42, 36.915, 45.64, 47.005, 2, 0
1, 0, 7273, 379, 5, 5, 22941870, 1749853432, 5272679978, 12, 403, 1145849894, 0, 52.12, 37.375, 46.185, 47.695, 2, 0
1, 0, 6106, 506, 0, 5, 23437241, 1724271129, 5237004926, 21, 392, 1142151763, 0, 52.02, 37.5, 45.87, 47.575, 2, 0
1, 0, 6990, 544, 20, 5, 24097772, 1731204460, 5213976074, 7, 432, 1143723727, 0, 51.815, 37.025, 45.59, 47.13, 2, 0
0, 1, 49020, 3972504, 336371, 348950, 3988148, 659345077, 5300186648, 812116, 2447443, 434518567, 0, 3485.77, 37.605, 36.645, 38.84, 2, 0
0, 1, 50906, 4045730, 365786, 342883, 4163186, 667648292, 5303659361, 835158, 2482369, 439055683, 0, 2354.61, 1178.11, 36.125, 38.08, 2, 0
0, 1, 50094, 4094855, 465732, 278717, 4188173, 671327579, 5300913205, 855117, 2509771, 435169308, 0, 43.705, 3400.74, 36.595, 38.8, 2, 0
0, 1, 49180, 4171727, 471236, 284330, 4268086, 664798469, 5303245262, 872283, 2502985, 432003660, 0, 43.05, 3389.94, 36.285, 38.79, 2, 0
0, 1, 46483, 4080908, 437778, 282070, 4147504, 664049843, 5302623529, 847952, 2452914, 432658999, 0, 42.68, 3595.26, 35.88, 38.235, 2, 0
0, 1, 49161, 4097978, 467872, 275178, 4180133, 662755808, 5302810904, 867774, 2489894, 433547046, 0, 42.715, 3446.74, 36.255, 38.495, 2, 0
0, 1, 45168, 4175857, 420198, 283941, 4167592, 662721266, 5312587525, 840885, 2533431, 433274669, 0, 42.78, 3513.47, 36.145, 38.425, 2, 0
0, 1, 48755, 4110016, 455662, 281965, 4220483, 671902816, 5307395588, 840266, 2496351, 435687918, 0, 46.5, 3523.28, 36.6, 40.26, 2, 0
0, 1, 47892, 4087811, 434848, 277345, 4071555, 669564163, 5306211390, 851715, 2487773, 436828155, 0, 47.81, 3459.68, 38.075, 41.895, 2, 0
0, 1, 45874, 4147551, 457758, 267074, 4120408, 670223497, 5311886407, 844244, 2559984, 434459823, 0, 43.46, 3478.11, 36.665, 39.05, 2, 0
0, 1, 45821, 3924709, 335154, 361486, 4019261, 657353767, 5310796737, 840502, 2410234, 424539922, 0, 2560.01, 1000.13, 36.625, 38.975, 2, 0
0, 1, 47602, 3923452, 329235, 346750, 4007060, 656960392, 5311476487, 848534, 2408479, 424810458, 0, 3467.49, 37.9, 36.99, 39.47, 2, 0
0, 1, 48295, 3922377, 328482, 370298, 4068516, 656310268, 5309770418, 852400, 2388216, 423988250, 0, 3483.17, 37.76, 36.47, 38.97, 2, 0
0, 1, 49281, 3884802, 330298, 328327, 3938028, 644225852, 5309092789, 853200, 2368616, 420176607, 0, 3548.64, 37.27, 36.245, 38.67, 2, 0
0, 1, 45565, 4022689, 343017, 371451, 4122699, 649231670, 5312076327, 808037, 2462825, 426845240, 0, 3562.97, 38.065, 36.715, 39.155, 2, 0
0, 1, 46183, 3885851, 336381, 342678, 4041700, 638939050, 5322663861, 849906, 2401096, 415099193, 0, 3472.64, 37.68, 36.975, 41.88, 2, 0
1, 0, 1461305, 791, 55, 95, 60548790, 2588250836, 14303898957, 42, 568, 1671830563, 0, 53.73, 39.355, 46.575, 48.5, 6, 0
1, 0, 1466218, 859, 95, 145, 59583724, 2532812236, 14303834917, 19, 640, 1657036123, 0, 53.025, 38.885, 46.335, 48.615, 6, 0
1, 0, 1418513, 668, 69, 94, 60189456, 2562855641, 14304332283, 27, 578, 1682484793, 0, 69.46, 39.48, 48.68, 51.07, 6, 0
1, 0, 1410699, 786, 70, 84, 59413555, 2535197985, 14303156860, 49, 621, 1677202574, 0, 257.065, 41.715, 75.035, 66.44, 6, 0
1, 0, 1468430, 747, 80, 60, 59284966, 2511534617, 14305018361, 20, 517, 1647693964, 0, 238.65, 50.67, 172.41, 98.17, 6, 0
1, 0, 1431078, 877, 100, 80, 59187204, 2573220602, 14316216324, 28, 390, 1686296691, 0, 62.23, 42.18, 58.025, 51.52, 6, 0
1, 0, 1460447, 743, 65, 45, 60208737, 2586491725, 14318376376, 19, 560, 1674799633, 0, 52.945, 39.23, 47.105, 48.735, 6, 0
1, 0, 1492240, 578, 60, 65, 60081462, 2530945919, 14319181355, 20, 534, 1642280800, 0, 52.48, 38.375, 46.825, 47.8, 6, 0
1, 0, 1422383, 554, 64, 55, 60540543, 2572918651, 14370670750, 16, 504, 1660523176, 0, 52.24, 38.475, 46.46, 48.085, 6, 0
1, 0, 1460671, 824, 80, 40, 60401864, 2570157909, 14443913588, 33, 583, 1677246304, 0, 55.005, 39.525, 48.575, 49.05, 6, 0
1, 0, 1477473, 737, 80, 80, 60302385, 2564691095, 14310357001, 16, 738, 1668752768, 0, 52.115, 38.125, 45.865, 47.445, 6, 0
1, 0, 1469496, 802, 35, 69, 59916616, 2525094275, 14310486857, 41, 585, 1633937465, 0, 63.4, 40.755, 53.27, 49.1, 6, 0
1, 0, 1463586, 726, 49, 50, 60840007, 2571942106, 14310286794, 40, 606, 1686046125, 0, 52.715, 38.695, 46.33, 48.09, 6, 0
1, 0, 1456676, 753, 60, 45, 60410929, 2544821981, 14310207602, 7, 534, 1658933521, 0, 52.245, 38.28, 46.145, 47.755, 6, 0
1, 0, 1453350, 822, 40, 60, 59411244, 2539811825, 14310253927, 11, 618, 1655818105, 0, 52.605, 38.665, 46.255, 48.07, 6, 0
1, 0, 1405348, 784, 65, 40, 59341203, 2514026682, 13984110566, 23, 540, 1625218013, 0, 52.46, 38.805, 46.335, 48.005, 6, 0
0, 1, 115907, 11474375, 1081357, 2353538, 13238934, 664378468, 15806457839, 2404167, 5567992, 425061750, 0, 8445.45, 47.47, 39.28, 49.92, 6, 0
0, 1, 114132, 11325355, 1095535, 2269113, 13007677, 658172059, 15844218205, 2358961, 5588997, 424074013, 3, 8355.84, 47.395, 38.96, 50.01, 6, 0
0, 1, 116945, 11476097, 1100943, 2327635, 13119608, 662490996, 15821985255, 2365972, 5646125, 429225398, 0, 2804.26, 5625.25, 37.575, 48.28, 6, 0
0, 1, 119245, 11474804, 1115549, 2306677, 13218940, 661606874, 15795394180, 2346480, 5679434, 428352951, 0, 54.435, 8308.52, 37.91, 49.115, 6, 0
0, 1, 117921, 11455899, 1099367, 2264328, 13271414, 666793896, 15852029143, 2361148, 5656700, 426749873, 0, 54.915, 8365.69, 37.875, 49.06, 6, 0
0, 1, 117214, 11423712, 1085216, 2288878, 13081443, 666881291, 15852170377, 2351209, 5660811, 427153542, 0, 54.305, 8328.02, 38.05, 49.155, 6, 0
0, 1, 120640, 11536919, 1116816, 2358638, 13215407, 662347614, 15772705406, 2381440, 5701245, 431171614, 0, 54.06, 8464.44, 38.13, 49.435, 6, 0
0, 1, 120412, 11574676, 1112865, 2319273, 13242848, 666411574, 15803910414, 2378807, 5772905, 433901251, 0, 53.685, 8436.75, 37.75, 49.455, 6, 0
0, 1, 117126, 11368810, 1083903, 2281033, 13099148, 662867269, 15812608203, 2350138, 5680829, 429055009, 0, 53.45, 8362.67, 37.88, 48.88, 6, 0
0, 1, 118276, 11443413, 1093389, 2324038, 13239757, 665258598, 15842684886, 2366223, 5659902, 429737210, 0, 54.675, 8446.49, 42.97, 50.585, 6, 0
0, 1, 116350, 11436598, 1095804, 2333699, 13271869, 666336021, 15847968318, 2351774, 5666248, 429184071, 0, 57.395, 8355.17, 42.335, 54.235, 6, 0
0, 1, 118054, 11447185, 1057007, 2296766, 13245664, 667777419, 15868214882, 2364223, 5692708, 430329530, 0, 53.15, 8342.57, 37.68, 48.405, 6, 0
0, 1, 123257, 11523287, 1103958, 2298231, 13308217, 673310384, 15972697960, 2410913, 5896122, 440602813, 0, 54.85, 8445.41, 38.595, 49.53, 6, 0
0, 1, 117703, 11372104, 1077306, 2240134, 13080685, 665537766, 15854408681, 2368701, 5737109, 429895261, 0, 54.275, 8402.25, 38.245, 48.51, 6, 0
0, 1, 120561, 11373188, 1105305, 2308569, 13175072, 665666394, 15847323754, 2381626, 5673705, 428757591, 0, 53.655, 8378.65, 37.315, 47.84, 6, 0
0, 1, 121383, 11575400, 1084327, 2325514, 13053216, 658974927, 15818473264, 2371310, 5727096, 433118447, 0, 53.905, 8450.55, 38.195, 48.925, 6, 0
1, 0, 2922457, 908, 85, 70, 82101997, 3185289355, 23858537511, 58, 626, 2063746552, 0, 52.58, 39.04, 46.445, 47.89, 10, 0
1, 0, 2902754, 835, 95, 99, 81734026, 3188614376, 23856810822, 24, 688, 2078389567, 0, 53.71, 40.015, 47.725, 48.86, 10, 0
1, 0, 2901163, 1091, 115, 89, 80427144, 3172168974, 23852259704, 50, 621, 2061878279, 0, 52.82, 39.2, 47.005, 47.985, 10, 0
1, 0, 2901112, 856, 115, 60, 80195967, 3176828141, 23856769036, 35, 509, 2065130596, 0, 51.43, 38.51, 46.345, 47.405, 10, 0
1, 0, 2895842, 825, 105, 80, 81651390, 3175240666, 23859330033, 56, 723, 2067162618, 0, 52.265, 38.97, 47.01, 48.065, 10, 0
1, 0, 2933294, 1039, 114, 120, 81703511, 3192289110, 24005530520, 33, 739, 2072361557, 0, 53.275, 39.165, 46.81, 47.76, 10, 0
1, 0, 2864210, 796, 74, 80, 81967027, 3185447909, 23859780356, 37, 769, 2070362015, 0, 53.335, 38.885, 46.225, 47.99, 10, 0
1, 0, 2912831, 817, 70, 75, 81334311, 3170193488, 23864499176, 22, 639, 2050740364, 0, 53.34, 39.025, 46.45, 48.12, 10, 0
1, 0, 2906766, 788, 38, 65, 81175420, 3166831917, 23871259280, 27, 564, 2052135779, 0, 51.775, 37.88, 45.68, 47.08, 10, 0
1, 0, 2951110, 738, 55, 60, 81019857, 3155643679, 23870037814, 36, 592, 2046123279, 0, 53.3, 38.5, 46.74, 48.03, 10, 0
1, 0, 2894542, 938, 65, 85, 82002599, 3190702053, 23865190964, 22, 528, 2072194501, 0, 53.015, 38.635, 46.465, 47.53, 10, 0
1, 0, 2907168, 954, 80, 74, 80338524, 3160799500, 23864203275, 29, 583, 2048273425, 0, 52.375, 38.21, 45.93, 47.175, 10, 0
1, 0, 2923888, 799, 55, 90, 80999169, 3157363627, 23964624903, 54, 472, 2060971915, 0, 53.005, 38.48, 46.585, 47.875, 10, 0
1, 0, 2882309, 804, 30, 70, 82421576, 3225892941, 23979147412, 36, 593, 2083165102, 0, 53.165, 39.07, 47.145, 48.04, 10, 0
1, 0, 2911719, 868, 80, 70, 81539379, 3176274976, 23861688690, 48, 700, 2064526842, 0, 52.54, 38.29, 46.085, 47.245, 10, 0
1, 0, 2878171, 890, 60, 90, 81395849, 3179662799, 23860277569, 33, 610, 2069863317, 0, 52.895, 38.76, 46.49, 47.905, 10, 0
0, 1, 216355, 13878892, 941569, 3084299, 16438363, 777400836, 25206981996, 3273415, 6523159, 499594292, 0, 56.54, 47.51, 10603.2, 49.72, 10, 0
0, 1, 213705, 13752868, 940360, 3059878, 16459541, 775912937, 25241648929, 3281385, 6534745, 500093385, 0, 57.63, 48.16, 10655.2, 51.035, 10, 0
0, 1, 220209, 13820187, 953919, 3087607, 16467933, 779031676, 25204405891, 3290208, 6535565, 500592100, 0, 56.79, 47.625, 10649.3, 50.38, 10, 0
0, 1, 212430, 13775343, 935455, 3093805, 16508987, 778369441, 25205711665, 3252631, 6540343, 500621922, 0, 55.41, 46.935, 10537, 49.41, 10, 0
0, 1, 216950, 13822341, 940202, 3105327, 16579442, 779403060, 25195030269, 3273853, 6532832, 500691564, 0, 57.12, 47.845, 10615.3, 50.195, 10, 0
0, 1, 216077, 13787482, 937221, 3105527, 16527584, 779622211, 25246672250, 3269587, 6551837, 500339528, 0, 55.885, 47.15, 10585, 49.82, 10, 0
0, 1, 212706, 13844286, 939667, 3094962, 16538877, 779021166, 25314868227, 3276683, 6558866, 501743506, 0, 55.685, 46.915, 10620.7, 49.69, 10, 0
0, 1, 212396, 13831148, 919108, 3094842, 16642399, 788499527, 25535879195, 3308152, 6562781, 500491452, 0, 56.815, 47.535, 10615.5, 50.63, 10, 0
0, 1, 214094, 13849893, 951602, 3069455, 16561280, 781670656, 25276840928, 3283173, 6572552, 501291900, 0, 55.72, 47.5, 10617.7, 49.935, 10, 0
0, 1, 213708, 13826345, 938823, 3094286, 16579684, 781289303, 25274373103, 3292861, 6546724, 501627831, 0, 54.99, 46.545, 10584.5, 49.225, 10, 0
0, 1, 216467, 13856004, 938480, 3087157, 16544839, 781371647, 25276989941, 3274724, 6542901, 501877039, 0, 55.535, 47.285, 10587.7, 48.845, 10, 0
0, 1, 216471, 13849568, 948080, 3069929, 16492785, 776437629, 25261444887, 3268249, 6560508, 500086145, 0, 56.065, 47.305, 10512.3, 49.82, 10, 0
0, 1, 218199, 13846527, 944951, 3060174, 16468881, 778579998, 25263399466, 3277116, 6568814, 500542107, 0, 54.95, 46.905, 10605.5, 49.205, 10, 0
0, 1, 215354, 13957510, 956977, 3087564, 16510745, 778574977, 25246029690, 3270858, 6571110, 502858647, 0, 55.86, 47.015, 10549.3, 49.09, 10, 0
0, 1, 214117, 13826305, 938011, 3078601, 16491647, 776920754, 25231134043, 3268892, 6532799, 499960410, 0, 57.49, 47.42, 10648.7, 49.88, 10, 0
0, 1, 218202, 13897633, 959501, 3101330, 16560803, 780350974, 25215009928, 3271581, 6574119, 502809941, 0, 55.68, 46.585, 10571.7, 49.04, 10, 0
1, 0, 1842724, 10460935, 1717976, 899293, 44500174, 1739462112, 33916713632, 1379476, 6481429, 1126475635, 9, 7469.18, 48.045, 42.135, 48.465, 14, 0
1, 0, 1833809, 10360216, 1689039, 908239, 44425183, 1740320589, 33912995066, 1372712, 6396954, 1130899578, 0, 7421.88, 47.385, 40.815, 47.245, 14, 0
1, 0, 1849546, 10399892, 1686652, 923700, 44621935, 1742754818, 33920757084, 1393508, 6373352, 1133548983, 0, 7488.26, 46.995, 40.685, 47.04, 14, 0
1, 0, 1830440, 10306561, 1661042, 861598, 44782826, 1752132418, 33911474022, 1399102, 6358319, 1130454484, 0, 7368.1, 47.305, 40.44, 46.97, 14, 0
1, 0, 1836138, 10451425, 1696096, 915136, 44564726, 1750084846, 33918171409, 1376716, 6460244, 1131521331, 0, 7473.48, 47.315, 40.55, 47.035, 14, 0
1, 0, 1854208, 10438513, 1693155, 920236, 44700963, 1741512842, 33913131981, 1365416, 6486956, 1127739426, 0, 7463.19, 47.34, 40.305, 46.895, 14, 0
1, 0, 1821492, 10334321, 1666291, 925291, 44253279, 1755278757, 33912048931, 1366434, 6431716, 1134970996, 0, 7420.65, 47.54, 40.92, 47.41, 14, 0
1, 0, 1835892, 10514065, 1739190, 928200, 44676498, 1743358198, 33905677129, 1358572, 6557965, 1127721661, 0, 7514.7, 46.86, 40.11, 46.81, 14, 0
1, 0, 1828596, 10568568, 1760916, 907880, 44406331, 1734808295, 33915458906, 1354281, 6546245, 1123481724, 0, 7602.93, 46.905, 40.275, 46.8, 14, 0
1, 0, 1821129, 10243122, 1692085, 853227, 44927653, 1754829433, 33915997645, 1366077, 6425417, 1133231353, 0, 7409.82, 47.475, 40.55, 47.21, 14, 0
1, 0, 1826204, 10478227, 1717751, 896671, 44607124, 1749179451, 33927665191, 1374670, 6476496, 1131431825, 0, 7509.34, 47.115, 39.92, 46.715, 14, 0
1, 0, 1838594, 10634217, 1761331, 884822, 44216969, 1734960270, 33940254383, 1353276, 6640286, 1119070394, 0, 7589.61, 47.39, 40.35, 47.16, 14, 0
1, 0, 1832942, 10407703, 1700259, 938166, 44627448, 1747539658, 33944088568, 1372366, 6424013, 1129083449, 0, 7503.75, 47.16, 40.425, 47.365, 14, 0
1, 0, 1814360, 10379734, 1689094, 927761, 44589830, 1751972194, 33944569986, 1374165, 6422062, 1132039620, 0, 7381.94, 46.7, 40.075, 46.965, 14, 0
1, 0, 1825189, 10606341, 1767404, 901004, 44186355, 1737616864, 33947125010, 1360724, 6583391, 1123340093, 0, 7548.09, 47.235, 40.445, 47.39, 14, 0
1, 0, 1826332, 10497133, 1724339, 903903, 44374061, 1749969579, 34051049679, 1372345, 6453050, 1131381752, 0, 7519.23, 47.19, 40.325, 47.415, 14, 0
1, 0, 1826120, 10651900, 1767094, 945365, 44182684, 1737592984, 33946827656, 1363160, 6603603, 1122933078, 0, 7545.25, 46.385, 39.65, 46.555, 14, 0
0, 1, 337901, 15304186, 1123793, 3393293, 18579173, 864637366, 33763745100, 3647251, 7124038, 557558828, 0, 60.69, 50.36, 12017.2, 53.835, 14, 0
0, 1, 333451, 15266532, 1111712, 3401183, 18690350, 867889698, 33839226271, 3673999, 7101935, 557204670, 0, 57.7, 47.595, 11954.4, 50.475, 14, 0
0, 1, 336995, 15279097, 1092869, 3396437, 18624696, 866400650, 33935475845, 3648105, 7119439, 557155799, 0, 62.485, 49.585, 11944, 52.875, 14, 0
0, 1, 339562, 15360507, 1128134, 3414828, 18664390, 868036805, 33806360672, 3678294, 7100271, 558557345, 0, 58.395, 48.65, 11954.6, 50.785, 14, 0
0, 1, 337475, 15274924, 1121886, 3434801, 18646917, 865405791, 33807654580, 3664934, 7111984, 557984928, 0, 57.575, 48.225, 12008.3, 50.3, 14, 0
0, 1, 341775, 15403079, 1135815, 3473935, 18774161, 871590163, 33798018545, 3697376, 7075813, 559948974, 0, 57.725, 47.955, 11950.6, 50.835, 14, 0
0, 1, 332824, 15318991, 1123223, 3405036, 18609374, 865479922, 33785692415, 3666513, 7074488, 557083389, 0, 58.11, 48.025, 11983.8, 50.57, 14, 0
0, 1, 334383, 15363589, 1125330, 3420853, 18715519, 868923963, 33766703784, 3683881, 7130161, 559171362, 0, 58.56, 47.655, 11962.9, 50.61, 14, 0
0, 1, 339430, 15348400, 1143046, 3402519, 18697663, 865737287, 33788670472, 3668527, 7102150, 557253095, 6, 58.58, 48.61, 12003, 51.465, 14, 0
0, 1, 339829, 15558364, 1297844, 3385606, 18939753, 870821199, 33779448646, 3612061, 7271174, 560247164, 0, 57.04, 9804.08, 2164.09, 49.745, 14, 0
0, 1, 336448, 15428874, 1285455, 3321754, 18796551, 870215837, 33779577151, 3583153, 7264933, 559908835, 0, 55.455, 11986.3, 37.76, 49.195, 14, 0
0, 1, 327078, 15301835, 1272189, 3276690, 18666638, 867771997, 33769332337, 3574434, 7169561, 557498416, 0, 57.72, 11963.9, 39.755, 50.435, 14, 0
0, 1, 330998, 15471331, 1288071, 3357571, 18887363, 867997084, 33792420188, 3635064, 7218129, 557337309, 0, 57.545, 12018.5, 39.74, 50.475, 14, 0
0, 1, 338947, 15560099, 1292428, 3368137, 18885508, 869789856, 33801125600, 3623363, 7255707, 559878905, 0, 56.065, 12005.7, 38.465, 49.61, 14, 0
0, 1, 335373, 15417217, 1269228, 3336095, 18801341, 870489243, 33762075859, 3597546, 7173854, 559099472, 0, 58.51, 11985.4, 44.855, 52.355, 14, 0
1, 0, 10897533, 1539, 90, 5, 12716545, 7782495742, 5210486545, 4, 20, 4306687302, 0, 51.4, 36.73, 45.99, 47.95, 2, 0
1, 0, 11369375, 310, 80, 0, 13231744, 7816003976, 5195583854, 7, 50, 4334124338, 0, 49.5, 35.875, 44.93, 46.62, 2, 0
1, 0, 11636123, 396, 429, 30, 13571398, 7887722682, 5226923000, 6, 59, 4354715915, 0, 51.165, 36.905, 45.565, 47.725, 2, 0
1, 0, 11623531, 352, 125, 0, 13549402, 7870627217, 5222536101, 3, 34, 4358963303, 0, 50.985, 36.705, 45.545, 47.15, 2, 0
1, 0, 11153942, 437, 254, 5, 13076849, 7830159812, 5183831861, 10, 73, 4335811062, 0, 50.975, 36.875, 45.41, 47.64, 2, 0
1, 0, 11309165, 582, 434, 0, 13316613, 7865860718, 5202978924, 7, 56, 4342010650, 0, 51.26, 37.24, 45.745, 47.82, 2, 0
1, 0, 11615640, 247, 175, 5, 13475864, 7861753683, 5216732956, 30, 96, 4356680529, 0, 50.14, 36.505, 45.13, 46.82, 2, 0
1, 0, 11235543, 460, 219, 10, 13079898, 7820220730, 5178203097, 4, 107, 4331067657, 0, 50.895, 37.035, 45.91, 48.025, 2, 0
1, 0, 11583456, 242, 150, 5, 13559881, 7858836851, 5213793347, 6, 87, 4355775691, 0, 50.525, 36.93, 45.535, 47.72, 2, 0
1, 0, 11607117, 267, 75, 5, 13614406, 7852069413, 5206059114, 3, 66, 4355283953, 0, 50.105, 36.27, 45.065, 46.845, 2, 0
1, 0, 11333172, 526, 225, 0, 12912394, 7579266378, 4883573601, 7, 33, 4244508219, 0, 51.145, 36.685, 45.51, 47.715, 2, 0
1, 0, 11637547, 650, 429, 0, 13759870, 7884796850, 5220984648, 4, 40, 4363862541, 0, 50.73, 37.005, 45.725, 47.605, 2, 0
1, 0, 11619666, 1021, 638, 5, 13686532, 7851937941, 5218126609, 3, 57, 4364097320, 0, 50.56, 36.785, 45.155, 46.875, 2, 0
1, 0, 11141071, 660, 504, 0, 13174693, 7849884887, 5189608931, 3, 17, 4334438081, 0, 51.075, 37.345, 45.71, 47.735, 2, 0
1, 0, 11445014, 716, 559, 5, 13613748, 7894201573, 5222997266, 7, 102, 4351082434, 0, 51, 37.305, 45.58, 47.59, 2, 0
0, 1, 15246152, 5510697, 25110, 4387, 21714219, 5012600728, 5298637951, 3354, 5386588, 2907467760, 0, 7970.99, 3367.18, 36.895, 39.34, 2, 0
0, 1, 15514241, 5295882, 22809, 5674, 20982876, 5033005277, 5296542296, 3030, 5442069, 2916130892, 0, 7982.67, 3343.91, 35.945, 37.95, 2, 0
0, 1, 15732971, 5071200, 20949, 4191, 20404418, 5087517528, 5298299587, 3157, 5290475, 2877024898, 0, 7978.14, 3353.76, 36.5, 38.865, 2, 0
0, 1, 15448385, 5439869, 27475, 4656, 21110151, 5050346032, 5295084801, 3137, 5264829, 2899444068, 100, 7970.06, 3371.51, 38.78, 39.055, 2, 0
0, 1, 18012667, 6858435, 4470, 12255, 24549896, 5096149451, 5284075891, 3923, 6940626, 2991398002, 0, 4099.42, 6338.09, 36.115, 38.24, 2, 0
0, 1, 18183508, 7016816, 4885, 9027, 25335688, 5191346424, 5299151405, 3786, 7034855, 2990487240, 0, 1980.87, 7961.43, 43.375, 41.62, 2, 0
0, 1, 18090495, 7031297, 5484, 10125, 25129599, 5216282773, 5294619520, 3916, 6974801, 2987469678, 0, 1979.93, 7952, 36.98, 39.125, 2, 0
0, 1, 18164736, 7029750, 6053, 10803, 25080509, 5187203134, 5293961846, 3563, 6990114, 2994842434, 0, 2170.11, 7956.82, 83.975, 51.425, 2, 0
0, 1, 18194039, 6971196, 9297, 11178, 25069526, 5199917872, 5293764503, 3753, 6958551, 3006412323, 0, 2052.83, 7920.34, 49.795, 44.71, 2, 0
0, 1, 18296841, 6935441, 5843, 10080, 25180143, 5195905689, 5295989393, 3916, 7015690, 2990657263, 0, 2055.8, 7927.2, 75.64, 49.205, 2, 0
0, 1, 18258743, 7032044, 5284, 9591, 25277001, 5201238531, 5298175787, 3810, 6929321, 2996568679, 0, 2058.57, 7932.77, 44, 45.615, 2, 0
0, 1, 18035637, 6907889, 5993, 9645, 24818333, 5128389261, 5274846334, 3666, 6906859, 2979092143, 2, 1974.38, 7953.52, 45.655, 41.525, 2, 0
0, 1, 17677298, 6638095, 10779, 8893, 24183975, 5169516074, 5272763681, 3460, 6620160, 2966121820, 0, 3259.52, 6996.84, 36.99, 39.345, 2, 0
0, 1, 17620371, 6643912, 8712, 7734, 24275532, 5158355759, 5294812907, 3533, 6672478, 2964812280, 0, 3261.44, 6970.15, 36.84, 38.395, 2, 0
0, 1, 17603743, 6604909, 7246, 9207, 24007179, 5159659511, 5293377344, 3650, 6571062, 2968228543, 0, 3319.17, 6946.2, 45.98, 43.5, 2, 0
1, 0, 14738730, 333, 205, 15, 37499107, 20789588761, 14324999879, 22, 154, 11459537075, 0, 78.035, 42.695, 51.485, 50.215, 6, 0
1, 0, 14943634, 358, 174, 25, 37529459, 20793475384, 14323383099, 15, 168, 11433746000, 0, 53.21, 38.63, 48.63, 48.145, 6, 0
1, 0, 14673471, 285, 140, 60, 38206941, 20792341505, 14325773157, 11, 265, 11472415310, 0, 52.235, 38.11, 47.62, 47.75, 6, 0
1, 0, 14615090, 463, 205, 30, 36341608, 20834835884, 14316052763, 35, 201, 11467643217, 0, 64.705, 58.785, 54.5, 54.45, 6, 0
1, 0, 14870896, 325, 90, 40, 37908274, 20826289499, 14315418513, 33, 141, 11481262403, 0, 53.51, 40.87, 47.48, 49.26, 6, 0
1, 0, 14250831, 1356, 454, 20, 36059307, 20701253735, 14317550404, 26, 174, 11397578707, 0, 119.62, 46.425, 98.025, 57.125, 6, 0
1, 0, 14846129, 332, 130, 15, 37661073, 20748957136, 14319115584, 25, 121, 11454807253, 0, 55.59, 40.92, 52.91, 49.65, 6, 0
1, 0, 14970045, 386, 828, 25, 38306947, 20773653320, 14324183631, 13, 107, 11480413136, 0, 53.105, 39.035, 48.68, 48.115, 6, 0
1, 0, 14949583, 1013, 230, 15, 37695561, 20761254489, 14325406025, 27, 113, 11465147970, 0, 63.035, 63.62, 52.6, 50.685, 6, 0
1, 0, 14600053, 363, 65, 20, 37181328, 20834396304, 14318475372, 19, 217, 11458223094, 0, 53.26, 39.295, 48.725, 48.59, 6, 0
1, 0, 14585359, 1405, 1532, 15, 35919890, 20761387835, 14311224900, 11, 176, 11399905725, 0, 52.64, 38.985, 47.245, 47.46, 6, 0
1, 0, 14798439, 390, 75, 44, 37386046, 20788473988, 14309848481, 16, 233, 11477932498, 0, 52.91, 38.98, 46.795, 48.575, 6, 0
1, 0, 14526201, 426, 219, 55, 36702119, 20806242857, 14305228548, 17, 160, 11454090285, 0, 52.165, 38.57, 45.965, 48.145, 6, 0
1, 0, 14886200, 1139, 788, 250, 37466015, 20737500475, 14302633630, 49, 159, 11451564029, 0, 254.985, 75.395, 71.24, 84.26, 6, 0
1, 0, 14689088, 1120, 843, 70, 36666753, 20849141349, 14303837406, 110, 174, 11523301279, 0, 111.815, 91.295, 106.785, 91.97, 6, 0
0, 1, 39702668, 25121083, 1666411, 6198382, 63893293, 14081266160, 15834231256, 4448384, 12487417, 8512195015, 0, 5243, 8519.03, 68.25, 54.85, 6, 0
0, 1, 39550366, 23744809, 1354456, 6288663, 65070698, 13931102200, 15686542305, 4719984, 11182858, 8438672814, 0, 5204.34, 8264.98, 62.33, 53.255, 6, 0
0, 1, 39576016, 22966204, 1414100, 6101054, 64319030, 13827958008, 15628375067, 4572475, 11900244, 8356506595, 0, 5142.43, 8231.51, 66.805, 60.375, 6, 0
0, 1, 38641151, 23928119, 1509011, 5440542, 61223910, 13927021642, 15625092243, 4362040, 12054408, 8447668527, 171, 5274.36, 8381.98, 66.655, 53.37, 6, 0
0, 1, 39477634, 24109905, 1203200, 6643436, 63805500, 14088173621, 15667818802, 4446063, 11056836, 8646211361, 0, 4141.35, 8041.9, 1319.74, 53.195, 6, 0
0, 1, 39934962, 22600816, 1349770, 6526585, 63816107, 14631169924, 15778779943, 4529482, 10919758, 8723687454, 0, 3462.84, 7719.1, 1919.41, 51.185, 6, 0
0, 1, 39070440, 24065152, 1372734, 6785902, 62349281, 14252711161, 15688530030, 4385538, 10912276, 8698208467, 0, 3491.52, 7792.62, 1940.18, 57.87, 6, 0
0, 1, 39752874, 23687609, 1302529, 6716813, 61504598, 14426039046, 15753098952, 4310308, 11533646, 8583117899, 0, 3581.74, 7835.1, 1971.07, 57.55, 6, 0
0, 1, 40013666, 23378933, 1192511, 6828247, 63461524, 14329226280, 15796430656, 4391945, 11133531, 8716438575, 0, 3675.07, 7719.91, 2014.22, 67.145, 6, 0
0, 1, 39823237, 23221269, 1161816, 6434066, 63772181, 14707359987, 15766430672, 4591354, 10624277, 8779724477, 0, 3414.31, 7979.19, 1930.08, 53.605, 6, 0
0, 1, 39177315, 23177004, 1505787, 6697978, 63122336, 14633982774, 15811364995, 4512522, 11158159, 8772222088, 0, 3463.5, 7590.92, 1930.57, 51.985, 6, 0
0, 1, 39745131, 22935445, 1262246, 6639918, 64606697, 14282232165, 15790102038, 4375222, 10642820, 8837166520, 0, 3418.23, 7688.62, 1929.01, 50.35, 6, 0
0, 1, 39312551, 23983422, 1369411, 6539081, 64062215, 14446111321, 15769369424, 4282601, 10940775, 8816949532, 0, 3508.51, 7721.01, 1936.64, 52.9, 6, 0
0, 1, 39533968, 22728494, 1208568, 6763745, 65754608, 14201676305, 15764415775, 4681398, 10850941, 8697683661, 0, 3419.51, 7786.66, 1940.15, 51.64, 6, 0
0, 1, 40044200, 23907155, 1157630, 6908855, 62342550, 14726924190, 15839256982, 4311005, 10742979, 8667093278, 0, 3483.76, 7793.86, 1934.44, 51.06, 6, 0
1, 0, 55385521, 731, 134, 45, 80355530, 33866290061, 23860269561, 26, 279, 18636521198, 0, 52.3, 38.2, 46.32, 48.18, 10, 0
1, 0, 55347518, 511, 80, 65, 82301666, 33936271228, 24030368105, 46, 426, 18804133237, 0, 52.2, 37.74, 45.71, 47.435, 10, 0
1, 0, 54769668, 836, 180, 70, 83710398, 33824571962, 23861927860, 49, 645, 18694928958, 0, 53.26, 38.605, 46.59, 48.565, 10, 0
1, 0, 55421498, 890, 225, 80, 82600683, 33810760261, 23861391733, 24, 563, 18672677406, 0, 52.585, 38.305, 46.13, 48.2, 10, 0
1, 0, 55622351, 752, 85, 75, 82445093, 33775589031, 23858041637, 27, 350, 18663128935, 0, 51.13, 37.565, 45.725, 47.205, 10, 0
1, 0, 55490594, 514, 115, 75, 82118543, 33755432323, 23853377569, 22, 502, 18641644300, 0, 51.99, 38.17, 46.275, 48.045, 10, 0
1, 0, 55477109, 456, 159, 75, 82757773, 33772722462, 23853205845, 24, 450, 18669954219, 0, 52.86, 38.635, 46.725, 48.565, 10, 0
1, 0, 55132012, 545, 130, 58, 81864429, 33843638928, 23848596146, 22, 534, 18684721478, 0, 51.355, 37.56, 45.54, 47.09, 10, 0
1, 0, 53774406, 703, 150, 70, 82009263, 33918573820, 23880810974, 26, 424, 18668027356, 0, 52.46, 38.22, 46.375, 48.03, 10, 0
1, 0, 53949057, 678, 249, 70, 81562043, 33728781042, 23849279464, 15, 313, 18648554882, 0, 52.73, 38.3, 46, 47.845, 10, 0
1, 0, 55167558, 597, 179, 40, 82119840, 33801219554, 23848304145, 35, 299, 18652925993, 0, 51.845, 37.915, 45.875, 47.225, 10, 0
1, 0, 55030978, 721, 280, 45, 83203745, 33753466384, 23846342227, 41, 275, 18685865887, 0, 52.73, 38.5, 47.65, 52.355, 10, 0
1, 0, 54389606, 634, 155, 49, 81733995, 33799893088, 23851296326, 36, 267, 18715011773, 0, 52.34, 38.33, 46.125, 48.16, 10, 0
1, 0, 55106151, 904, 239, 55, 81735149, 33726037744, 23847044864, 39, 314, 18678747357, 0, 52.17, 38.075, 45.9, 47.715, 10, 0
0, 1, 56476542, 33344362, 2198927, 12925715, 96661003, 24380220586, 25209218181, 4815150, 13958772, 14967259318, 3, 4355.65, 5465.16, 3884.47, 206.335, 10, 0
0, 1, 55669278, 32475366, 2286595, 12695859, 94321820, 24837792051, 25122857254, 4616554, 12865233, 15146600116, 0, 4287.96, 5499.22, 3906.88, 240.175, 10, 0
0, 1, 55721557, 32560557, 2394494, 12601596, 94484157, 24615944207, 25189617621, 4860923, 14051898, 15095679675, 7, 4146.43, 5418.48, 3812.76, 248.64, 10, 0
0, 1, 56148056, 32454970, 2213869, 13202352, 95057440, 25365969308, 25223375434, 4390503, 12678638, 15373395383, 0, 4037.23, 5401.87, 3693.05, 240.115, 10, 0
0, 1, 55790187, 33510391, 2453482, 13344204, 95145427, 25259493875, 25443379280, 4470026, 12849542, 15477428644, 2, 3865.65, 5229.61, 3478.72, 222.36, 10, 0
0, 1, 54455631, 32521635, 2242721, 12553658, 93357822, 25115823329, 25221420113, 4618311, 12955689, 15377909657, 11, 4021.85, 5607.15, 3949.6, 224.955, 10, 0
0, 1, 53531448, 31408616, 2198254, 12662729, 92211113, 25663744219, 25209335310, 4136092, 12334194, 15708425978, 0, 2083.33, 5153.76, 5036.38, 229.37, 10, 0
0, 1, 55279435, 33458285, 1991436, 13383561, 93930093, 24529978998, 25190969935, 4858550, 13548535, 15052108971, 0, 2312.8, 5593.56, 5364.56, 248.285, 10, 0
0, 1, 55722583, 33143672, 2066274, 13720665, 94445034, 25212585292, 25185511001, 4343950, 13079528, 15448093778, 21, 2244.9, 5411.27, 5262.74, 237.855, 10, 0
0, 1, 57256690, 32394194, 1892341, 11554210, 93463735, 24253890739, 25213463856, 4789731, 13108065, 14612868098, 0, 2297.38, 6040.66, 5523.62, 281.445, 10, 0
0, 1, 56678551, 32852594, 2166006, 12439403, 93875437, 24873694781, 25201925015, 4925631, 13129144, 15135912892, 0, 2199.61, 5675.72, 5361.79, 272.7, 10, 0
0, 1, 56423837, 33566748, 2756001, 13178663, 94697940, 24803124677, 25180919469, 4363892, 13408371, 15156829126, 9, 4696.53, 5691.65, 2906.64, 295.895, 10, 0
0, 1, 56038598, 34526412, 2746091, 12533815, 93965613, 24144999479, 25144202765, 5024075, 13665428, 14610426158, 0, 7973.18, 6068.31, 353.53, 337.935, 10, 0
0, 1, 57374337, 34472965, 2868129, 11801034, 95782076, 23925054646, 25180853158, 5388071, 14305900, 14511784828, 1, 7844.01, 5959.17, 402.16, 341.39, 10, 0
1, 0, 57427823, 410, 65, 75, 83330795, 7593689484, 14309904798, 6, 415, 5888928396, 0, 51.765, 39.68, 47.06, 47.865, 6, 0
1, 0, 57309453, 396, 15, 90, 83323597, 7598941065, 14314909903, 24, 277, 5888785199, 0, 51.82, 39.23, 46.795, 48.05, 6, 0
1, 0, 55487590, 330, 30, 80, 80918820, 7501428515, 14314875993, 17, 415, 5805153371, 0, 51.985, 38.72, 46.495, 47.27, 6, 0
1, 0, 57288795, 420, 5, 74, 83099847, 7610259691, 14327813006, 10, 429, 5887612247, 0, 51.77, 39.02, 46.25, 47.39, 6, 0
1, 0, 57335126, 460, 15, 80, 83101804, 7625408855, 14362969704, 17, 333, 5904853264, 0, 52.09, 39.33, 46.575, 47.59, 6, 0
1, 0, 57322701, 418, 10, 90, 83059358, 7625785757, 14353307098, 15, 349, 5897510743, 0, 51.915, 38.57, 46.08, 46.945, 6, 0
1, 0, 57347636, 356, 25, 80, 82951909, 7590830376, 14311439742, 17, 280, 5898815779, 0, 52.855, 39.505, 46.58, 47.955, 6, 0
1, 0, 57362226, 517, 45, 85, 82964675, 7589818707, 14307747293, 33, 383, 5893966741, 0, 53.385, 38.98, 48.21, 47.62, 6, 0
1, 0, 57347919, 582, 5, 99, 82948523, 7591369325, 14304355031, 14, 295, 5896757610, 0, 52.05, 38.325, 45.795, 46.94, 6, 0
1, 0, 57422202, 487, 25, 100, 82872634, 7585261885, 14303280212, 16, 293, 5898259694, 0, 62.19, 41.035, 47.585, 47.83, 6, 0
1, 0, 57424449, 370, 20, 120, 82938050, 7590147415, 14304063914, 27, 303, 5897404897, 0, 62.085, 40.205, 47.885, 48.05, 6, 0
1, 0, 57392499, 278, 60, 120, 82889567, 7590285286, 14301634468, 20, 301, 5896745169, 0, 51.55, 38.365, 45.935, 46.97, 6, 0
1, 0, 57964863, 418, 15, 90, 82934233, 7594049824, 14310461758, 7, 242, 5927044913, 0, 52.965, 39.125, 46.775, 47.59, 6, 0
1, 0, 57440806, 489, 30, 80, 82920217, 7582355524, 14310870509, 13, 209, 5894287693, 0, 58.595, 40.36, 49.42, 48.315, 6, 0
1, 0, 57472573, 543, 30, 90, 82909630, 7582099389, 14305506217, 21, 319, 5891280087, 0, 61.44, 39.48, 46.855, 47.375, 6, 0
0, 1, 11003935, 13173230, 26273, 211150, 26282415, 2554403490, 15799388235, 654818, 12245085, 1962931235, 0, 2982.15, 395.785, 228.39, 225.49, 6, 0
0, 1, 11061141, 13188431, 25071, 207224, 26241322, 2557939809, 15859759554, 653428, 12258116, 1966781863, 0, 3059.5, 398.45, 238.16, 232.95, 6, 0
0, 1, 11036928, 13127351, 25862, 209406, 26177644, 2555748354, 15852862747, 652276, 12239003, 1964179014, 0, 3091.2, 399.205, 244.45, 252.875, 6, 0
0, 1, 11010722, 13139913, 26161, 206257, 26151696, 2557959228, 15864680051, 652206, 12241919, 1968613740, 0, 3023.92, 397.04, 232.285, 227.475, 6, 0
0, 1, 11023509, 13191730, 26677, 209966, 26235305, 2552599226, 15788040775, 660762, 12330114, 1967968307, 0, 2896.95, 402.64, 245.105, 260.4, 6, 0
0, 1, 10992924, 13118397, 25255, 208995, 26137464, 2552335222, 15850322679, 653319, 12255103, 1964487273, 0, 2943.98, 405.96, 260.12, 283.105, 6, 0
0, 1, 11003592, 13147585, 25703, 207011, 26119518, 2552673059, 15848054646, 656784, 12238434, 1963286658, 0, 2960.7, 407.155, 264.645, 287.28, 6, 0
0, 1, 10973791, 13109965, 23897, 208666, 26042740, 2559536129, 15922146797, 658558, 12327215, 1983856150, 0, 2851.89, 407.715, 255.845, 281.13, 6, 0
0, 1, 11024984, 13198207, 25301, 209360, 26152909, 2552265862, 15813477767, 655115, 12322922, 1969489849, 0, 2853.69, 410.145, 255.555, 280.075, 6, 0
0, 1, 11016183, 13145986, 26027, 207215, 26141293, 2549430527, 15827916300, 653831, 12283885, 1969267458, 0, 2823.39, 455.845, 286.775, 268.165, 6, 0
0, 1, 11079438, 13173526, 26304, 211821, 26132491, 2548158271, 15768096992, 649465, 12325444, 1972688669, 0, 2705, 488.505, 286.54, 281.65, 6, 0
0, 1, 11100821, 13205678, 25083, 211097, 26247794, 2556073874, 15829309905, 654797, 12330030, 1974661689, 0, 2552.18, 559.645, 288.785, 311.01, 6, 0
0, 1, 11133673, 13243599, 25658, 212388, 26254520, 2557708203, 15821426638, 655014, 12335522, 1977800463, 0, 2522.32, 570.265, 301.575, 309.895, 6, 0
0, 1, 11006147, 12845342, 22350, 197459, 25599639, 2455998730, 14865381957, 609196, 11841496, 1905622322, 0, 2430.35, 602.05, 341.275, 303.79, 6, 0
0, 1, 11386578, 13552536, 24367, 210638, 26264694, 2561545569, 15865721857, 651147, 12391412, 1993805287, 0, 2436.02, 602.615, 341.08, 303.605, 6, 0
1, 0, 76714708, 457, 45, 120, 100730628, 8193086264, 23847579682, 23, 339, 6398671088, 0, 55.59, 40.075, 48.69, 49.225, 10, 0
1, 0, 76675810, 542, 70, 130, 100778235, 8195521671, 23850410920, 16, 241, 6396257290, 0, 53.615, 39.09, 47.185, 48.415, 10, 0
1, 0, 76999763, 465, 50, 114, 101584584, 8217034261, 23696603224, 18, 193, 6397606229, 0, 52.555, 38.24, 46.22, 47.44, 10, 0
1, 0, 76623026, 362, 20, 100, 100920467, 8191389509, 23850625475, 3, 147, 6398978898, 0, 53.16, 38.925, 47.545, 48.58, 10, 0
1, 0, 76622934, 575, 125, 130, 100856684, 8191730019, 23850339718, 6, 124, 6400092139, 0, 56.215, 39.32, 61.065, 48.775, 10, 0
1, 0, 75630572, 507, 198, 125, 100265063, 8169368502, 23847041743, 10, 232, 6370420013, 0, 58.505, 38.47, 48.23, 47.59, 10, 0
1, 0, 76559677, 486, 35, 179, 100848864, 8196895663, 23854760159, 7, 220, 6399938997, 0, 60.685, 38.72, 49.77, 48.55, 10, 0
1, 0, 76587726, 369, 5, 134, 100912393, 8200497471, 23851801053, 10, 236, 6400866150, 0, 53.295, 38.285, 46.885, 48.06, 10, 0
1, 0, 75975011, 737, 470, 130, 100404045, 8197479211, 23840479659, 3, 199, 6385032037, 0, 54.13, 37.95, 46.35, 47.165, 10, 0
1, 0, 76561949, 446, 30, 99, 101047390, 8219300766, 23933618336, 11, 147, 6404672122, 0, 53.445, 38.13, 46.625, 47.865, 10, 0
1, 0, 76612747, 416, 40, 120, 100965555, 8204802245, 23853189751, 10, 161, 6401478962, 0, 52.835, 38.565, 46.645, 48.005, 10, 0
1, 0, 76708287, 337, 15, 114, 100758639, 8205014239, 23854439303, 0, 144, 6399568910, 0, 52.09, 38.08, 46.405, 47.46, 10, 0
1, 0, 76772821, 496, 60, 120, 100770207, 8210536235, 23853273259, 16, 170, 6402537203, 0, 52.225, 38.275, 46.275, 47.91, 10, 0
1, 0, 76732635, 919, 554, 100, 100759718, 8204008211, 23846859548, 13, 214, 6401120926, 0, 59.475, 39.135, 49.715, 48.84, 10, 0
0, 1, 6992527, 13911733, 19594, 196461, 22601104, 2617419778, 25206544038, 1004009, 12690900, 1995999175, 0, 2028.85, 493.99, 385.845, 1593.42, 10, 0
0, 1, 6990053, 13890593, 17832, 195607, 22606330, 2617731611, 25156778575, 1004227, 12681579, 1997092630, 0, 2020.59, 494.17, 384.275, 1593.93, 10, 0
0, 1, 6979167, 13875021, 18508, 196956, 22566842, 2614400579, 25200872462, 1001706, 12644545, 1992987819, 0, 2020.06, 494.07, 383.81, 1594.87, 10, 0
0, 1, 6521587, 13011057, 18133, 190229, 21230744, 2498269629, 24100435195, 939967, 11873411, 1886953942, 0, 1885.74, 484.795, 439.865, 1660.86, 10, 0
0, 1, 7013368, 13930858, 18454, 198626, 22625999, 2625749942, 25200095626, 1003528, 12717695, 2002128851, 0, 1811.38, 480.23, 475.365, 1706.9, 10, 0
0, 1, 6996896, 13871958, 18301, 199935, 22577726, 2619312730, 25191140793, 999865, 12682185, 2000066497, 0, 1805.65, 478.765, 473.91, 1704.86, 10, 0
0, 1, 7022180, 13901841, 17905, 199201, 22634121, 2619587885, 25216469919, 1003290, 12684039, 2001287443, 0, 1807.39, 479.305, 476.275, 1703.93, 10, 0
0, 1, 7011854, 13898956, 19440, 197777, 22607095, 2620799516, 25210729323, 1001991, 12672567, 1999850093, 2, 1806.55, 479.325, 474.3, 1705.41, 10, 0
0, 1, 7007241, 13938634, 17871, 201368, 22580979, 2625425337, 25155033135, 1000108, 12695727, 2003561645, 0, 1721.5, 506.04, 495.63, 1714.59, 10, 0
0, 1, 7011740, 14014899, 19042, 204460, 22616300, 2626835988, 25243949930, 1014838, 12718474, 2004736715, 0, 1697.31, 514.355, 506.135, 1716.29, 10, 0
0, 1, 7002319, 13930279, 17055, 203017, 22654277, 2630399146, 25224650191, 1016853, 12729461, 2005675449, 0, 1619.43, 539.255, 545.53, 1718.28, 10, 0
0, 1, 6998041, 13923073, 16851, 203687, 22601845, 2631587934, 25236612208, 1012820, 12713895, 2004938861, 0, 1619.28, 539.05, 545.09, 1718.05, 10, 0
0, 1, 7009111, 13945325, 16855, 203958, 22612339, 2625354798, 25246993425, 1012921, 12713118, 2004512813, 0, 1618.09, 538.825, 545.105, 1717.17, 10, 0
0, 1, 7020889, 13943523, 18264, 203373, 22666336, 2626365155, 25207164008, 1011141, 12686089, 2002843737, 0, 1608.63, 534.55, 542.505, 1732.57, 10, 0
1, 0, 7440843, 9319755, 9293331, 525, 24053958, 2107908082, 14318831262, 17, 111, 1772675457, 0, 4901.22, 41.23, 47.305, 49.105, 6, 0
1, 0, 7424042, 9310609, 9289119, 469, 24063502, 2096271018, 14303297152, 18, 119, 1775224179, 0, 4898.65, 41.835, 48.015, 50.12, 6, 0
1, 0, 7439159, 9305126, 9279788, 140, 24103784, 2096381207, 14297115539, 15, 107, 1775426588, 0, 4898.41, 41.555, 47.865, 49.64, 6, 0
1, 0, 7471351, 9311941, 9285212, 150, 24084402, 2094239810, 14293004360, 7, 72, 1775287034, 0, 4901.99, 41.245, 47.39, 49.36, 6, 0
1, 0, 7437785, 9316135, 9291220, 179, 24086133, 2094927854, 14279877355, 4, 79, 1774074354, 0, 4898.1, 41.52, 47.275, 49.57, 6, 0
1, 0, 7438581, 9317058, 9301480, 199, 24069486, 2095200375, 14274752387, 16, 72, 1774483151, 0, 4897.51, 41.38, 47.275, 49.355, 6, 0
1, 0, 7439722, 9309885, 9314215, 175, 24143665, 2095579790, 14293680736, 3, 133, 1775255521, 0, 4898.34, 41.22, 47.135, 49.205, 6, 0
1, 0, 7496811, 9335704, 9314853, 175, 24102816, 2094988777, 14290536334, 11, 127, 1778264511, 0, 4902.36, 41.35, 47.195, 49.555, 6, 0
1, 0, 7448572, 9316291, 9316908, 494, 24099760, 2094912227, 14289092850, 26, 102, 1772664994, 0, 4897.94, 40.855, 46.765, 49.105, 6, 0
1, 0, 7460149, 9302568, 9302953, 479, 24032749, 2096746529, 14291177187, 7, 114, 1771244904, 0, 4896.88, 41.415, 47.46, 49.815, 6, 0
1, 0, 7415217, 9309404, 9314911, 485, 24070611, 2094355505, 14291461034, 6, 122, 1771970688, 0, 4898.09, 42.15, 47.6, 49.825, 6, 0
1, 0, 7453111, 9317344, 9308746, 484, 24161275, 2093822291, 14291453486, 14, 94, 1772398253, 0, 4902.31, 40.995, 46.795, 48.81, 6, 0
0, 1, 6436804, 4010252, 25809, 1226227, 10879273, 968175772, 15787651585, 459749, 2275836, 819258132, 0, 652.17, 85.005, 42.545, 980.025, 6, 0
0, 1, 6439530, 4010734, 26101, 1235016, 10887061, 978303390, 15778518843, 463465, 2271655, 826351571, 0, 672.785, 87.155, 47.575, 983.675, 6, 0
0, 1, 6435534, 4017833, 26867, 1233863, 10897567, 969065604, 15785263094, 460513, 2272008, 818649579, 0, 674.69, 87.335, 47.58, 984.6, 6, 0
0, 1, 6480288, 4012443, 26453, 1222415, 10887486, 975498973, 15783556938, 462776, 2262089, 823403972, 0, 648.795, 84.455, 42.275, 977.9, 6, 0
0, 1, 6485714, 4015818, 27750, 1227345, 10905669, 974833490, 15782583782, 463779, 2264085, 823123284, 0, 671.17, 86.255, 47.425, 983.53, 6, 0
0, 1, 6443023, 4035157, 27988, 1233194, 10885436, 967969603, 15752873712, 466703, 2272195, 817355668, 0, 670.685, 86.755, 47.835, 983.005, 6, 0
0, 1, 6464178, 4007214, 26555, 1224341, 10885960, 979098673, 15770541956, 462096, 2252699, 827962268, 0, 650.56, 84.73, 42.895, 979.66, 6, 0
0, 1, 6448850, 4001638, 26607, 1235848, 10915874, 966557274, 15738156732, 470299, 2267316, 819070647, 0, 670.815, 86.525, 47.865, 983.435, 6, 0
0, 1, 6440872, 4039993, 27441, 1232740, 10918505, 970251792, 15772728180, 462457, 2269490, 818939299, 0, 670.02, 86.44, 47.8, 983.09, 6, 0
1, 0, 16326862, 9832344, 9795003, 529, 34907565, 2617770796, 23535246797, 10, 228, 2206521513, 0, 6521.09, 51.46, 54.92, 65.14, 10, 0
1, 0, 16638750, 9649937, 9609139, 215, 35277881, 2640686998, 23800443255, 16, 99, 2225245262, 0, 6395.75, 43.38, 49.09, 54.83, 10, 0
1, 0, 16596160, 9902667, 9870747, 598, 35444051, 2648910313, 23812948276, 17, 146, 2230368614, 0, 6373.35, 43.21, 49.02, 54.765, 10, 0
1, 0, 16704800, 9910759, 9896288, 219, 35617469, 2649227354, 23802885306, 7, 140, 2230097129, 0, 6424.19, 45.685, 78.26, 59.97, 10, 0
1, 0, 16672718, 9907863, 9903438, 195, 35633418, 2652184061, 23808171016, 33, 163, 2229470427, 0, 6481.39, 49.385, 87.555, 62.245, 10, 0
1, 0, 16669011, 9893290, 9899226, 514, 35640074, 2651581321, 23810217676, 31, 197, 2229950308, 0, 6460.23, 48.595, 56.44, 57.775, 10, 0
1, 0, 16667075, 9877992, 9911648, 215, 35615809, 2652214506, 23806806120, 23, 126, 2228946391, 0, 6389.07, 43.885, 49.45, 55.24, 10, 0
1, 0, 16656241, 9897857, 9905334, 219, 35631385, 2652316427, 23812019967, 26, 177, 2227702599, 0, 6393.98, 43.05, 48.545, 54.195, 10, 0
1, 0, 16652348, 9892791, 9882456, 144, 35674404, 2651608954, 23822972790, 27, 171, 2229062246, 0, 6390.16, 43.915, 49.275, 54.95, 10, 0
0, 1, 10960347, 4829806, 47271, 998465, 16443221, 1114663525, 24862847805, 1032837, 2751736, 934656679, 0, 3227.35, 85.04, 70.185, 72.885, 10, 0
0, 1, 10018766, 4953864, 42924, 1109601, 15639958, 1067419321, 24942445595, 1040314, 2774078, 896553219, 0, 3354.47, 87.835, 125.88, 81.61, 10, 0
0, 1, 9053605, 5142438, 43094, 1257072, 14830313, 1020153345, 25008621362, 1046192, 2782791, 858492386, 0, 3836.54, 98.595, 193.85, 139.605, 10, 0
0, 1, 8331150, 5224905, 45109, 1342852, 14352932, 1004889132, 24915518211, 1024438, 2799783, 841001795, 0, 3751.77, 93.33, 208.075, 157.365, 10, 0
0, 1, 7546363, 5062547, 52226, 1339221, 13559662, 958004125, 24999118021, 894362, 2779145, 803145600, 0, 2245.11, 1673.8, 170.445, 187.815, 10, 0
0, 1, 6904744, 5249080, 50572, 1467992, 13199842, 957305042, 25012954695, 908907, 2816117, 800975491, 0, 1994.87, 1857.14, 147.92, 160.675, 10, 0
0, 1, 8847828, 4782289, 49418, 1101615, 14659818, 1033936744, 25017691422, 866718, 2787361, 864482641, 0, 1581.8, 1829.88, 83.995, 101.705, 10, 0
0, 1, 8917303, 4780266, 50787, 1086976, 14652091, 1028498179, 24948148295, 858231, 2783697, 859528663, 0, 1515.26, 1826.98, 78.24, 74.505, 10, 0
0, 1, 8421266, 4876416, 51248, 1173079, 14316659, 1009644368, 24944825216, 867950, 2783219, 843516082, 1, 1564.19, 1830.58, 81.525, 104.505, 10, 0
1, 0, 18467705, 17535143, 17517998, 310, 45996907, 3132703604, 23818927921, 24, 183, 2631763885, 0, 5701.21, 42.4, 47.415, 53.55, 10, 0
1, 0, 18443025, 17537521, 17515493, 249, 46086388, 3133957000, 23832072377, 16, 136, 2630364821, 0, 5709.93, 42.75, 48.275, 54.4, 10, 0
1, 0, 18471343, 17513720, 17509712, 454, 46109477, 3133929467, 23851750833, 21, 154, 2631638996, 0, 5702.59, 42.37, 47.945, 53.665, 10, 0
1, 0, 18448756, 17562648, 17597723, 199, 46264163, 3145926320, 23954172924, 4, 126, 2639524099, 0, 5709.84, 42.08, 47.69, 53.66, 10, 0
1, 0, 18335144, 17462588, 17479604, 399, 45644240, 3129695032, 23864878977, 15, 177, 2633445626, 0, 5699.76, 42.46, 47.715, 53.965, 10, 0
1, 0, 18479977, 17488222, 17511883, 215, 46009281, 3131784186, 23855839010, 12, 110, 2635571001, 0, 5709.46, 42.86, 48.47, 54.465, 10, 0
1, 0, 18461138, 17487289, 17494390, 260, 46018194, 3134248181, 23854652030, 7, 156, 2636421336, 0, 5704.64, 41.785, 47.43, 52.995, 10, 0
1, 0, 18395793, 17127354, 17168535, 380, 45534132, 3117563461, 23847837737, 7, 201, 2629294922, 0, 5689.01, 42.38, 47.715, 53.685, 10, 0
1, 0, 18476983, 17485954, 17465867, 214, 46010167, 3131924621, 23854161977, 10, 141, 2636610018, 0, 5703.83, 42.445, 47.56, 53.715, 10, 0
0, 1, 14473446, 7789854, 1198579, 1777034, 23940748, 1370403101, 25173996799, 1164728, 3646911, 1148816792, 0, 939.605, 91.465, 1074.33, 643.995, 10, 0
0, 1, 13720347, 7886799, 1161287, 1896424, 23201031, 1346191838, 25172319469, 1190444, 3610660, 1131713456, 0, 923.045, 93.025, 74.05, 1629.3, 10, 0
0, 1, 14100196, 7703886, 1138349, 1745857, 23284037, 1350480396, 25257065798, 1186518, 3606702, 1136848632, 0, 998.08, 95.775, 198.895, 1695.47, 10, 0
0, 1, 14556178, 7588786, 1154327, 1654148, 23624230, 1357657408, 25199941804, 1162711, 3605101, 1144614984, 0, 898.75, 87.375, 62.81, 1623.61, 10, 0
0, 1, 14288910, 7635920, 1144261, 1699041, 23367015, 1354559838, 25237041634, 1176044, 3598022, 1138956327, 0, 918.535, 91.02, 72.72, 1629.95, 10, 0
0, 1, 14337110, 7586103, 1144672, 1650178, 23479810, 1356598113, 25259464686, 1167144, 3604486, 1139430558, 0, 908.565, 91.09, 72.34, 1625.88, 10, 0
0, 1, 14692851, 7500103, 1149900, 1592115, 23632435, 1358797125, 25191096787, 1162543, 3591807, 1144458542, 0, 885.4, 86.745, 63.845, 1622.43, 10, 0
0, 1, 15952097, 7244259, 1074847, 1609914, 24840939, 1400886420, 25288464717, 1054310, 3511783, 1179357072, 0, 1776.34, 89.44, 72.75, 747.44, 10, 0
0, 1, 16347395, 7169856, 1068559, 1592647, 25110944, 1410229290, 25289063547, 1032829, 3490142, 1192191767, 0, 2442.74, 88.54, 71.295, 72.545, 10, 0
0, 1, 16457181, 7149331, 1097045, 1551291, 24977718, 1402240142, 25152765484, 1025456, 3482390, 1194123016, 1, 2436.48, 86.135, 65.405, 70.895, 10, 0
