0,  1,  1512184,  27186793,  3393228,  3081235,  46441598,  1708512654,  28748740931,  3981596,  16909239,  1171970539,  42,  85.18,  17478.9,  0,  0,  10,  0
1,  0,  6609073,  8174,  175,  215,  98032798,  3837826042,  20119666077,  168,  4073,  2642216206,  0,  77.26,  85.15,  0,  0,  8,  0
1,  0,  4732900,  19960934,  3765340,  2202697,  61595240,  2237444633,  37267742694,  3260429,  11066519,  1537417548,  0,  14838.4,  74.765,  0,  0,  13,  0
1,  0,  4875329,  11639566,  2931820,  544530,  73261477,  2614870707,  31388280208,  1415529,  6669454,  1812174652,  0,  8857.7,  75.075,  0,  0,  11,  0
1,  0,  4656351,  16836648,  3388516,  1538742,  65860744,  2371604752,  34280640772,  2578891,  9572992,  1632614553,  0,  12784.7,  74.465,  0,  0,  12,  0
1,  0,  8887227,  12105,  250,  120,  121667033,  21001694556,  25952204045,  258,  5321,  3123612838,  0,  77.235,  84.81,  0,  0,  9,  0
1,  0,  1676462,  603,  40,  5,  47472579,  2532515821,  8599225080,  0,  697,  1777069123,  0,  76.7,  81.305,  0,  0,  3,  0
0,  1,  2243576,  28004043,  3817523,  3072966,  56981496,  2063870810,  45947539395,  4852260,  16647729,  1410817750,  0,  19616,  88.185,  0,  0,  16,  0
0,  1,  320324,  10906151,  1297295,  751344,  16043657,  889811995,  8637380263,  1468952,  7474324,  601676433,  0,  7953.67,  81.785,  0,  0,  3,  0
0,  1,  1398136,  25830855,  3083511,  3064318,  43197064,  1609273256,  25954470842,  3167902,  16565869,  1093166551,  0,  83.91,  16722.8,  0,  0,  9,  0
0,  1,  2230468,  29877554,  3705024,  3094590,  59434800,  2101093498,  49171749525,  4862847,  18334529,  1421081184,  0,  19738.2,  87.69,  0,  0,  17,  0
1,  0,  9447001,  14115,  440,  280,  128761988,  4636507643,  28514735918,  330,  8613,  3221193210,  0,  88.705,  72.92,  0,  0,  10,  0
0,  1,  1999874,  28933444,  3750064,  2989385,  53613711,  1919997034,  37450743285,  5348754,  17217376,  1313933299,  0,  18774,  86.755,  0,  0,  13,  0
1,  0,  5035420,  25202496,  3771343,  2974967,  61649276,  2196227722,  48686537045,  3782774,  14855890,  1500693410,  0,  17451.3,  76.37,  0,  0,  17,  0
1,  0,  4361139,  1537,  45,  5,  79141507,  3369391045,  14289008539,  31,  737,  2359109499,  0,  76.85,  82.055,  0,  0,  5,  0
0,  1,  72729,  7799677,  797216,  731509,  7632036,  804675145,  5631069621,  1430607,  4736745,  568076620,  0,  82.36,  6063.26,  0,  0,  2,  0
0,  1,  483321,  15375515,  1704294,  1615612,  21606756,  1016197819,  11593173176,  1754003,  10556629,  690128083,  0,  10347.5,  82.675,  0,  0,  4,  0
1,  0,  4974096,  25816527,  3805706,  3100119,  61157343,  2178260040,  45920693674,  3277460,  15736347,  1492087591,  0,  17269.9,  74.525,  0,  0,  16,  0
1,  0,  5249282,  7021,  450,  295,  88982625,  3807373958,  17195121393,  224,  6482,  2634503561,  0,  80.655,  86.275,  0,  0,  6,  0
0,  1,  769774,  17975757,  1760588,  2298049,  27662608,  1138580228,  15166067117,  2070141,  12203499,  779545476,  0,  139.195,  13520.6,  0,  0,  6,  0
1,  0,  16094,  816,  35,  0,  26365942,  2326136110,  5711174395,  13,  437,  1664163446,  0,  78.625,  81.8,  0,  0,  2,  0
0,  1,  2222177,  29475727,  3769705,  3066414,  57485704,  2041447514,  43269677960,  4273209,  18693531,  1384872854,  0,  19401.6,  88.61,  0,  0,  15,  0
0,  1,  1940378,  27782653,  3629196,  2911869,  50935518,  1870026231,  34537841955,  4857563,  16596440,  1269826573,  0,  18291.3,  85.32,  0,  0,  12,  0
1,  0,  2225286,  1173,  60,  14,  60869455,  3140317913,  11583481484,  10,  450,  2160493631,  0,  76.94,  82.02,  0,  0,  4,  0
0,  1,  1259775,  23579889,  2921289,  2474891,  38774453,  1508593419,  23105781823,  3459915,  15154664,  1033025371,  0,  15575.7,  83.985,  0,  0,  8,  0
0,  1,  1139177,  22696792,  2166507,  2807256,  36025689,  1401544843,  20208525992,  2857216,  15009473,  954047574,  0,  83.46,  14475.4,  0,  0,  7,  0
0,  1,  2052678,  30288090,  3776309,  3226491,  55896827,  1959924347,  40352294638,  4135713,  19520177,  1339323217,  0,  19085.7,  85.645,  0,  0,  14,  0
1,  0,  6760917,  8439,  330,  265,  102506458,  4053798959,  20049709097,  1244818829,  8255,  2816415649,  0,  95.84,  92.03,  0,  0,  7,  0
1,  0,  4996667,  24318209,  3809363,  2941244,  60872347,  2174423877,  42979298686,  3036809,  14817633,  1495056635,  0,  16756.2,  74.385,  0,  0,  15,  0
1,  0,  4702440,  22811182,  3783726,  2706117,  60438796,  2203995001,  40087666702,  3036807,  13425932,  1513098451,  0,  16082.2,  74.41,  0,  0,  14,  0
0,  1,  815417,  19442507,  2624072,  1643226,  29970226,  1180527912,  14459650125,  1956305,  13552092,  807664675,  0,  11929.6,  99.665,  0,  0,  5,  0
0,  1,  1779250,  28811296,  3657461,  3008678,  49809345,  1777341408,  60874886909,  4256941,  18070260,  1211461630,  0,  17881.8,  91.41,  0,  0,  11,  0
0,  1,  81956816,  33048850,  4002702,  10779129,  134527341,  25732357487,  28752348539,  5091695,  13858277,  15771432071,  0,  22799.6,  7008.84,  0,  0,  10,  0
1,  0,  75668854,  54523,  47193,  294,  101916953,  30418902004,  22854142534,  737,  7361,  17794787973,  0,  103.735,  86.115,  0,  0,  8,  0
1,  0,  114437357,  22445429,  5171815,  5670669,  207056849,  37778646322,  37260490918,  3322269,  7787175,  23393494848,  0,  18875.2,  2944.61,  0,  0,  13,  0
1,  0,  87022683,  7801394,  3027103,  757323,  174945557,  35753874824,  31371225304,  1554331,  2421797,  22333197855,  2,  7344.82,  1337.28,  0,  0,  11,  0
1,  0,  102299247,  21303772,  3861837,  7109737,  185337295,  33302418015,  34238307894,  3289193,  7287454,  20880080000,  0,  12071.2,  6721.65,  0,  0,  12,  0
1,  0,  73081938,  24106,  15920,  309,  107827772,  32421021313,  25935539138,  383,  9181,  18425031369,  0,  86.375,  84.695,  0,  0,  9,  0
1,  0,  33280563,  36742,  35460,  70,  50268360,  13851732137,  8634076738,  151,  924,  8227380753,  0,  95.68,  84.715,  0,  0,  3,  0
0,  1,  135140367,  51780283,  5284707,  20474294,  200122487,  39866813447,  46089619993,  6900060,  18251411,  24562793941,  0,  19168.4,  16371.8,  0,  0,  16,  0
0,  1,  36476347,  10472629,  1043523,  1815263,  45211649,  11605908904,  8595497614,  1678617,  6468753,  7179226234,  0,  8362.94,  7611.77,  0,  0,  3,  0
0,  1,  61343139,  34326409,  4094003,  10313281,  114994840,  21163326583,  25838160771,  5547348,  14047188,  12840334447,  0,  22448.5,  7429.65,  0,  0,  9,  0
0,  1,  147200871,  51400568,  6129818,  18003226,  223926454,  36169363019,  48904202524,  5843330,  21307618,  22221365190,  0,  27555.8,  11717.6,  0,  0,  17,  0
1,  0,  94348908,  58163,  40668,  590,  132135887,  37295001148,  28505596895,  482,  7739,  21422069019,  0,  108.96,  74.23,  0,  0,  10,  0
0,  1,  95965149,  33785147,  3390385,  14047970,  139787914,  32504709775,  32762827844,  4833735,  10865290,  20137455642,  0,  14878.5,  13138.4,  0,  0,  13,  0
1,  0,  146501743,  50953494,  6541159,  17261099,  224370613,  36359804191,  48813036520,  5668214,  21292140,  22185250528,  41,  27287.2,  12573.3,  0,  0,  17,  0
1,  0,  50980738,  15614,  9048,  40,  70842387,  21185514990,  14197651420,  157,  949,  12906579440,  0,  88.5,  85.47,  0,  0,  5,  0
0,  1,  15177024,  7126793,  781449,  2057192,  22973233,  6486705929,  5723602016,  35521,  4587868,  3820962140,  1,  2395.91,  5528.42,  0,  0,  2,  0
0,  1,  21308925,  14951488,  1134608,  5822740,  36197517,  12447663741,  11510128305,  2224845,  5529705,  7832851893,  6,  9035.81,  1171.01,  0,  0,  4,  0
1,  0,  147321983,  43635599,  5955843,  14638190,  231484419,  37664770164,  45800438890,  5585035,  16404626,  23065912290,  0,  24846.6,  9375.75,  0,  0,  16,  0
1,  0,  50337330,  44357,  22961,  921,  74817303,  22989762386,  17131303725,  774,  11522,  13568413653,  0,  203.995,  130.785,  0,  0,  6,  0
0,  1,  42274779,  22750114,  2501600,  6314778,  78107181,  16713518342,  17244674594,  3187927,  11102559,  10150283696,  0,  10372.7,  13065,  0,  0,  6,  0
1,  0,  16164313,  25334,  25654,  30,  20384296,  8267473901,  5750844861,  54,  434,  4707301041,  0,  91.79,  84.69,  0,  0,  2,  0
0,  1,  116272980,  51617151,  4796948,  20447416,  182289225,  34346769633,  43143627214,  6579193,  19214037,  21345489227,  0,  27868.3,  6288.81,  0,  0,  15,  0
0,  1,  87882031,  39370925,  4021846,  16252477,  138070413,  32240551090,  34397601619,  5744463,  13197410,  20237209279,  0,  19235.2,  8764.97,  0,  0,  12,  0
1,  0,  32494695,  22818,  21847,  49,  53972180,  15795679025,  11502005361,  86,  844,  9032177025,  0,  89.275,  85.46,  0,  0,  4,  0
0,  1,  47079018,  27223097,  2283964,  10876116,  149484010,  23647513925,  23163598026,  4118805,  9156177,  14502745298,  34,  15829.1,  3322.04,  0,  0,  8,  0
0,  1,  35966834,  28008897,  2271296,  11585144,  68322642,  17895093548,  20183363702,  4347067,  9702500,  11053749021,  0,  5660.57,  13808.4,  0,  0,  7,  0
0,  1,  110754316,  37221305,  3931256,  13905563,  164180948,  29870354423,  35330918735,  4430490,  14520074,  18402787868,  0,  17264,  17776,  0,  0,  14,  0
1,  0,  49522825,  20526,  14210,  355,  78890959,  25159377058,  20059441960,  328,  4743,  14377814046,  0,  87.45,  87.035,  0,  0,  7,  0
1,  0,  122019520,  43168688,  5936494,  15472274,  206483465,  44793974559,  42908837850,  5691357,  16923958,  21036491572,  0,  20505.3,  13629.9,  0,  0,  15,  0
1,  0,  114927714,  31759354,  4073851,  12592524,  199315306,  36454578012,  40207972205,  3679719,  11107971,  22579819913,  10,  10723.7,  15284.7,  0,  0,  14,  0
0,  1,  26548153,  12537007,  1133839,  5067004,  41270923,  16139164681,  12551859688,  1876856,  4810007,  10103960837,  0,  3584.51,  6785.95,  0,  0,  5,  0
0,  1,  106523373,  32322375,  3879920,  10329826,  158889891,  30635134858,  31712589805,  4794939,  12563975,  18836975103,  0,  18501.8,  11490.8,  0,  0,  11,  0
0,  1,  21576034,  16678049,  24544,  10175,  52639351,  4704281234,  28906449197,  346733,  16586958,  3667604953,  0,  4966.48,  2471.64,  0,  0,  10,  0
1,  0,  80986151,  5824,  85,  129,  113193463,  9084795130,  22906321414,  258,  3873,  7322623141,  0,  76.91,  85.135,  0,  0,  8,  0
1,  0,  31979880,  16519505,  8968,  20385,  71688759,  13666530716,  37156390984,  414544,  16382904,  5036275374,  0,  6671.51,  651.94,  0,  0,  13,  0
1,  0,  38884656,  7437011,  315,  11053,  71467995,  6158174666,  31492750638,  47005,  7604336,  4858575178,  0,  2629.51,  74.04,  0,  0,  11,  0
1,  0,  38052558,  14634905,  9000,  11447,  74921372,  6344932856,  34288135378,  332025,  14483277,  5031334083,  0,  6271.76,  118.4,  0,  0,  12,  0
1,  0,  63020433,  6542,  175,  130,  97227430,  7992698012,  25741089967,  452,  8921,  6355821118,  0,  78.13,  83.8,  0,  0,  9,  0
1,  0,  21599908,  752,  30,  15,  39184128,  3856705638,  8596080577,  72,  923,  3029222108,  0,  83.39,  96.38,  0,  0,  3,  0
0,  1,  33249340,  21816736,  51281,  16866,  74150914,  6157973536,  45978937323,  694770,  21696428,  4891374368,  0,  8014.34,  826.395,  0,  0,  16,  0
0,  1,  11747334,  10568394,  5580,  2863,  25267841,  2130294624,  8583898217,  87905,  10719480,  1644705922,  0,  3429.65,  213.115,  0,  0,  3,  0
0,  1,  16976131,  16617856,  23332,  5472,  47632375,  4425541717,  25875916294,  474092,  16352095,  3448900738,  1,  4280.89,  3671.54,  0,  0,  9,  0
0,  1,  29539657,  22724165,  51480,  26401,  72283785,  6220554835,  48946938961,  791654,  22217792,  4873244941,  0,  5028.12,  4411.94,  0,  0,  17,  0
1,  0,  78577585,  13709,  174,  180,  109631646,  8331403863,  28508326827,  367,  9297,  6675061646,  0,  88.465,  72.605,  0,  0,  10,  0
0,  1,  19099646,  20042562,  33329,  9599,  54049630,  4885938937,  37404617655,  743533,  19589055,  3811987830,  0,  4681.2,  3972.45,  0,  0,  13,  0
1,  0,  36761555,  21342222,  16306,  31023,  84920837,  7525305331,  48698907153,  626322,  20965514,  5914951539,  0,  7269.9,  2273.74,  0,  0,  17,  0
1,  0,  29051643,  1932,  393,  30,  55931580,  5884080696,  14280220893,  54,  710,  4625457860,  0,  92.65,  94.485,  0,  0,  5,  0
0,  1,  18617340,  10252271,  2326,  609,  28418177,  2164105676,  5672455255,  54953,  10724283,  1792296657,  1,  2480.9,  227.68,  0,  0,  2,  0
0,  1,  14452898,  9446094,  6521,  1212,  31428910,  2561600423,  11438011730,  98387,  9585734,  2051338878,  1,  3039.93,  244.29,  0,  0,  4,  0
1,  0,  37110740,  22112878,  14377,  25935,  82988563,  7182162440,  45888002392,  451767,  21716070,  5694457019,  0,  7586.89,  1804.49,  0,  0,  16,  0
1,  0,  73433994,  6549,  220,  300,  102304092,  8015562911,  17151594356,  278,  4597,  6435180352,  0,  77.57,  84.975,  0,  0,  6,  0
0,  1,  22450843,  14855495,  14359,  3721,  48399291,  4077369563,  17273446439,  380546,  14918115,  3259859322,  0,  5936.06,  468.07,  0,  0,  6,  0
1,  0,  31228759,  547,  5,  0,  45829887,  3788528685,  5712379692,  114,  694,  3044998884,  0,  76.44,  83.17,  0,  0,  2,  0
0,  1,  25152036,  21687536,  42147,  18855,  64886695,  5756650901,  10846582428,  545570,  21400326,  4494681940,  0,  4864.9,  4459.94,  0,  0,  15,  0
0,  1,  23397194,  17366186,  29024,  13567,  55774012,  4795390983,  34446454422,  513885,  17358848,  3801414254,  0,  4992.96,  2561.49,  0,  0,  12,  0
1,  0,  42497519,  2960,  818,  198,  60035008,  4632451286,  11570915617,  61,  1173,  3661992579,  0,  154.33,  100.015,  0,  0,  4,  0
0,  1,  18388676,  16009701,  18232,  5486,  48053829,  4385243084,  23056613832,  432884,  15838637,  3429723456,  0,  3922.12,  3676.97,  0,  0,  8,  0
0,  1,  17665978,  15716132,  19443,  3296,  45210504,  4039403281,  20231765938,  710047,  15134317,  3168248330,  0,  5688.66,  1744.33,  0,  0,  7,  0
0,  1,  29264617,  21275038,  45331,  16167,  67676512,  5834248797,  40173545873,  580811,  21251736,  4628511606,  0,  4757.89,  4037.81,  0,  0,  14,  0
1,  0,  60414053,  6020,  365,  420,  92721249,  7608140542,  20055110106,  260,  4599,  6051832156,  0,  78.05,  84.105,  0,  0,  7,  0
1,  0,  35253819,  20489273,  11917,  25634,  79646135,  7008590258,  43019460174,  764425,  19855340,  5503976559,  0,  7674.85,  1272.63,  0,  0,  15,  0
1,  0,  36844771,  20534910,  12115,  21169,  80628369,  7032229905,  40081580813,  509572,  20485520,  5559366869,  0,  8042.05,  1026.87,  0,  0,  14,  0
0,  1,  8229275,  13381964,  8917,  1382,  29044571,  2847354912,  14409243407,  288451,  13505308,  2215596216,  0,  5663.47,  302.495,  0,  0,  5,  0
0,  1,  22240288,  17299776,  27927,  9698,  54276466,  4686394307,  31700784203,  644651,  17127455,  3694484247,  0,  5720.34,  2077.01,  0,  0,  11,  0
0,  1,  8273881,  9004893,  68638,  4677380,  22480252,  1543624143,  28663222222,  12940,  4397945,  1312743666,  0,  6976.32,  294.575,  0,  0,  10,  0
1,  0,  22654226,  12753107,  12626753,  3760,  45288402,  3229436669,  22924899140,  828,  5194,  2770070041,  0,  7651.53,  112.955,  0,  0,  8,  0
1,  0,  188249,  152117,  2795,  1077,  404795,  2683084,  2312809,  712,  8084,  126456,  0,  6622.49,  92.26,  0,  0,  13,  0
1,  0,  10027660,  8802637,  4869118,  5110,  22549591,  1819012732,  31295827232,  9721,  3921937,  1562035217,  0,  6476.83,  95.715,  0,  0,  11,  0
1,  0,  6502519,  5636585,  3263101,  235555,  15205824,  1283310279,  15639556006,  35882,  391773,  1100435357,  1,  4639.6,  96.69,  0,  0,  12,  0
1,  0,  24882841,  12241410,  12276172,  4327,  47274234,  3205399253,  25850291546,  1082,  4355,  2750421164,  0,  7970.41,  118.48,  0,  0,  9,  0
1,  0,  5663976,  7219005,  7017233,  850,  18509841,  1652825984,  8606049803,  64,  814,  1453349833,  0,  3908.12,  95.54,  0,  0,  3,  0
0,  1,  6795399,  4914517,  27193,  2357237,  14061956,  1411047925,  21455063845,  21813,  2341686,  1203672849,  1,  4452.86,  289.38,  0,  0,  16,  0
0,  1,  6758313,  4715077,  18440,  1767317,  12621408,  960174925,  8501386048,  8635,  2831103,  842321195,  0,  2302.65,  528.36,  0,  0,  3,  0
0,  1,  6948553,  8948871,  42617,  4623035,  20800058,  1468899544,  25780320533,  17591,  4382868,  1258136442,  0,  6937.82,  275.59,  0,  0,  9,  0
0,  1,  14823179,  9347503,  119041,  4743434,  29576674,  1896780163,  48674139273,  36590,  4570702,  1615861806,  0,  6889.44,  1500.29,  0,  0,  17,  0
1,  0,  202965,  105639,  404,  195,  314456,  13884380,  13477917,  516,  8828,  17651210,  0,  6618.14,  93.845,  0,  0,  10,  0
0,  1,  4872986,  5026799,  19548,  2813583,  12170508,  1320614579,  17079114745,  31787,  2144333,  902932147,  1,  4475.49,  356.275,  0,  0,  13,  0
1,  0,  12665755,  9258192,  4097268,  1550394,  26816960,  2263441668,  38107599499,  56286,  3324780,  1809569097,  1,  4916.27,  1265.17,  0,  0,  17,  0
1,  0,  5439383,  4332419,  4596503,  4649,  14405980,  1441309211,  7970264349,  714,  4120,  1197148454,  1,  4621.65,  96.74,  0,  0,  5,  0
0,  1,  6814255,  3741028,  3632,  825252,  10355327,  1234095817,  5615752263,  5392,  2895900,  1099118980,  0,  653.11,  749.66,  0,  0,  2,  0
0,  1,  501849,  3720828,  8112,  2242135,  6151695,  788588524,  5894787229,  4828,  1458484,  615745750,  1,  4397.46,  180.345,  0,  0,  4,  0
1,  0,  249754,  188938,  9489,  6842,  502886,  94125791,  45394853,  2187,  11782,  25477309,  0,  6625.88,  92.975,  0,  0,  16,  0
1,  0,  8424883,  6097525,  6057779,  8483,  19279807,  1685717028,  8855569482,  3431,  15487,  1514858934,  1,  4878.41,  100.6,  0,  0,  6,  0
0,  1,  3290098,  8734808,  34724,  4841392,  16291950,  1305230875,  17366596993,  18401,  4004181,  1112421766,  0,  4674.88,  1677.6,  0,  0,  6,  0
1,  0,  14711340,  7689993,  7736357,  402,  27336466,  1689888452,  5703433458,  660740059,  483,  1493963350,  0,  2058.14,  89.94,  0,  0,  2,  0
0,  1,  13088539,  9165340,  107799,  4581338,  27402032,  1801360409,  43088799032,  50242,  4442205,  1519744970,  0,  5914.47,  2188.04,  0,  0,  15,  0
0,  1,  9967697,  9083411,  75560,  4916993,  24128886,  1667183265,  34392222766,  15972,  4266184,  1424935942,  0,  7317.14,  311.46,  0,  0,  12,  0
1,  0,  2827787,  4012970,  3991325,  6473,  10117425,  996100809,  5371089081,  890,  4834,  935510935,  1,  6997.18,  105.685,  0,  0,  4,  0
0,  1,  690404,  495880,  3228,  253808,  1449801,  332619944,  785897450,  1762,  171332,  236378783,  1,  6675.63,  96.485,  0,  0,  8,  0
0,  1,  4506316,  8502931,  49299,  4644579,  17604365,  1372236964,  20105549403,  17986,  3966366,  1182894289,  0,  6601.06,  265.665,  0,  0,  7,  0
0,  1,  12730427,  9478471,  92076,  5045296,  27237189,  1825321331,  40177024759,  86705,  4401748,  1558065329,  0,  7812.84,  324.4,  0,  0,  14,  0
1,  0,  145958,  83593,  380,  380,  169697,  161266,  545294,  333,  5618,  63459,  0,  6646.94,  97.14,  0,  0,  7,  0
1,  0,  364049,  176988,  5942,  1550,  445486,  1612711,  3570812,  1111,  9462,  28818711,  0,  6634.9,  92.965,  0,  0,  15,  0
1,  0,  7244831,  6239421,  3065380,  775638,  16299533,  1644362003,  19499344539,  53536,  2290667,  1094984896,  1,  4690.81,  133.36,  0,  0,  14,  0
0,  1,  1198233,  5118640,  11269,  3052527,  8052688,  849965982,  8108222171,  7846,  2056224,  700511733,  1,  4414.41,  357.465,  0,  0,  5,  0
0,  1,  412319,  491268,  7536,  148044,  1044179,  175439838,  539632994,  2970,  121846,  198580244,  0,  6636.45,  94.35,  0,  0,  11,  0
0,  1,  168099,  105564,  4865,  1583,  278015,  323191,  1321368,  465,  3985,  5055884,  0,  6640.12,  92.935,  0,  0,  10,  0
1,  0,  24593199,  21462578,  21345242,  4893,  57827013,  3595371518,  22898284387,  743,  4195,  3122078331,  0,  6586.89,  123.88,  0,  0,  8,  0
1,  0,  347255,  197920,  48552,  23429,  559424,  352976126,  344080208,  1969,  9409,  342432218,  0,  6672.48,  96.135,  0,  0,  13,  0
1,  0,  13784721,  12261521,  6573468,  715286,  30065613,  1839974978,  27402919770,  70387,  4945920,  1570618676,  0,  6028.38,  96.135,  0,  0,  11,  0
1,  0,  10015223,  15540704,  7648740,  2454881,  32245266,  2092030621,  34309078135,  42319,  5501192,  1793724201,  0,  6921.71,  201.255,  0,  0,  12,  0
1,  0,  27972293,  21595058,  21387319,  4333,  61725281,  3991371977,  25720912145,  1179,  3914,  3470746767,  0,  7325.79,  130.08,  0,  0,  9,  0
1,  0,  71025,  36199,  75,  75,  134795,  115608524,  31497724,  112,  1282,  1472029,  1,  6626.77,  93.28,  0,  0,  3,  0
0,  1,  8943180,  10196949,  3782592,  3103470,  22849031,  1893221597,  25695665961,  60469,  3206722,  1494683926,  1,  4633.64,  1016.36,  0,  0,  16,  0
0,  1,  4647115,  6596332,  4809134,  562873,  11485481,  794171966,  4524314894,  4231,  1296874,  798300275,  1,  4346.28,  199.1,  0,  0,  3,  0
0,  1,  7954892,  13355781,  4211068,  4543951,  26163064,  1666993483,  24025575855,  29383,  4595303,  1431670890,  0,  5458.88,  1437.95,  0,  0,  9,  0
0,  1,  13752580,  13648093,  5175656,  4075323,  32976678,  2424627177,  40490038293,  79583,  4434592,  2040982440,  1,  4112.55,  1853.53,  0,  0,  17,  0
1,  0,  27975611,  21326134,  21276147,  5084,  60992911,  3825083435,  28352166015,  1427,  9108,  3316521819,  0,  7053.85,  81.1,  0,  0,  10,  0
0,  1,  12804362,  14581352,  5296042,  4434925,  32997416,  2103232887,  37331322978,  131311,  4619545,  1807566747,  0,  7065.15,  300.445,  0,  0,  13,  0
1,  0,  14314818,  13900350,  7668988,  3023840,  34150605,  2643749336,  37177337365,  101879,  3527570,  2244292899,  1,  5086.12,  1061.07,  0,  0,  17,  0
1,  0,  5081497,  8988180,  9377843,  2541,  18635081,  1695117168,  7403642071,  616,  3920,  1451936636,  1,  4618.48,  95.75,  0,  0,  5,  0
0,  1,  24578748,  6296210,  2112220,  1023828,  32138524,  1565163567,  5703551388,  10383,  3340739,  1366605543,  0,  914.695,  484.805,  0,  0,  2,  0
0,  1,  143802,  61480,  2366,  32145,  255964,  349607975,  339151922,  795,  3272,  244116761,  0,  6636.79,  93.465,  0,  0,  4,  0
1,  0,  7907574,  7493244,  4311465,  1262878,  18335153,  1595425573,  17490579659,  63365,  1848259,  1482918324,  1,  4697.4,  100.565,  0,  0,  16,  0
1,  0,  16788413,  20375635,  20265255,  2989,  46973686,  3612577937,  17077147151,  1043,  8801,  3176478398,  0,  6713.88,  125.695,  0,  0,  6,  0
0,  1,  4463952,  13973606,  5004640,  4970940,  22598363,  1712455176,  17236462221,  35229,  4086084,  1481671224,  0,  6194.73,  245.205,  0,  0,  6,  0
1,  0,  713592,  16180352,  16155175,  1714,  24964197,  2034952197,  5627016983,  334,  928,  1816719113,  0,  3892.1,  154.88,  0,  0,  2,  0
0,  1,  7529168,  9186442,  4257183,  2454888,  20180180,  2087063088,  21590502228,  60310,  2656750,  1390292571,  1,  4463.73,  428.36,  0,  0,  15,  0
0,  1,  10886122,  14232535,  5031620,  4420532,  31281453,  1922678662,  34448893173,  26876,  4885843,  1644472534,  0,  5521.09,  1413.34,  0,  0,  12,  0
1,  0,  6864319,  13857099,  13821786,  1303,  29716711,  2769448996,  11576251048,  30,  541,  2390714811,  0,  5044.92,  101.925,  0,  0,  4,  0
0,  1,  114957,  99125,  5757,  858,  232548,  1338883,  1919909,  423,  2915,  64142,  0,  6630.02,  92.375,  0,  0,  8,  0
0,  1,  5963263,  14144098,  5038682,  4777630,  24796247,  1787861784,  20142051111,  34624,  4492352,  1552912736,  0,  6400.26,  269.79,  0,  0,  7,  0
0,  1,  294163,  438162,  185269,  98915,  763183,  201608886,  131119712,  1562,  11818,  120080647,  0,  6695.19,  94.91,  0,  0,  14,  0
1,  0,  137843,  89530,  334,  5081,  253511,  94823702,  43020307,  161,  6874,  19944411,  0,  6625.3,  93.675,  0,  0,  7,  0
1,  0,  8421460,  8798461,  5435697,  1482516,  21632112,  1820171626,  20329049612,  70910,  2230945,  1508187062,  1,  4733.05,  117.64,  0,  0,  15,  0
1,  0,  13583526,  15959709,  6743865,  3667313,  35470842,  2313966199,  40046435980,  179032,  5357938,  1974505295,  0,  7453.76,  286.085,  0,  0,  14,  0
0,  1,  1644715,  7398514,  3639331,  2422134,  11394624,  1064778040,  7083520881,  18917,  1574843,  851741877,  1,  4465.25,  286.58,  0,  0,  5,  0
0,  1,  289827,  146286,  5251,  22624,  573146,  356806000,  343155669,  1504,  6823,  265559654,  0,  6648.1,  93.26,  0,  0,  11,  0
0,  1,  35686,  11303,  6340,  2568,  44514,  11254427231,  5683459184,  122,  1317,  7621902186,  0,  5975.07,  5934.42,  0,  0,  2,  1
1,  0,  127399,  143513,  86117,  11106,  307943,  35120315534,  21663558307,  2815,  11064,  25873601680,  0,  38929.1,  160.625,  0,  0,  8,  1
0,  1,  46946,  21848,  12253,  3784,  65315,  15962919360,  8210337999,  520,  1875,  11242335323,  0,  11848.7,  5992.82,  0,  0,  3,  1
0,  1,  56467,  39603,  22377,  8777,  90836,  20933519709,  10744473923,  823,  4040,  15064769277,  0,  11837.2,  11793.3,  0,  0,  4,  1
0,  1,  146287,  297776,  147596,  30684,  473011,  73406850186,  44862290706,  6061,  55391,  53617569581,  0,  39046,  38851.7,  0,  0,  16,  1
1,  0,  167229,  218414,  141133,  30460,  390742,  53254307268,  35575117818,  3369,  16183,  39242923516,  0,  40559.1,  17455.1,  0,  0,  13,  1
0,  1,  205434,  295225,  154252,  35982,  515141,  69630270073,  40927706417,  6252,  51547,  51798648855,  25,  39014.9,  37240,  0,  0,  15,  1
0,  1,  81457,  157887,  104915,  27791,  255959,  52933732976,  27684354385,  3053,  9357,  38631447785,  0,  28962,  28666.2,  0,  0,  10,  1
0,  1,  159607,  213753,  109454,  25924,  434653,  57427018490,  30327320128,  4596,  32058,  42094530963,  0,  33670.5,  28537,  0,  0,  11,  1
0,  1,  145763,  287191,  152972,  27749,  448907,  73109874812,  47035825792,  7889,  59244,  53951057300,  0,  40136.4,  38920,  0,  0,  17,  1
1,  0,  142984,  161210,  96452,  15314,  318383,  36574806570,  24592454731,  3130,  11101,  27372897772,  0,  40018.8,  163.76,  0,  0,  9,  1
0,  1,  57916,  92235,  59936,  15345,  138669,  32071077110,  16582706051,  1345,  4298,  23354333344,  0,  17578,  17503.4,  0,  0,  6,  1
1,  0,  181995,  203950,  122522,  20731,  399471,  47958025636,  32814435507,  3448,  17374,  35254756298,  0,  40604.1,  11751.8,  0,  0,  12,  1
0,  1,  68794,  129097,  76467,  18415,  203670,  42160326713,  21919881184,  2185,  5585,  31775514805,  1,  23207,  23104.5,  0,  0,  8,  1
1,  0,  184816,  256869,  155202,  35189,  513094,  63115390795,  40945024470,  3658,  20221,  46885135054,  0,  40640.1,  28506,  0,  0,  15,  1
1,  0,  26901,  40942,  27956,  1918,  64697,  16049011060,  8278723605,  617,  642,  11662143685,  0,  17569,  184.02,  0,  0,  3,  1
0,  1,  171237,  274067,  142216,  33974,  471442,  69018524828,  38678587814,  6022,  42304,  50706897599,  1,  37285.3,  37270.2,  0,  0,  14,  1
1,  0,  99954,  114454,  67179,  4792,  244774,  30910987571,  16492853248,  2661,  10232,  22718949548,  0,  33614.8,  160.51,  0,  0,  6,  1
0,  1,  61082,  111272,  64227,  19978,  171942,  37187217395,  19260664105,  1754,  3760,  27382198785,  0,  23216.2,  17502.7,  0,  0,  7,  1
1,  0,  147258,  171974,  102517,  16646,  348370,  37723590846,  27679342160,  3517,  15335,  27824279180,  0,  40591.7,  82.14,  0,  0,  10,  1
1,  0,  43836,  78125,  47657,  7913,  126552,  26195112625,  13730473208,  713,  618,  19266680047,  0,  28610,  156.84,  0,  0,  5,  1
1,  0,  166370,  259604,  162083,  33513,  460229,  72135436827,  46955709652,  2784,  18752,  53140453040,  0,  40723.4,  37234.9,  0,  0,  17,  1
0,  1,  169887,  271386,  134260,  32972,  471094,  65532152212,  35834072245,  6345,  43418,  48246981155,  0,  37317.5,  33678,  0,  0,  13,  1
1,  0,  177346,  240738,  149184,  30951,  480815,  58102013600,  38200275254,  3361,  18334,  42659205912,  0,  40598.3,  23021.7,  0,  0,  14,  1
0,  1,  60826,  64388,  39808,  8610,  117766,  26868716730,  13849850812,  828374001,  4744,  19327032060,  0,  17604.3,  11827.9,  0,  0,  5,  1
0,  1,  78026,  153607,  94377,  21003,  244029,  47301080004,  24730111088,  2392,  11201,  34597568260,  0,  28673.5,  23090.9,  0,  0,  9,  1
1,  0,  151493,  193927,  111071,  21535,  366476,  42458618705,  29963798677,  3416,  16582,  31178447222,  1,  40644,  5956.85,  0,  0,  11,  1
1,  0,  28144,  15975,  8772,  2847,  43146,  10760743921,  5524325954,  400,  218,  7741936313,  0,  11810.8,  121.615,  0,  0,  2,  1
1,  0,  103630,  134112,  87474,  5303,  266018,  34366219334,  19300369385,  2801,  10584,  25203034919,  0,  37200.9,  163.485,  0,  0,  7,  1
1,  0,  30188,  55495,  34430,  6546,  97106,  21115815468,  10981583351,  1786,  514,  15478940297,  0,  23124,  158.46,  0,  0,  4,  1
1,  0,  206076,  268380,  152506,  37961,  531222,  68233890829,  43895611365,  3299,  20999,  50312076392,  0,  40663.2,  33653.4,  0,  0,  16,  1
0,  1,  158711,  219445,  127363,  28350,  396195,  62004665513,  33033812866,  4243,  18000,  45363511489,  0,  33674,  33683.3,  0,  0,  12,  1
0,  1,  34791,  4332,  734,  85,  35226,  5747215886,  5442732431,  141,  1477,  4214034935,  0,  105.795,  111.485,  0,  0,  2,  1
1,  0,  84953,  119931,  73683,  15669,  195746,  6062490867,  22389338626,  690,  5322,  4456005851,  0,  40571.9,  160.66,  0,  0,  8,  1
0,  1,  29902,  30137,  16328,  943,  65386,  6842405388,  8337446940,  258,  2076,  4855665213,  0,  14413.7,  157.44,  0,  0,  3,  1
0,  1,  50369,  24660,  14286,  1306,  76081,  10170074519,  11120399988,  911,  4579,  7478874039,  0,  4673.82,  4264.59,  0,  0,  4,  1
0,  1,  135356,  208597,  139658,  21607,  378653,  11818996751,  44186605745,  2204,  14104,  8690340131,  0,  40216.1,  40146.2,  0,  0,  16,  1
1,  0,  131592,  148110,  107470,  10180,  309950,  14686885238,  36009420989,  1054,  10247,  10788924589,  0,  41271.1,  1316.89,  0,  0,  13,  1
0,  1,  139999,  215980,  137000,  24595,  406668,  11754171233,  41371074305,  2141,  14624,  8650623050,  0,  40486.2,  39328.6,  0,  0,  15,  1
0,  1,  67080,  143308,  93342,  15600,  228082,  11763773074,  27835567819,  1493,  6989,  8667124419,  0,  37291,  37357.5,  0,  0,  10,  1
0,  1,  89249,  161608,  107467,  18433,  285031,  11790866734,  30693328729,  1739,  13805,  8643999303,  0,  38905.9,  36949.7,  0,  0,  11,  1
0,  1,  126590,  238783,  154669,  27422,  361810,  11986596370,  47083460298,  1667,  12329,  8800177173,  0,  41206.8,  40146.4,  0,  0,  17,  1
1,  0,  94399,  142308,  86727,  16455,  221999,  6062231200,  24968225613,  2015,  8093,  4415210766,  0,  40983.4,  158.565,  0,  0,  9,  1
0,  1,  47301,  92230,  57043,  8608,  131299,  11156479717,  16568930975,  2507,  7635,  8213276191,  0,  22791.8,  21943.1,  0,  0,  6,  1
1,  0,  141919,  140880,  94753,  8184,  266249,  11924468117,  32903668912,  1204,  14897,  8683082875,  0,  41249.1,  90.63,  0,  0,  12,  1
0,  1,  47234,  101264,  63010,  10453,  161879,  10667854529,  19428834815,  1593,  6471,  7803430545,  0,  34908.3,  34922.4,  0,  0,  8,  1
1,  0,  119564,  213550,  145564,  19551,  334269,  12296256288,  41378443007,  1668,  11364,  9082088985,  1,  41215.7,  36907.3,  0,  0,  15,  1
1,  0,  18004,  40399,  26129,  1183,  64509,  4906334001,  8374218585,  822,  1034,  3565624946,  0,  31942.6,  155.865,  0,  0,  3,  1
0,  1,  109383,  201365,  135186,  21712,  348151,  11794088000,  39090848381,  1880,  11799,  8675783796,  0,  39632.6,  39317.6,  0,  0,  14,  1
1,  0,  78756,  99614,  57700,  9764,  168194,  5817123157,  16728411196,  1383,  5111,  4270531117,  0,  39225.5,  161.16,  0,  0,  6,  1
0,  1,  54869,  108710,  62137,  10874,  157432,  12120854890,  19458971761,  865,  6364,  8913538969,  0,  35525.5,  15704.4,  0,  0,  7,  1
1,  0,  95157,  140010,  81600,  17217,  247830,  6012346451,  27524322587,  2567,  14117,  4506627506,  0,  41305.9,  91.43,  0,  0,  10,  1
1,  0,  34929,  71415,  52036,  2341,  117656,  5653911522,  13939883686,  364,  969,  4176362876,  0,  38182.5,  207.125,  0,  0,  5,  1
1,  0,  132463,  247482,  157936,  21039,  368930,  11899310772,  47048086671,  1516,  9289,  8785042507,  0,  41156.4,  39417.8,  0,  0,  17,  1
0,  1,  113096,  188165,  118689,  20078,  319332,  11759137459,  36290891121,  1790,  13961,  8620586974,  0,  39608.8,  38203.4,  0,  0,  13,  1
1,  0,  99511,  166347,  114989,  14551,  273969,  11714724691,  33872637983,  1288,  8161,  8662477397,  0,  41374.9,  27436.4,  0,  0,  14,  1
0,  1,  49260,  54975,  31310,  6203,  108685,  10736064044,  13817792564,  334,  3783,  7832471141,  0,  27010.8,  1246.17,  0,  0,  5,  1
0,  1,  58742,  136513,  85703,  13524,  198934,  11990599501,  24982290440,  1390,  7439,  8813864225,  0,  37713.2,  34057.8,  0,  0,  9,  1
1,  0,  113413,  152254,  107811,  8520,  259893,  8919074861,  30172855926,  1071,  10132,  6459036421,  0,  41287.2,  85.845,  0,  0,  11,  1
1,  0,  11968,  29556,  17678,  819,  41581,  3398811083,  5524716917,  309,  563,  2526109968,  0,  21573,  154.98,  0,  0,  2,  1
1,  0,  83249,  112179,  65587,  12486,  174577,  5920771530,  19584937535,  1890,  4976,  4331012475,  0,  39694.8,  161.785,  0,  0,  7,  1
1,  0,  27557,  56996,  39286,  1453,  98030,  5520220685,  11121256171,  304788,  483,  4047238999,  0,  37015.1,  160.145,  0,  0,  4,  1
1,  0,  123132,  215753,  148183,  20220,  348339,  11903233764,  44273446811,  1912,  12768,  8768156521,  1,  41085.2,  37861.6,  0,  0,  16,  1
0,  1,  100322,  178268,  111947,  18409,  308303,  11601930398,  33450132339,  1786,  13383,  8536291723,  0,  38497.5,  38248.9,  0,  0,  12,  1
0,  1,  35679,  1822,  35,  20,  33347,  11089268885,  5452937285,  240,  1348,  8232836029,  0,  86.605,  79.905,  0,  0,  2,  1
1,  0,  85585,  126182,  81990,  8170,  115267603245,  37199117031,  22520189007,  1289,  5916,  27149007301,  0,  38996.4,  140.75,  0,  0,  8,  1
0,  1,  53633,  3653,  145,  25,  51144,  16900272642,  8303242634,  354,  2807,  12274009020,  0,  91.625,  86.275,  0,  0,  3,  1
0,  1,  67663,  5430,  1147,  379,  87168,  22909591166,  11144520762,  399,  3046,  16298570434,  0,  91.83,  87.105,  0,  0,  4,  1
0,  1,  141569,  347585,  149586,  31248,  511756,  72215332109,  44350511048,  11398,  109336,  53118515940,  0,  38447.7,  38982.4,  0,  0,  16,  1
1,  0,  136241,  194915,  117257,  15814,  417442,  54634563679,  36145646002,  3008,  27274,  40768979816,  0,  40948.2,  6640.03,  0,  0,  13,  1
0,  1,  117728,  299007,  127527,  22105,  433320,  61455372257,  36261388945,  10901,  109846,  45226117816,  0,  38378.2,  37051,  0,  0,  15,  1
0,  1,  79148,  1116181,  89532,  18275,  1287995,  51105312517,  27860867639,  60868,  881743,  37434988601,  0,  26185.2,  26165.7,  0,  0,  10,  1
0,  1,  108193,  931719,  105880,  19497,  1029532,  56315914116,  30682224172,  47118,  722169,  41318164216,  0,  32513.6,  26250.7,  0,  0,  11,  1
0,  1,  152057,  313441,  166048,  31077,  489148,  74068569757,  47095501424,  8213,  69013,  54709086729,  0,  40372.4,  39034.6,  0,  0,  17,  1
1,  0,  93093,  143901,  102421,  6876,  224992,  37860171567,  25089125322,  1526,  11050,  28299878806,  0,  40244.4,  138.155,  0,  0,  9,  1
0,  1,  60917,  253982,  35584,  7054,  305052,  33009094067,  16670436311,  2112,  205177,  23925696281,  0,  4403.37,  2620.44,  0,  0,  6,  1
1,  0,  125005,  162548,  104726,  17433,  300495,  50327117693,  33731944055,  1352,  12494,  36650215573,  0,  40805.4,  130.255,  0,  0,  12,  1
0,  1,  61283,  509216,  66851,  14348,  593797,  41697451701,  22212867167,  19778,  381341,  30609479003,  0,  19533,  18788.3,  0,  0,  8,  1
1,  0,  119629,  208298,  134945,  22589,  380669,  56130393741,  36420989770,  1906,  11126,  41299141472,  0,  40559.5,  26402.4,  0,  0,  15,  1
1,  0,  25066,  21499,  16513,  2895,  161075,  14582068836,  7334811675,  152,  381,  10578867914,  0,  3670.88,  133.11,  0,  0,  3,  1
0,  1,  123107,  478756,  132654,  26741,  639527,  69509332413,  39125148525,  22874,  260545,  50943960009,  0,  36900.8,  36795.5,  0,  0,  14,  1
1,  0,  73300,  96011,  53503,  10650,  195485,  31241968298,  16729281592,  1029,  7674,  22959876649,  0,  32694.3,  158.84,  0,  0,  6,  1
0,  1,  78730,  1292771,  51860,  8035,  40793961,  36073632352,  19457291355,  26091,  1214200,  26485126485,  0,  18615.1,  2727.93,  0,  0,  7,  1
1,  0,  88597,  151805,  102964,  11571,  296410,  38840683074,  28075575126,  2062,  9194,  28561681979,  0,  40822.3,  86.745,  0,  0,  10,  1
1,  0,  36577,  63294,  42781,  9443,  157625,  26236434832,  13873804933,  434,  486,  19399697717,  0,  26706.5,  146.875,  0,  0,  5,  1
1,  0,  132333,  249521,  152055,  36244,  447073,  71896905733,  47321839470,  3776,  26787,  52679482030,  0,  40354.4,  36872,  0,  0,  17,  1
0,  1,  126083,  871264,  126942,  25080,  1071932,  64689317560,  36296199985,  54321,  631473,  47485260604,  0,  36285.2,  32469,  0,  0,  13,  1
1,  0,  127862,  222200,  138402,  25863,  378852,  59451005953,  38638288877,  2129,  13387,  43450890722,  0,  41059.5,  18902.4,  0,  0,  14,  1
0,  1,  67766,  206687,  18633,  4343,  242600,  27610998538,  13855933392,  1320,  169857,  20282212609,  0,  3580.14,  554.485,  0,  0,  5,  1
0,  1,  61942,  1015827,  75983,  15537,  1090160,  40379513730,  21917922787,  45451,  900736,  29363265405,  0,  26235.7,  19127.6,  0,  0,  9,  1
1,  0,  99854,  153667,  100072,  10102,  259890,  38395300018,  27046290131,  1649,  18110,  27862015245,  0,  40091.8,  84.385,  0,  0,  11,  1
1,  0,  29262,  3889,  3199,  659,  30530,  11297458874,  5550188180,  48,  406,  8328281304,  0,  284.465,  161.115,  0,  0,  2,  1
1,  0,  69947,  113466,  72262,  6663,  222254,  34845679410,  19654938185,  637,  5599,  25487885775,  0,  36758.4,  150.995,  0,  0,  7,  1
1,  0,  27956,  51696,  32848,  5876,  102724,  21227082652,  11094894911,  125,  186,  15563670804,  0,  19286.5,  141.415,  0,  0,  4,  1
1,  0,  146357,  256640,  158223,  25172,  442892,  68156605707,  44204919410,  4610,  34482,  50290182189,  0,  40203.9,  32634.5,  0,  0,  16,  1
0,  1,  99442,  774226,  98659,  18246,  893574,  53749088679,  29390068611,  49697,  575364,  39170882174,  0,  32538,  32290.9,  0,  0,  12,  1
0,  1,  12924394,  60561378,  59896752,  1224,  72881894,  2725918146,  5510051299,  473,  1679,  2482695589,  0,  2756.22,  2736.7,  0,  0,  2,  1
1,  0,  5428316,  251531824,  253847545,  5260,  252422665,  9745566392,  22162601846,  1048,  7252,  8649738177,  0,  21512.7,  145.385,  0,  0,  8,  1
0,  1,  12693373,  96937567,  96199422,  3671,  107196367,  4028054251,  8253467993,  1018,  1756,  3596342992,  0,  5745.85,  2767.32,  0,  0,  3,  1
0,  1,  12279159,  128908004,  129239718,  2693,  142386860,  5388376008,  11198454115,  1314,  2448,  4790584209,  0,  5766.17,  5685.05,  0,  0,  4,  1
0,  1,  10742913,  501170055,  507364585,  21165,  511075986,  19654063537,  44600133020,  4775,  9317,  17427722220,  0,  21577.3,  21505.6,  0,  0,  16,  1
1,  0,  10969312,  396697138,  397344376,  16563,  409625011,  15619048121,  36085079758,  2545,  10096,  13933837626,  0,  25756.7,  8818.9,  0,  0,  13,  1
0,  1,  10976448,  476246503,  475538337,  22513,  484634022,  18506477966,  41607426043,  4152,  6975,  16546038736,  0,  21568.2,  19249.4,  0,  0,  15,  1
0,  1,  11678926,  328794351,  329360796,  15692,  341698122,  13103663718,  27976155134,  3237,  2848,  11679571084,  0,  14328.6,  14176,  0,  0,  10,  1
0,  1,  11619779,  360314026,  358792987,  14780,  372182576,  14353639665,  30838510012,  2958,  8891,  12758652625,  0,  16923.2,  14219.7,  0,  0,  11,  1
0,  1,  10553078,  523813773,  531924282,  27089,  541631373,  20532275012,  47263465951,  4773,  8983,  18298413290,  0,  23746.9,  21495.3,  0,  0,  17,  1
1,  0,  5231665,  277558551,  279044730,  6242,  280843553,  10844153512,  25140886992,  1347,  6083,  9511819875,  0,  23676.4,  153.465,  0,  0,  9,  1
0,  1,  10651394,  174597079,  173924986,  6548,  185954188,  7111692496,  14716919527,  2043,  2610,  6245924471,  0,  8736.98,  8742.77,  0,  0,  6,  1
1,  0,  11241239,  364550713,  363626479,  29481,  373744727,  14412864609,  33405884812,  2787,  12862,  12978305457,  0,  25672.5,  5731.03,  0,  0,  12,  1
0,  1,  11968145,  265744723,  264203903,  9639,  275170237,  10601645833,  22298126231,  2328,  2323,  9444432582,  0,  11576.4,  11560.4,  0,  0,  8,  1
1,  0,  10893146,  465286120,  469354173,  22412,  477482975,  18287148714,  41924610699,  3824,  1930776,  16306729163,  0,  25711.5,  14202.5,  0,  0,  15,  1
1,  0,  6028446,  98636692,  98730655,  1413,  105691638,  4075618346,  8457091690,  68,  510,  3588526162,  0,  8665.67,  134.98,  0,  0,  3,  1
0,  1,  11139409,  446511959,  444891375,  20255,  457274629,  17654731634,  39219816234,  4390,  9751,  15809949021,  0,  19267.5,  19212.4,  0,  0,  14,  1
1,  0,  5695851,  195207757,  195584397,  5201,  201139527,  7711391306,  16794564227,  1664,  4484,  6912267904,  0,  16832,  151.25,  0,  0,  6,  1
0,  1,  12116658,  233299754,  233142924,  13447,  245160154,  9291919266,  19339786020,  1107,  2398,  8335322002,  0,  11624.7,  8731.69,  0,  0,  7,  1
1,  0,  5022407,  296371091,  297282575,  8786,  306345212,  11640339063,  27820294720,  1861,  8225,  10353466880,  0,  25577.1,  86.715,  0,  0,  10,  1
1,  0,  5781715,  163612716,  164343056,  2397,  170024899,  6515391778,  13931155269,  576,  802,  5864147806,  0,  14272.5,  155.855,  0,  0,  5,  1
1,  0,  10592590,  522453867,  523776609,  24381,  532568636,  20319331655,  47118695737,  4645,  13449,  18335619360,  3,  25715,  19201.2,  0,  0,  17,  1
0,  1,  11218034,  417524756,  415367043,  18143,  428703828,  16577540210,  36378749901,  3216,  6804,  14730510605,  0,  19284.5,  16795,  0,  0,  13,  1
1,  0,  11123667,  435679933,  434149679,  26002,  443158734,  16935787849,  38956074080,  2931,  6191,  15193280811,  3,  25661.2,  11553.3,  0,  0,  14,  1
0,  1,  12309333,  164723558,  164100564,  3644,  179143264,  6824964845,  14121405386,  654,  1821,  6021705778,  0,  8763.03,  5749.28,  0,  0,  5,  1
0,  1,  11814411,  295861948,  295940816,  13073,  310740469,  11868957528,  25054174436,  3242,  4315,  10536138997,  0,  14276.4,  11545.5,  0,  0,  9,  1
1,  0,  11450640,  330589425,  328924479,  8882,  339427429,  13129416343,  30767823827,  2108,  14518,  11859351017,  0,  25679.5,  2755.33,  0,  0,  11,  1
1,  0,  6178749,  65444590,  64760127,  559,  70103127,  2671745424,  5570440591,  320,  339,  2412458738,  0,  5681.86,  106.955,  0,  0,  2,  1
1,  0,  5523807,  222591065,  223432530,  4159,  228307048,  8842511832,  19604687104,  1177,  5260,  7853891407,  0,  19240.2,  148.875,  0,  0,  7,  1
1,  0,  5207762,  115985085,  115946529,  1559,  120358168,  4653199758,  9848185161,  422,  608,  4169878946,  0,  11521.8,  150.29,  0,  0,  4,  1
1,  0,  10797539,  497445203,  503641374,  24093,  508384380,  19400275700,  44604245735,  4502,  8774,  17304039739,  0,  25729.9,  16774,  0,  0,  16,  1
0,  1,  11355607,  388587025,  388965517,  16615,  398742131,  15341085411,  33383479783,  3459,  8544,  13775336768,  0,  16895,  16776.1,  0,  0,  12,  1
0,  1,  36523,  58721,  6829,  6252,  114589,  5706344986,  5636864580,  6197,  43918,  4012161913,  0,  154.535,  1486.93,  0,  0,  2,  1
1,  0,  87494,  120549,  75017,  14864,  617748,  6512103788,  22277144440,  1490,  8686,  4793719149,  0,  40377.4,  153.2,  0,  0,  8,  1
0,  1,  34609,  173521,  31242,  30556,  219291,  6498524384,  8280022320,  8862,  63372,  4725049495,  0,  18594.1,  172.81,  0,  0,  3,  1
0,  1,  47696,  311959,  41951,  54687,  579917,  8371695030,  10954639016,  21695,  215481,  6083149406,  0,  10287.7,  12840.3,  0,  0,  4,  1
0,  1,  198157,  4707631,  613877,  626966,  11489312,  12698425078,  44729985991,  122602,  3270052,  9134123282,  0,  39186,  39141.3,  0,  0,  16,  1
1,  0,  170754,  3162886,  465160,  367530,  10161872,  13267635549,  36513175426,  114861,  2246375,  9455795171,  0,  40673.9,  5482.88,  0,  0,  13,  1
0,  1,  200000,  3977452,  529205,  516179,  9948930,  12666065664,  41846554675,  105664,  2747290,  9130340218,  0,  39008.5,  38635.3,  0,  0,  15,  1
0,  1,  117519,  2360184,  358179,  362403,  5510365,  11931340655,  27579125778,  78665,  1668389,  8580251985,  0,  36468.7,  36450.4,  0,  0,  10,  1
0,  1,  113163,  2551499,  372890,  351752,  5963731,  10864205395,  26838449751,  68000,  1913421,  7867553890,  0,  38355.4,  36361.3,  0,  0,  11,  1
0,  1,  220916,  5166032,  584150,  669107,  12164910,  12696339693,  47363441199,  137781,  3867367,  9200297603,  0,  39109.2,  39295.4,  0,  0,  17,  1
1,  0,  109385,  156610,  86419,  16186,  1366836,  6491470317,  25011489456,  1614,  5798,  4727856050,  0,  40076.3,  158.015,  0,  0,  9,  1
0,  1,  52933,  690228,  115059,  95168,  1658602,  10674051672,  16610846727,  32652,  408074,  7792852838,  0,  25384.3,  24309.3,  0,  0,  6,  1
1,  0,  157057,  3011906,  459007,  407538,  6732713,  11925603967,  33018552770,  75496,  2056525,  8746416839,  0,  40938.9,  880.64,  0,  0,  12,  1
0,  1,  59472,  1488715,  211782,  146983,  4236136,  10392269083,  19548512823,  38851,  925890,  7512511152,  0,  33849.4,  33815.1,  0,  0,  8,  1
1,  0,  186530,  4589475,  589200,  592951,  12475572,  12572515786,  41768716753,  125135,  3246635,  9128976478,  0,  40421.5,  32936.6,  0,  0,  15,  1
1,  0,  17817,  42048,  24929,  3410,  119102,  5012996727,  8379641107,  772,  626,  3617432678,  0,  31781.9,  155.915,  0,  0,  3,  1
0,  1,  169813,  4095427,  530036,  500128,  9423530,  12580295429,  39169201000,  1745437543,  2837752,  9042577041,  0,  38404.7,  38596.5,  0,  0,  14,  1
1,  0,  55854,  95095,  63091,  11026,  722019,  6218761956,  16741230314,  1467,  5750,  4516980400,  0,  38998,  151.64,  0,  0,  6,  1
0,  1,  64928,  1329617,  174120,  133685,  3228498,  11302177989,  19316443314,  50639,  1013832,  8173034077,  0,  34383.9,  21229.9,  0,  0,  7,  1
1,  0,  105113,  146839,  103414,  6867,  1252786,  6715070073,  28182278949,  1893,  13949,  4909306195,  0,  41016.9,  99.08,  0,  0,  10,  1
1,  0,  35472,  68265,  44304,  6533,  661160,  6063466694,  13991436328,  704,  579,  4384576589,  0,  38051.5,  161.495,  0,  0,  5,  1
1,  0,  213291,  5009661,  8172049,  586451,  12889362,  12621038546,  47142315668,  134202,  3519570,  9100405300,  0,  40675.8,  37412.7,  0,  0,  17,  1
0,  1,  161860,  3312981,  408750,  464087,  8317607,  12358562397,  36126392501,  88389,  5028163,  8905031076,  0,  38670.9,  37219.2,  0,  0,  13,  1
1,  0,  162256,  3816293,  512219,  480577,  10316748,  13006361335,  39347901689,  111742,  2640619,  9338890562,  0,  40494.8,  24345.1,  0,  0,  14,  1
0,  1,  47284,  569538,  77886,  85864,  1760749,  9936013534,  13744399644,  34194,  348528,  7038052690,  0,  28529,  4833.35,  0,  0,  5,  1
0,  1,  89410,  2082920,  285871,  267163,  4789625,  12033897717,  24912754220,  69796,  1266616,  8742459215,  0,  36614.8,  32905.4,  0,  0,  9,  1
1,  0,  126278,  50475022,  160017,  60674,  2411589,  9417231184,  30839962375,  31842,  313007,  6840843627,  0,  40761,  89.855,  0,  0,  11,  1
1,  0,  11556,  32465,  16433,  2822,  336221,  3426632569,  5536647180,  1153,  653,  2516190503,  0,  22001.5,  152.885,  0,  0,  2,  1
1,  0,  62748,  91577,  55337,  10105,  667794,  5562050913,  17102070063,  1453,  6388,  4039633604,  0,  39601.5,  149.645,  0,  0,  7,  1
1,  0,  25674,  50901,  35329,  5895,  492702,  5741972151,  11191868933,  456,  806,  4150331070,  0,  36390.6,  159.48,  0,  0,  4,  1
1,  0,  180422,  4382107,  605311,  530483,  9688385,  12826298043,  44470428330,  108828,  3059879,  9218930122,  0,  40855.1,  36861.9,  0,  0,  16,  1
0,  1,  150157,  3275662,  476680,  395414,  7158146,  12367001377,  33300949097,  97533,  2249034,  8980984249,  0,  38145.6,  37755.9,  0,  0,  12,  1
0,  1,  57401,  14343,  3498,  2515,  58975,  9877451063,  5668876112,  759,  4263,  7064436004,  0,  5610.42,  5539.96,  0,  0,  2,  1
1,  0,  106842,  128615,  85065,  14703,  296377,  32409081535,  21949455464,  1504,  9808,  24825030053,  0,  37974.2,  161.69,  0,  0,  8,  1
0,  1,  57436,  43328,  14475,  19891,  137019,  14511688676,  8331857229,  767,  7447,  10615186596,  0,  11214.3,  5615.71,  0,  0,  3,  1
0,  1,  71483,  89791,  21734,  6338,  159095,  19795514800,  11296615009,  3530,  53705,  14085768910,  0,  11216.6,  11290,  0,  0,  4,  1
0,  1,  211906,  2211185,  160609,  35230,  3293342,  64117631133,  44511360732,  239190,  1769545,  47674982097,  0,  37401.2,  37294,  0,  0,  16,  1
1,  0,  145133,  250990,  138355,  32797,  652507,  49462653914,  36406464349,  5568,  51205,  35968993148,  0,  39885,  16612.4,  0,  0,  13,  1
0,  1,  203629,  2099770,  156908,  36966,  3017754,  62380710352,  41805866331,  219958,  1619818,  45624421302,  0,  37420.3,  34900.1,  0,  0,  15,  1
0,  1,  129619,  1418401,  98622,  21697,  1831343,  46367874371,  27987976514,  114673,  3886142,  34041943487,  0,  27046,  26678.5,  0,  0,  10,  1
0,  1,  174349,  1532266,  107472,  24642,  2125661,  50481067903,  30700436602,  127939,  1230376,  36810383490,  0,  31700.8,  26555,  0,  0,  11,  1
0,  1,  220874,  2340675,  171715,  39971,  3567381,  64925448298,  47351754215,  270232,  1813650,  47611069047,  0,  38768.8,  37222.9,  0,  0,  17,  1
1,  0,  123568,  166020,  106970,  18936,  361500,  34587047255,  25230994880,  1163,  7901,  25325294147,  0,  39155.2,  202.545,  0,  0,  9,  1
0,  1,  87515,  374485,  47667,  11298,  463113,  25266180862,  14673323714,  19160,  274104,  18232675598,  0,  16675.3,  16624.5,  0,  0,  6,  1
1,  0,  133216,  183011,  102294,  19462,  555135,  38466973004,  29030389725,  3282,  35567,  28745907257,  0,  39919.2,  11120.2,  0,  0,  12,  1
0,  1,  108551,  936876,  80175,  16471,  1213433,  37756609991,  22299948005,  64004,  728230,  27656853569,  0,  22020.9,  21754.4,  0,  0,  8,  1
1,  0,  187630,  527286,  46393913,  33561,  1672678,  58450605538,  42089476986,  34939,  268815,  43058016909,  0,  39990.9,  26887.2,  0,  0,  15,  1
1,  0,  57482,  54087,  30145,  1829,  101924,  14929072910,  8390749263,  384,  1025,  10859092794,  0,  17144.5,  167.16,  0,  0,  3,  1
0,  1,  199130,  2073740,  142436,  33114,  2858533,  61011631789,  39221355927,  214111,  752583,  44537114980,  0,  35181,  35112.9,  0,  0,  14,  1
1,  0,  106458,  106797,  64328,  11795,  255965,  28401287686,  16658893083,  1151,  8672,  20974888708,  0,  32598.4,  160.435,  0,  0,  6,  1
0,  1,  95641,  654153,  57937,  14823,  876865,  33156538899,  19492733282,  35203,  522442,  24399576011,  0,  22018,  16533.5,  0,  0,  7,  1
1,  0,  108299,  155510,  108535,  18585,  425487,  35388267186,  28122728741,  1671,  10286,  25854717276,  0,  39991.2,  106.7,  0,  0,  10,  1
1,  0,  69730,  75723,  50290,  8128,  181554,  24347764287,  14014073968,  294,  687,  17906443404,  0,  27806.7,  164.84,  0,  0,  5,  1
1,  0,  229524,  924669,  172559,  37267,  3097881,  65414550865,  47678205962,  86564,  589854,  47560513739,  0,  39757,  35070.8,  0,  0,  17,  1
0,  1,  197116,  1896024,  132713,  28798,  2599122,  57874428033,  36470365798,  180005,  1507164,  42167369513,  0,  35226.2,  31414.2,  0,  0,  13,  1
1,  0,  176458,  281261,  138584,  31084,  746913,  54470633413,  39217001821,  6000,  69087,  39515236607,  0,  40002.6,  21912.5,  0,  0,  14,  1
0,  1,  72295,  164368,  32858,  6934,  234958,  21029118735,  12152191510,  4908,  98814,  15363296616,  0,  16714.1,  11236.5,  0,  0,  5,  1
0,  1,  111503,  1124818,  90786,  20515,  1507037,  42045797305,  25066542210,  79855,  897084,  30807468996,  0,  26864.2,  21937.3,  0,  0,  9,  1
1,  0,  139094,  180059,  104939,  23217,  452427,  38546669355,  29854784044,  2118,  24211,  28288544851,  0,  39948.4,  5572.68,  0,  0,  11,  1
1,  0,  37611,  17506,  16657,  900,  63527,  9963348973,  5538151738,  36,  441,  7261274535,  0,  11477.8,  117.96,  0,  0,  2,  1
1,  0,  104185,  124201,  71847,  14424,  264080,  31661246824,  19615300548,  1040,  3791,  23136120939,  0,  36043.9,  168.86,  0,  0,  7,  1
1,  0,  51356,  56803,  40653,  2676,  139254,  19666936951,  11154299949,  545,  582,  14330594847,  0,  22456.2,  138.58,  0,  0,  4,  1
1,  0,  225154,  931117,  167739,  36965,  2969292,  61558428675,  44635117430,  84523,  605049,  45384130561,  0,  39710.7,  31145.7,  0,  0,  16,  1
0,  1,  184461,  1858750,  119111,  25497,  2516530,  54218623738,  33460575515,  176374,  1476317,  39686752505,  0,  31661.8,  31312.6,  0,  0,  12,  1
