1, 0, 0.000121366, 3.21708e-08, 0.171801, 0.14455, 0.00314755, 0.120978, 26.235, 0.035545, 1.02133, 0, 52.45, 38.125, 45.79, 47.495, 11, 0.000265003, 7.02266e-08, 0.543071, 0.294926, 0.961431, 0.92435, 1.05687, 1.11698, 0.000143916, 0
1, 0, 0.000118915, 3.90741e-08, 0.0866602, 0.148978, 0.00315802, 0.121458, 26.2834, 0.0204479, 0.549172, 0, 52.615, 37.945, 45.835, 47.49, 11, 0.000328481, 1.079e-07, 0.367769, 0.135254, 0.962333, 0.926084, 0.56962, 0.324467, 0.000120805, 0
1, 0, 0.000118664, 3.84383e-08, 0.0672601, 0.142433, 0.00316569, 0.122121, 26.3019, 0.00890208, 0.668645, 0, 52.75, 38.205, 46.245, 47.785, 11, 0.000323821, 1.0486e-07, 0.320755, 0.102884, 0.962504, 0.926413, 0.677547, 0.45907, 0.000103867, 0
1, 0, 0.000120922, 4.10629e-08, 0.0760563, 0.0760563, 0.00315357, 0.120372, 25.9358, 0.0253521, 0.699531, 0, 52.83, 38.45, 46.48, 48.115, 11, 0.000339466, 1.15237e-07, 0.5, 0.25, 0.961642, 0.924756, 0.724883, 0.525455, 0.000169733, 0
1, 0, 0.000120013, 2.76393e-08, 0.105769, 0.0604396, 0.0031273, 0.121179, 26.3393, 0.0494505, 0.921703, 0, 52.99, 38.24, 46.26, 47.79, 11, 0.000230249, 5.30144e-08, 0.636364, 0.404959, 0.961615, 0.924704, 0.971154, 0.94314, 0.000146522, 0
1, 0, 0.000117981, 2.51492e-08, 0.130106, 0.223903, 0.0031728, 0.121776, 26.2831, 0.03177, 0.942511, 0, 53.21, 38.22, 46.175, 47.92, 11, 0.000213117, 4.54189e-08, 0.367521, 0.135072, 0.962807, 0.926997, 0.974281, 0.949224, 7.83251e-05, 0
1, 0, 0.000119256, 3.58825e-08, 0.0934183, 0.191083, 0.00314987, 0.120801, 26.2523, 0.0127389, 0.602972, 0, 52.9, 37.82, 45.76, 47.455, 11, 0.000300796, 9.0478e-08, 0.328358, 0.107819, 0.962128, 0.92569, 0.615711, 0.3791, 9.87687e-05, 0
1, 0, 0.000120992, 3.89905e-08, 0.0860215, 0.0928641, 0.00312903, 0.121416, 26.2372, 0.0322581, 0.691105, 0, 53.28, 37.995, 46.125, 47.83, 11, 0.000322152, 1.03782e-07, 0.480874, 0.23124, 0.96132, 0.924136, 0.723363, 0.523254, 0.000154914, 0
1, 0, 0.00012056, 3.22325e-08, 0.0984579, 0.0735469, 0.00316009, 0.121582, 26.1538, 0.0569395, 0.755635, 0, 52.98, 37.875, 46.03, 47.49, 11, 0.000267284, 7.14407e-08, 0.572414, 0.327658, 0.961839, 0.925134, 0.812574, 0.660277, 0.000152997, 0
1, 0, 0.000119035, 2.84934e-08, 0.0946667, 0.0546667, 0.00312309, 0.120759, 26.3219, 0.08, 0.790667, 0, 52.92, 37.99, 46.24, 47.785, 11, 0.000239314, 5.7271e-08, 0.633929, 0.401865, 0.961877, 0.925207, 0.870667, 0.75806, 0.000151708, 0
1, 0, 0.0001213, 3.12208e-08, 0.088916, 0.288672, 0.00313332, 0.120898, 26.2966, 0.0328867, 0.733252, 0, 52.525, 38.075, 46.16, 47.535, 11, 0.000257318, 6.62127e-08, 0.235484, 0.0554527, 0.961277, 0.924054, 0.766139, 0.586969, 6.05943e-05, 0
1, 0, 0.000119895, 4.2124e-08, 0.0641953, 0.0940325, 0.00315383, 0.120709, 26.2558, 0.0515371, 0.536166, 0, 52.66, 38.145, 46.545, 48.075, 11, 0.000351217, 1.23353e-07, 0.405714, 0.164604, 0.961971, 0.925388, 0.587703, 0.345395, 0.000142494, 0
1, 0, 0.000119579, 3.0124e-08, 0.101138, 0.120101, 0.00311634, 0.120914, 26.2581, 0.079646, 0.793932, 0, 52.565, 38.305, 46.325, 47.88, 11, 0.000251855, 6.34307e-08, 0.457143, 0.20898, 0.961619, 0.924711, 0.873578, 0.763138, 0.000115134, 0
1, 0, 0.000121122, 3.32204e-08, 0.0931034, 0.0563218, 0.00315645, 0.121235, 26.1887, 0.0689655, 0.737931, 0, 53.47, 38.33, 46.425, 48.155, 11, 0.000274198, 7.51845e-08, 0.623077, 0.388225, 0.961617, 0.924707, 0.806897, 0.651082, 0.000170846, 0
1, 0, 0.000120815, 2.92724e-08, 0.10013, 0.195059, 0.00316785, 0.121836, 26.2705, 0.0429129, 0.643693, 0, 52.585, 38.14, 46.19, 47.78, 11, 0.000242233, 5.86769e-08, 0.339207, 0.115061, 0.961853, 0.925161, 0.686606, 0.471428, 8.21672e-05, 0
1, 0, 0.000114678, 3.51429e-08, 0.169475, 0.213082, 0.00301731, 0.114119, 28.7113, 0.0713578, 0.736373, 0, 52.71, 38.85, 46.485, 47.845, 12, 0.000306355, 9.38532e-08, 0.443005, 0.196254, 0.961982, 0.925409, 0.80773, 0.652428, 0.000135717, 0
1, 0, 0.000113475, 4.54022e-08, 0.0507302, 0.0584166, 0.00303234, 0.115771, 28.655, 0.0138355, 0.538816, 0, 52.51, 38.945, 46.485, 48.14, 12, 0.000399946, 1.59957e-07, 0.464789, 0.216029, 0.962563, 0.926528, 0.552652, 0.305424, 0.000185891, 0
1, 0, 0.000114623, 3.15132e-08, 0.1802, 0.0556174, 0.00303059, 0.114746, 28.5277, 0.0266963, 0.876529, 0, 52.595, 39.205, 46.97, 48.36, 12, 0.000274854, 7.55449e-08, 0.764151, 0.583927, 0.962168, 0.925767, 0.903226, 0.815817, 0.00021003, 0
1, 0, 0.000116236, 3.71423e-08, 0.100753, 0.106403, 0.00300898, 0.114947, 28.5928, 0.0451977, 0.771186, 0, 52.68, 39.32, 46.73, 48.165, 12, 0.000319441, 1.02042e-07, 0.486364, 0.23655, 0.961358, 0.924209, 0.816384, 0.666483, 0.000155364, 0
1, 0, 0.00011431, 3.17992e-08, 0.136911, 0.294633, 0.00301286, 0.114827, 28.7114, 0.0328587, 0.856517, 0, 52.205, 38.71, 46.37, 47.97, 12, 0.000278107, 7.73435e-08, 0.317259, 0.100653, 0.962049, 0.925538, 0.889376, 0.790989, 8.82319e-05, 0
1, 0, 0.00011413, 3.42713e-08, 0.115854, 0.151423, 0.00303401, 0.115306, 28.7121, 0.054878, 0.903455, 0, 52.35, 38.905, 46.29, 48.135, 12, 0.000300194, 9.01162e-08, 0.43346, 0.187888, 0.962372, 0.92616, 0.958333, 0.918403, 0.000130122, 0
1, 0, 0.000114422, 4.03798e-08, 0.0855661, 0.0587727, 0.00302054, 0.114866, 28.6529, 0.0492653, 0.649957, 0, 52.88, 39.025, 46.645, 48.575, 12, 0.000352779, 1.24453e-07, 0.592814, 0.351429, 0.962105, 0.925647, 0.699222, 0.488912, 0.000209133, 0
1, 0, 0.000116061, 2.91186e-08, 0.122744, 0.0264741, 0.00302294, 0.114399, 28.5385, 0.0577617, 1.03851, 0, 53.29, 39.27, 46.62, 48.39, 12, 0.000250827, 6.2914e-08, 0.822581, 0.676639, 0.961597, 0.924668, 1.09627, 1.20181, 0.000206325, 0
1, 0, 0.000114993, 3.52955e-08, 0.115727, 0.138477, 0.00299179, 0.114566, 28.6438, 0.074184, 0.667656, 0, 52.96, 39.075, 46.585, 48.195, 12, 0.000306841, 9.41514e-08, 0.455253, 0.207255, 0.961552, 0.924582, 0.74184, 0.550326, 0.00013969, 0
1, 0, 0.00011472, 3.43952e-08, 0.292214, 0.235592, 0.00301234, 0.114377, 28.754, 0.0273003, 0.701719, 0, 54.615, 38.67, 46.48, 48.105, 12, 0.000299728, 8.98367e-08, 0.55364, 0.306517, 0.961905, 0.925261, 0.729019, 0.531469, 0.000165941, 0
1, 0, 0.000113494, 2.94067e-08, 0.0996441, 0.116251, 0.00302805, 0.115135, 28.6669, 0.0747331, 0.921708, 0, 52.325, 38.95, 46.92, 48.315, 12, 0.000259037, 6.71e-08, 0.461538, 0.213018, 0.962509, 0.926424, 0.996441, 0.992895, 0.000119555, 0
1, 0, 0.000115392, 3.59452e-08, 0.129377, 0.0359922, 0.00300947, 0.114838, 28.5991, 0.107977, 0.576848, 0, 52.58, 38.75, 46.4, 48.03, 12, 0.000311407, 9.69741e-08, 0.782353, 0.612076, 0.961645, 0.924761, 0.684825, 0.468985, 0.00024363, 0
1, 0, 0.000116256, 2.92941e-08, 0.154306, 0.0490431, 0.00300073, 0.11496, 28.5382, 0.0358852, 0.950957, 0, 52.66, 38.835, 46.73, 47.97, 12, 0.000251916, 6.34618e-08, 0.758824, 0.575813, 0.961248, 0.923997, 0.986842, 0.973857, 0.00019116, 0
1, 0, 0.000113017, 3.5248e-08, 0.100592, 0.213018, 0.00297885, 0.115201, 28.7676, 0.0443787, 0.746548, 0, 53.11, 38.6, 46.45, 47.91, 12, 0.000311786, 9.72105e-08, 0.320755, 0.102884, 0.962048, 0.925537, 0.790927, 0.625566, 0.000100007, 0
1, 0, 0.000115077, 3.75495e-08, 0.0762082, 0.145911, 0.00301206, 0.114165, 28.6555, 0.0223048, 0.60223, 0, 52.77, 39.21, 46.89, 48.545, 12, 0.000326193, 1.06402e-07, 0.343096, 0.117715, 0.961782, 0.925025, 0.624535, 0.390044, 0.000111916, 0
0, 1, 8.83579e-06, 0.000530572, 0.0829715, 0.219194, 0.00062455, 0.0295347, 27.3273, 0.226537, 0.465781, 0, 11118.6, 47.315, 47.31, 40.87, 11, 0.983619, 0.967507, 0.27459, 0.0753995, 0.136327, 0.0185849, 0.692317, 0.479303, 0.270092, 0
0, 1, 8.81822e-06, 0.000518399, 0.0864725, 0.222276, 0.000619932, 0.0295781, 27.4378, 0.229991, 0.471649, 0, 11005, 47.02, 46.91, 40.765, 11, 0.983274, 0.966828, 0.280074, 0.0784415, 0.149555, 0.0223668, 0.70164, 0.492299, 0.27539, 0
0, 1, 9.00074e-06, 0.000525356, 0.084029, 0.223446, 0.000626283, 0.0294944, 27.4707, 0.228783, 0.466841, 0, 11013.8, 47.285, 47.23, 41.205, 11, 0.983156, 0.966596, 0.273288, 0.0746862, 0.146781, 0.0215447, 0.695624, 0.483893, 0.268684, 0
0, 1, 9e-06, 0.000522692, 0.0847037, 0.219148, 0.000622809, 0.0297007, 27.4002, 0.225925, 0.460281, 0, 11092.6, 47.04, 46.965, 41.24, 11, 0.983073, 0.966432, 0.278766, 0.0777107, 0.146299, 0.0214034, 0.686206, 0.470879, 0.274048, 0
0, 1, 8.96509e-06, 0.000533646, 0.0842219, 0.221314, 0.000630139, 0.0295894, 27.2291, 0.22553, 0.462507, 0, 11093.8, 46.965, 46.695, 40.72, 11, 0.983478, 0.967229, 0.275653, 0.0759847, 0.138902, 0.0192938, 0.688037, 0.473396, 0.271099, 0
0, 1, 8.96443e-06, 0.000533273, 0.0826391, 0.219126, 0.000627716, 0.0295645, 27.3196, 0.224755, 0.468521, 0, 11036, 46.98, 47.025, 42.58, 11, 0.983468, 0.967209, 0.273852, 0.0749951, 0.136174, 0.0185433, 0.693277, 0.480632, 0.269325, 0
0, 1, 8.86593e-06, 0.000529138, 0.0850928, 0.222325, 0.000632368, 0.0296881, 27.3729, 0.225641, 0.471073, 0, 11030.5, 47.115, 47.13, 41.47, 11, 0.983521, 0.967313, 0.276798, 0.0766174, 0.149224, 0.0222677, 0.696714, 0.485411, 0.272237, 0
0, 1, 8.82531e-06, 0.000523235, 0.0850674, 0.224095, 0.000627804, 0.0296153, 27.4674, 0.229855, 0.472994, 0, 11016.2, 47.06, 47.295, 41.475, 11, 0.983413, 0.967101, 0.275155, 0.0757101, 0.152506, 0.0232582, 0.702849, 0.493997, 0.270591, 0
0, 1, 9.08432e-06, 0.00052688, 0.0842738, 0.22319, 0.000630458, 0.0296559, 27.4146, 0.227158, 0.464198, 0, 11105.5, 46.86, 46.715, 41.925, 11, 0.983051, 0.966388, 0.274093, 0.075127, 0.149882, 0.0224646, 0.691356, 0.477973, 0.269447, 0
0, 1, 8.94618e-06, 0.000527845, 0.0857418, 0.222314, 0.000630063, 0.02952, 27.259, 0.228865, 0.467164, 0, 11053.1, 47.19, 47.47, 42.535, 11, 0.983334, 0.966946, 0.278332, 0.077469, 0.148036, 0.0219146, 0.696029, 0.484456, 0.273694, 0
0, 1, 9.04943e-06, 0.00053035, 0.0837474, 0.220629, 0.00062124, 0.0293043, 27.3055, 0.225824, 0.465852, 0, 11061.5, 47.02, 47.42, 40.95, 11, 0.983223, 0.966728, 0.275144, 0.0757042, 0.131738, 0.0173548, 0.691675, 0.478415, 0.270528, 0
0, 1, 8.83324e-06, 0.000524949, 0.0840602, 0.219822, 0.000622139, 0.0294273, 27.4033, 0.228677, 0.469138, 0, 11058.5, 47.3, 48.04, 41.7, 11, 0.983452, 0.967177, 0.276621, 0.0765191, 0.14202, 0.0201697, 0.697815, 0.486945, 0.272043, 0
0, 1, 9.04992e-06, 0.000522902, 0.0847576, 0.22411, 0.000628975, 0.029572, 27.4775, 0.227931, 0.473115, 0, 11008.6, 47.02, 46.99, 41.235, 11, 0.982987, 0.966264, 0.274414, 0.0753033, 0.154256, 0.0237948, 0.701046, 0.491466, 0.269746, 0
0, 1, 8.81952e-06, 0.000523981, 0.0837102, 0.221528, 0.000626835, 0.0294815, 27.4798, 0.227757, 0.468691, 0, 11032.1, 47.04, 46.945, 40.95, 11, 0.983447, 0.967168, 0.274246, 0.0752108, 0.150015, 0.0225045, 0.696448, 0.48504, 0.269706, 0
0, 1, 8.90557e-06, 0.000527446, 0.0858347, 0.222084, 0.000627504, 0.0296104, 27.3335, 0.227202, 0.465049, 0, 11073.3, 47.245, 47.545, 40.93, 11, 0.983396, 0.967068, 0.278758, 0.077706, 0.145261, 0.0211008, 0.692251, 0.479212, 0.274129, 0
0, 1, 9.16574e-06, 0.000493219, 0.0804451, 0.217913, 0.000590112, 0.0276449, 29.6003, 0.235515, 0.461557, 0, 47.77, 11426, 46.81, 49.635, 12, 0.981756, 0.963844, 0.269626, 0.0726982, 0.148662, 0.0221005, 0.697072, 0.48591, 0.264707, 0
0, 1, 9.29763e-06, 0.00049324, 0.0812962, 0.217142, 0.000592056, 0.0276051, 29.4057, 0.235522, 0.468208, 9, 47.505, 11306.5, 46.52, 49.75, 12, 0.981499, 0.96334, 0.272405, 0.0742046, 0.1512, 0.0228614, 0.703729, 0.495235, 0.267365, 0
0, 1, 8.84095e-06, 0.000491496, 0.0754299, 0.211554, 0.000585943, 0.0277823, 29.4926, 0.236044, 0.476372, 0, 8134.8, 3186.16, 46.815, 50.005, 12, 0.98233, 0.964972, 0.262837, 0.0690831, 0.146099, 0.021345, 0.712416, 0.507537, 0.258192, 0
0, 1, 8.75408e-06, 0.000491578, 0.0752436, 0.213493, 0.000588888, 0.0276958, 29.5509, 0.237515, 0.474875, 0, 11309.1, 46.56, 46.51, 49.44, 12, 0.982503, 0.965313, 0.260596, 0.0679104, 0.150379, 0.0226139, 0.712391, 0.507501, 0.256037, 0
0, 1, 8.98949e-06, 0.000495331, 0.07554, 0.213875, 0.000594703, 0.0277342, 29.4534, 0.235679, 0.476961, 0, 11199, 46.38, 46.19, 49.395, 12, 0.982175, 0.964668, 0.261009, 0.0681258, 0.151979, 0.0230976, 0.71264, 0.507855, 0.256357, 0
0, 1, 8.83944e-06, 0.000496804, 0.0764849, 0.212353, 0.000593392, 0.0278362, 29.5023, 0.235514, 0.472227, 0, 11265.6, 46.51, 46.28, 49.67, 12, 0.982518, 0.965342, 0.264802, 0.0701201, 0.147877, 0.0218676, 0.707741, 0.500897, 0.260173, 0
0, 1, 9.05175e-06, 0.000494791, 0.0761873, 0.21323, 0.000590985, 0.0276493, 29.4391, 0.236303, 0.4722, 0, 11278.8, 47.475, 47.46, 50.015, 12, 0.982035, 0.964392, 0.263244, 0.0692971, 0.147454, 0.0217425, 0.708502, 0.501975, 0.258514, 0
0, 1, 8.94354e-06, 0.000492465, 0.0758853, 0.216191, 0.000590697, 0.0277024, 29.4752, 0.239657, 0.47618, 0, 11338.3, 47.37, 47.26, 50.18, 12, 0.982163, 0.964644, 0.259814, 0.0675031, 0.151157, 0.0228483, 0.715837, 0.512422, 0.255179, 0
0, 1, 8.88936e-06, 0.000491682, 0.0756438, 0.217014, 0.000591106, 0.0277878, 29.7057, 0.239599, 0.475257, 0, 11370.9, 47.37, 46.825, 49.505, 12, 0.982242, 0.964799, 0.258472, 0.0668079, 0.153161, 0.0234584, 0.714856, 0.511019, 0.253882, 0
0, 1, 9.05071e-06, 0.000495603, 0.0749549, 0.214775, 0.000592291, 0.0277524, 29.5442, 0.236028, 0.468267, 0, 11315.5, 47.5, 47.57, 49.94, 12, 0.982066, 0.964453, 0.258706, 0.0669289, 0.147963, 0.0218932, 0.704294, 0.49603, 0.254067, 0
0, 1, 8.92362e-06, 0.000498428, 0.0765133, 0.212122, 0.000593529, 0.0277141, 29.4161, 0.236514, 0.468571, 0, 11327.8, 47.565, 47.5, 49.895, 12, 0.982411, 0.965132, 0.265086, 0.0702707, 0.145195, 0.0210816, 0.705085, 0.497145, 0.260424, 0
0, 1, 8.77758e-06, 0.000494312, 0.0763525, 0.215319, 0.00058844, 0.0277756, 29.5224, 0.238666, 0.473081, 0, 11365.8, 47.26, 47.61, 49.455, 12, 0.982553, 0.96541, 0.261776, 0.0685265, 0.145045, 0.021038, 0.711747, 0.506584, 0.257208, 0
0, 1, 8.93169e-06, 0.0004918, 0.0755762, 0.212399, 0.000591379, 0.0276801, 29.6121, 0.238548, 0.475097, 0, 11350.7, 47.41, 47.435, 49.74, 12, 0.982163, 0.964644, 0.26244, 0.0688747, 0.153281, 0.0234951, 0.713645, 0.509289, 0.257759, 0
0, 1, 8.66913e-06, 0.000490193, 0.0757522, 0.216744, 0.000592727, 0.027763, 29.5439, 0.237039, 0.479518, 0, 11280.5, 47.485, 47.18, 49.6, 12, 0.982622, 0.965546, 0.258985, 0.0670732, 0.158361, 0.0250783, 0.716556, 0.513453, 0.254484, 0
1, 0, 0.00277693, 4.68755e-08, 0.431118, 0.0777958, 0.00375604, 1.46205, 26.325, 0.0632091, 0.449757, 0, 52.175, 38.245, 46.585, 47.255, 11, 1.68801e-05, 2.84937e-10, 0.847134, 0.717636, 0.260665, 0.0679461, 0.512966, 0.263134, 1.42997e-05, 0
1, 0, 0.0027775, 5.29149e-08, 0.380403, 0.116715, 0.00386082, 1.47132, 26.2308, 0.0324207, 0.185159, 0, 56.33, 38.815, 47.985, 48.275, 11, 1.90509e-05, 3.62936e-10, 0.765217, 0.585558, 0.280579, 0.0787244, 0.217579, 0.0473407, 1.45781e-05, 0
1, 0, 0.00285451, 5.83024e-08, 0.543664, 0.185817, 0.003854, 1.46001, 26.1224, 0.0295469, 0.445174, 0, 61.565, 39.34, 49.93, 48.135, 11, 2.04242e-05, 4.17149e-10, 0.745275, 0.555434, 0.259322, 0.067248, 0.474721, 0.22536, 1.52217e-05, 0
1, 0, 0.00282243, 4.85636e-08, 0.371765, 0.0384314, 0.00380177, 1.47062, 26.2542, 0.0282353, 0.244706, 0, 53.07, 38.26, 46.745, 47.305, 11, 1.7206e-05, 2.96048e-10, 0.90631, 0.821397, 0.257589, 0.0663523, 0.272941, 0.0744969, 1.5594e-05, 0
1, 0, 0.00285022, 3.98138e-08, 0.543541, 0.0736842, 0.00385982, 1.46849, 26.2472, 0.0373206, 0.37799, 0, 54.64, 39.565, 47.37, 47.875, 11, 1.39684e-05, 1.95118e-10, 0.88062, 0.775492, 0.261556, 0.0684114, 0.415311, 0.172483, 1.23009e-05, 0
1, 0, 0.00274531, 2.11658e-08, 0.628366, 0.192101, 0.00387016, 1.45755, 26.316, 0.102334, 0.667864, 0, 51.705, 37.85, 46.32, 47.385, 11, 7.70976e-06, 5.94404e-11, 0.765864, 0.586548, 0.290643, 0.0844731, 0.770197, 0.593204, 5.90463e-06, 0
1, 0, 0.00284468, 3.75076e-08, 0.461382, 0.164634, 0.00388958, 1.46673, 26.2347, 0.0152439, 0.222561, 0, 51.88, 38.33, 47.255, 47.615, 11, 1.3185e-05, 1.73844e-10, 0.737013, 0.543188, 0.268631, 0.0721625, 0.237805, 0.0565512, 9.71751e-06, 0
1, 0, 0.00277531, 3.83901e-08, 0.371884, 0.107677, 0.00371222, 1.45921, 26.1266, 0.00897308, 0.346959, 0, 51.665, 38.46, 46.475, 47.475, 11, 1.38325e-05, 1.91338e-10, 0.775468, 0.60135, 0.252374, 0.0636927, 0.355932, 0.126688, 1.07267e-05, 0
1, 0, 0.00279413, 3.62216e-08, 0.803365, 0.06204, 0.00379573, 1.47165, 26.255, 0.0157729, 0.398528, 0, 64.97, 40.85, 49.13, 48.545, 11, 1.29633e-05, 1.68047e-10, 0.928311, 0.861761, 0.263867, 0.0696255, 0.414301, 0.171645, 1.2034e-05, 0
1, 0, 0.00282338, 3.99193e-08, 0.556298, 0.0467557, 0.0038637, 1.47218, 26.253, 0.028626, 0.332061, 0, 51.845, 38.935, 46.795, 47.5, 11, 1.41386e-05, 1.99901e-10, 0.922468, 0.850948, 0.269245, 0.0724926, 0.360687, 0.130095, 1.30424e-05, 0
1, 0, 0.00279798, 4.5468e-08, 0.947324, 0.169732, 0.00387444, 1.45848, 26.3042, 0.0200669, 0.396321, 0, 54.32, 38.49, 47.985, 47.865, 11, 1.625e-05, 2.64063e-10, 0.848054, 0.719195, 0.277823, 0.0771854, 0.416388, 0.173379, 1.37809e-05, 0
1, 0, 0.00280928, 8.21322e-08, 0.568255, 0.0564553, 0.00386396, 1.46677, 26.3112, 0.016659, 0.16335, 0, 53, 38.265, 47.205, 47.465, 11, 2.92352e-05, 8.54694e-10, 0.90963, 0.827426, 0.272931, 0.0744913, 0.180009, 0.0324033, 2.65932e-05, 0
1, 0, 0.00279836, 3.74001e-08, 0.37998, 0.0827375, 0.00383101, 1.46595, 26.1764, 0.0367722, 0.46476, 0, 53.475, 38.61, 47.36, 47.625, 11, 1.33648e-05, 1.78618e-10, 0.821192, 0.674356, 0.26954, 0.0726518, 0.501532, 0.251535, 1.09751e-05, 0
1, 0, 0.00278521, 7.19332e-08, 0.769394, 0.0377258, 0.003864, 1.46271, 26.1632, 0.0765143, 0.785866, 0, 53.845, 38.425, 47.625, 47.45, 11, 2.58261e-05, 6.6699e-10, 0.953259, 0.908702, 0.27917, 0.0779361, 0.86238, 0.7437, 2.4619e-05, 0
1, 0, 0.00261701, 4.24472e-08, 0.558945, 0.1385, 0.00369193, 1.39672, 28.5767, 0.0544106, 0.247321, 0, 64.7, 39.53, 47.455, 50.895, 12, 1.62195e-05, 2.63071e-10, 0.801418, 0.642272, 0.291141, 0.0847628, 0.301731, 0.0910417, 1.29986e-05, 0
1, 0, 0.00268686, 4.63397e-08, 0.637396, 0.102195, 0.0037212, 1.3892, 28.5069, 0.00908403, 0.230886, 0, 51.66, 38.475, 47.125, 48.15, 12, 1.72465e-05, 2.97442e-10, 0.861822, 0.742737, 0.277947, 0.0772544, 0.23997, 0.0575855, 1.48634e-05, 0
1, 0, 0.00265073, 2.72541e-08, 0.637644, 0.0473752, 0.00374058, 1.3835, 28.6563, 0.0460948, 0.422535, 0, 61.36, 38.605, 47.01, 49.15, 12, 1.02816e-05, 1.05712e-10, 0.930841, 0.866465, 0.291352, 0.0848862, 0.46863, 0.219614, 9.57056e-06, 0
1, 0, 0.00266812, 4.89116e-08, 0.310984, 0.0506419, 0.00368897, 1.39442, 28.6639, 0.021398, 0.228245, 0, 52.065, 38.08, 46.445, 48.28, 12, 1.83316e-05, 3.36046e-10, 0.859961, 0.739532, 0.276717, 0.0765723, 0.249643, 0.0623218, 1.57644e-05, 0
1, 0, 0.00265263, 2.73059e-08, 0.357143, 0.258929, 0.00369192, 1.39052, 28.7118, 0.0267857, 0.408163, 0, 51.975, 38.545, 46.635, 48.28, 12, 1.02938e-05, 1.05962e-10, 0.57971, 0.336064, 0.281497, 0.0792404, 0.434949, 0.189181, 5.96741e-06, 0
1, 0, 0.0026193, 3.31515e-08, 0.510549, 0.10865, 0.00374333, 1.39474, 28.596, 0.0348101, 0.515823, 0, 52.325, 38.25, 46.7, 47.85, 12, 1.26565e-05, 1.60187e-10, 0.824532, 0.679852, 0.300267, 0.09016, 0.550633, 0.303197, 1.04357e-05, 0
1, 0, 0.00258797, 2.66837e-08, 0.66884, 0.104302, 0.00365416, 1.39247, 28.7441, 0.0469361, 0.395046, 0, 52.165, 37.965, 46.375, 47.44, 12, 1.03106e-05, 1.06308e-10, 0.865093, 0.748385, 0.291768, 0.0851284, 0.441982, 0.195348, 8.91961e-06, 0
1, 0, 0.00267715, 4.12577e-08, 0.390638, 0.106383, 0.00369093, 1.38478, 28.4795, 0.0357447, 0.389787, 0, 51.91, 38.135, 46.44, 47.31, 12, 1.54108e-05, 2.37494e-10, 0.785959, 0.617731, 0.274657, 0.0754362, 0.425532, 0.181077, 1.21123e-05, 0
1, 0, 0.00270587, 3.82895e-08, 0.490876, 0.0985401, 0.00371906, 1.38938, 28.624, 0.0355839, 0.623175, 0, 52.715, 38.435, 46.765, 47.515, 12, 1.41503e-05, 2.00232e-10, 0.832817, 0.693585, 0.272421, 0.0742131, 0.658759, 0.433964, 1.17846e-05, 0
1, 0, 0.00264452, 5.22933e-08, 0.309333, 0.129333, 0.00374926, 1.3857, 28.6843, 0.012, 0.236, 0, 52.515, 38.285, 46.64, 47.465, 12, 1.97739e-05, 3.91005e-10, 0.705167, 0.497261, 0.294643, 0.0868142, 0.248, 0.061504, 1.39439e-05, 0
1, 0, 0.00264488, 3.2674e-08, 0.375133, 0.147715, 0.00364261, 1.39563, 28.7996, 0.0286929, 0.783209, 0, 51.835, 38.205, 46.28, 47.19, 12, 1.23535e-05, 1.5261e-10, 0.71748, 0.514777, 0.273897, 0.0750194, 0.811902, 0.659185, 8.86342e-06, 0
1, 0, 0.002666, 4.00055e-08, 0.503062, 0.0551181, 0.00371707, 1.39622, 28.5711, 0.0104987, 0.385827, 0, 51.13, 37.89, 45.935, 46.905, 12, 1.50056e-05, 2.25168e-10, 0.901254, 0.812259, 0.282757, 0.0799515, 0.396325, 0.157074, 1.35238e-05, 0
1, 0, 0.00270266, 4.52676e-08, 0.456943, 0.0861133, 0.00379005, 1.38206, 28.4751, 0.0256012, 0.304888, 0, 51.215, 37.985, 46.255, 47.195, 12, 1.6749e-05, 2.8053e-10, 0.841429, 0.708002, 0.286896, 0.082309, 0.330489, 0.109223, 1.40931e-05, 0
1, 0, 0.00267805, 2.9064e-08, 0.536703, 0.292419, 0.00366805, 1.39226, 28.5921, 0.0252708, 0.717208, 0, 52.225, 38.505, 46.575, 47.58, 12, 1.08526e-05, 1.17778e-10, 0.647315, 0.419017, 0.26989, 0.0728407, 0.742479, 0.551275, 7.02502e-06, 0
0, 1, 0.00231083, 0.0011762, 0.0660622, 0.383021, 0.00374468, 1.05405, 27.1194, 0.146533, 0.409905, 0, 7741.03, 2532.79, 859.225, 3707.34, 11, 0.337308, 0.113776, 0.147104, 0.0216397, 0.0688032, 0.00473388, 0.556438, 0.309623, 0.0496195, 0
0, 1, 0.00238906, 0.00120628, 0.0736188, 0.411074, 0.00385722, 1.03693, 27.2575, 0.1361, 0.426662, 7, 7346.18, 2519.73, 343.17, 3637.81, 11, 0.335511, 0.112568, 0.151888, 0.0230699, 0.0678934, 0.00460952, 0.562762, 0.316701, 0.05096, 0
0, 1, 0.00247581, 0.00121905, 0.0790981, 0.371336, 0.003804, 1.04072, 27.2994, 0.140718, 0.429639, 0, 9333.18, 1358.85, 332.715, 3897.41, 11, 0.329932, 0.108855, 0.175604, 0.0308368, 0.0286912, 0.000823183, 0.570356, 0.325306, 0.0579375, 0
0, 1, 0.00233494, 0.00115056, 0.0744911, 0.394072, 0.00375545, 1.05497, 27.2894, 0.148219, 0.38907, 4, 8415.62, 688.62, 276.89, 3295.95, 11, 0.3301, 0.108966, 0.158978, 0.0252739, 0.0718828, 0.00516714, 0.537289, 0.288679, 0.0524786, 0
0, 1, 0.00230929, 0.00117663, 0.0665202, 0.407404, 0.0036975, 1.05847, 27.5368, 0.135183, 0.426716, 3, 7451.59, 718.325, 400.795, 4538.85, 11, 0.337538, 0.113932, 0.14036, 0.0197011, 0.0572242, 0.00327461, 0.561899, 0.31573, 0.047377, 0
0, 1, 0.00248585, 0.00113537, 0.0561018, 0.376997, 0.00400969, 1.02202, 27.4868, 0.163631, 0.418764, 0, 7456.97, 711.04, 476.545, 5385.1, 11, 0.313533, 0.0983029, 0.129536, 0.0167795, 0.0968814, 0.009386, 0.582395, 0.339184, 0.0406137, 0
0, 1, 0.00235027, 0.00117189, 0.0751011, 0.364985, 0.00376845, 1.06388, 27.3686, 0.133632, 0.405494, 0, 7200.93, 683.02, 466.145, 5224.76, 11, 0.33272, 0.110703, 0.170651, 0.0291217, 0.0653542, 0.00427117, 0.539126, 0.290657, 0.0567789, 0
0, 1, 0.00236891, 0.00118947, 0.0688379, 0.387588, 0.00371151, 1.04397, 27.3501, 0.138816, 0.424939, 9, 7463.68, 585.245, 1319.5, 4765.05, 11, 0.334272, 0.111738, 0.150819, 0.0227465, 0.041258, 0.00170222, 0.563756, 0.317821, 0.0504148, 0
0, 1, 0.00245853, 0.00119887, 0.0746143, 0.360214, 0.0038961, 1.01811, 27.3493, 0.144264, 0.394136, 0, 7403.4, 487.92, 1931.24, 4464.13, 11, 0.327793, 0.107449, 0.171595, 0.0294448, 0.0612668, 0.00375362, 0.5384, 0.289875, 0.0562477, 0
0, 1, 0.00243488, 0.00118134, 0.0706814, 0.36677, 0.00386409, 1.03184, 27.3773, 0.138144, 0.407158, 0, 7228.08, 405.14, 2225.53, 4352.9, 11, 0.326678, 0.106718, 0.161576, 0.0261067, 0.0641483, 0.00411501, 0.545302, 0.297354, 0.0527831, 0
0, 1, 0.00224595, 0.0012986, 0.0620463, 0.459737, 0.0038728, 0.905057, 29.5547, 0.134055, 0.388808, 0, 2935.15, 5694.57, 4400.36, 3015.11, 12, 0.366364, 0.134223, 0.118912, 0.0141401, 0.0847564, 0.00718365, 0.522863, 0.273386, 0.0435651, 0
0, 1, 0.00218087, 0.00119896, 0.0608624, 0.40184, 0.00381899, 0.950036, 29.4092, 0.133427, 0.358346, 5, 2733.17, 5765.89, 3990.61, 2222.28, 12, 0.35474, 0.12584, 0.131537, 0.017302, 0.114995, 0.0132238, 0.491772, 0.24184, 0.0466614, 0
0, 1, 0.00220558, 0.0012452, 0.0607756, 0.410681, 0.00380384, 0.927298, 29.3495, 0.135381, 0.398318, 4, 2809.26, 5840.56, 4107.39, 2352.09, 12, 0.360846, 0.13021, 0.12891, 0.0166179, 0.0928147, 0.00861457, 0.5337, 0.284835, 0.0465168, 0
0, 1, 0.0021057, 0.00124866, 0.0578068, 0.399532, 0.00367535, 0.941759, 29.5236, 0.125709, 0.431298, 0, 2857.05, 5984.1, 4203.65, 2424.09, 12, 0.37225, 0.13857, 0.126398, 0.0159765, 0.0873352, 0.00762743, 0.557007, 0.310256, 0.0470517, 0
0, 1, 0.00197116, 0.00115125, 0.0587759, 0.379356, 0.00347602, 0.97703, 29.4594, 0.128795, 0.427183, 8, 2506.75, 5307.26, 3726.84, 2054.72, 12, 0.368705, 0.135944, 0.134151, 0.0179965, 0.101728, 0.0103486, 0.555978, 0.309112, 0.0494622, 0
0, 1, 0.00208571, 0.00125045, 0.0570095, 0.410768, 0.00372654, 0.933206, 29.6375, 0.139014, 0.386295, 0, 2480.94, 5358.88, 3906.19, 2203.1, 12, 0.374817, 0.140488, 0.121873, 0.0148531, 0.104755, 0.0109737, 0.525309, 0.27595, 0.0456801, 0
0, 1, 0.00212993, 0.00129466, 0.0630988, 0.43531, 0.00374676, 0.922508, 29.4217, 0.125704, 0.36587, 17, 2695.18, 6375.78, 3542.88, 2376.02, 12, 0.378047, 0.14292, 0.1266, 0.0160277, 0.0859882, 0.00739398, 0.491574, 0.241645, 0.047861, 0
0, 1, 0.00220315, 0.00136174, 0.061465, 0.453286, 0.00379773, 0.911995, 29.3324, 0.125946, 0.361432, 14, 2952.19, 8366.35, 2557.24, 2631.82, 12, 0.381986, 0.145913, 0.119407, 0.0142581, 0.0613114, 0.00375909, 0.487378, 0.237537, 0.0456119, 0
0, 1, 0.00209702, 0.00115087, 0.0525844, 0.429256, 0.0036867, 0.948768, 29.4897, 0.137441, 0.433225, 0, 1124.84, 8629.09, 2222.76, 2238.37, 12, 0.354344, 0.12556, 0.109132, 0.0119099, 0.119025, 0.0141669, 0.570666, 0.32566, 0.0386704, 0
0, 1, 0.00208469, 0.00112228, 0.0489415, 0.374073, 0.00360996, 0.966041, 29.5876, 0.135825, 0.442661, 0, 644.965, 8372.12, 2043.76, 2030.41, 12, 0.349951, 0.122465, 0.115697, 0.0133858, 0.111633, 0.0124619, 0.578486, 0.334646, 0.0404882, 0
0, 1, 0.00192761, 0.00117548, 0.0627909, 0.407949, 0.00340229, 1.00167, 29.5531, 0.111649, 0.437878, 20, 765.905, 8346.81, 2086.47, 2022.09, 12, 0.378808, 0.143496, 0.133388, 0.0177923, 0.087941, 0.00773362, 0.549527, 0.30198, 0.0505283, 0
1, 0, 0.00277952, 3.69978e-08, 0.377847, 0.0238095, 0.00371244, 0.305595, 26.1097, 0.0310559, 0.444099, 0, 53.655, 38.18, 46.32, 47.225, 11, 1.33107e-05, 1.77174e-10, 0.940722, 0.884957, 0.251287, 0.0631451, 0.475155, 0.225773, 1.25216e-05, 0
1, 0, 0.00271463, 6.54338e-08, 0.222093, 0.0732558, 0.0036397, 0.302509, 26.2861, 0.00523256, 3.79477, 1, 62.35, 38.745, 46.56, 47.45, 11, 2.41035e-05, 5.8098e-10, 0.751969, 0.565457, 0.254143, 0.0645885, 3.8, 14.44, 1.81251e-05, 0
1, 0, 0.00275039, 2.56143e-08, 0.620178, 0.293769, 0.00368006, 0.305215, 26.3134, 0.0222552, 0.394659, 0, 53.9, 38.655, 46.15, 47.125, 11, 9.31288e-06, 8.67296e-11, 0.678571, 0.460459, 0.252615, 0.0638144, 0.416914, 0.173817, 6.31945e-06, 0
1, 0, 0.00274274, 3.50928e-08, 0.0876623, 0.164502, 0.00369777, 0.303746, 26.3302, 0.00974026, 0.201299, 0, 52.84, 38.46, 46, 47.035, 11, 1.27946e-05, 1.63703e-10, 0.347639, 0.120853, 0.258263, 0.0666999, 0.211039, 0.0445374, 4.44792e-06, 0
1, 0, 0.00274233, 2.16123e-08, 0.617284, 0.149912, 0.00369599, 0.306514, 26.235, 0.0582011, 0.511464, 0, 52.525, 38.315, 46.265, 47.08, 11, 7.88094e-06, 6.21092e-11, 0.804598, 0.647377, 0.258018, 0.0665735, 0.569665, 0.324518, 6.34099e-06, 0
1, 0, 0.00278577, 4.12071e-08, 0.374302, 0.0493482, 0.00373361, 0.306606, 26.0634, 0.027933, 0.228119, 0, 52.4, 38.21, 45.85, 46.905, 11, 1.47918e-05, 2.18797e-10, 0.883516, 0.780601, 0.253855, 0.0644424, 0.256052, 0.0655627, 1.30688e-05, 0
1, 0, 0.00275771, 1.61259e-08, 0.29078, 0.338061, 0.00369002, 0.303962, 26.2311, 0.035461, 0.858156, 0, 52.585, 38.3, 46.03, 46.905, 11, 5.84752e-06, 3.41935e-11, 0.462406, 0.213819, 0.252651, 0.0638327, 0.893617, 0.798551, 2.70393e-06, 0
1, 0, 0.00275547, 2.90607e-08, 0.52611, 0.293734, 0.00370085, 0.306141, 26.3586, 0.0156658, 0.422977, 0, 54.38, 38.015, 45.81, 47.075, 11, 1.05464e-05, 1.11227e-10, 0.64172, 0.411804, 0.255441, 0.0652499, 0.438642, 0.192407, 6.76786e-06, 0
1, 0, 0.00275387, 3.57613e-08, 0.341489, 0.130851, 0.00368283, 0.302822, 26.2854, 0.0191489, 0.240426, 0, 53.535, 38.14, 46.785, 47.86, 11, 1.29856e-05, 1.68627e-10, 0.722973, 0.52269, 0.252231, 0.0636203, 0.259574, 0.0673789, 9.38827e-06, 0
1, 0, 0.00275911, 2.02906e-08, 0.235514, 0.117757, 0.00367894, 0.305232, 26.3669, 0.011215, 0.381308, 0, 54.525, 38.1, 45.89, 47.35, 11, 7.35399e-06, 5.40811e-11, 0.666667, 0.444444, 0.250019, 0.0625097, 0.392523, 0.154075, 4.90266e-06, 0
1, 0, 0.00273148, 1.71249e-08, 0.596882, 0.120267, 0.00368749, 0.306106, 26.2191, 0.013363, 0.501114, 0, 53.605, 37.955, 45.935, 47.345, 11, 6.26943e-06, 3.93058e-11, 0.832298, 0.69272, 0.259254, 0.0672128, 0.514477, 0.264686, 5.21804e-06, 0
1, 0, 0.00274501, 2.18141e-08, 0.227671, 0.338004, 0.00371755, 0.305993, 26.1757, 0.0210158, 0.425569, 0, 53.715, 38.05, 45.855, 47.26, 11, 7.94678e-06, 6.31513e-11, 0.402477, 0.161988, 0.261602, 0.0684356, 0.446585, 0.199438, 3.19839e-06, 0
1, 0, 0.00275793, 2.24465e-08, 0.346939, 0.267007, 0.00369045, 0.305488, 26.1956, 0, 0.426871, 0, 53.255, 38.155, 46.155, 47.52, 11, 8.13883e-06, 6.62406e-11, 0.565097, 0.319335, 0.252679, 0.0638466, 0.426871, 0.182219, 4.59923e-06, 0
1, 0, 0.00302861, 4.42753e-08, 0.535912, 0.0426204, 0.00394572, 0.305529, 28.6164, 0.00947119, 0.234412, 0, 56.225, 38.135, 46.825, 46.92, 12, 1.46188e-05, 2.1371e-10, 0.92633, 0.858088, 0.232421, 0.0540194, 0.243883, 0.059479, 1.35418e-05, 0
1, 0, 0.00307249, 4.85917e-08, 0.410701, 0.0542299, 0.00395411, 0.302773, 28.4617, 0.0209689, 2.31598, 1, 55.84, 38.205, 46.755, 47.145, 12, 1.58148e-05, 2.50108e-10, 0.883359, 0.780324, 0.222949, 0.0497063, 2.33695, 5.46133, 1.39702e-05, 0
1, 0, 0.00305989, 3.30676e-08, 0.573996, 0.191332, 0.00384615, 0.3011, 28.6081, 0.0443975, 0.34778, 0, 59.16, 38.085, 46.41, 46.9, 12, 1.08067e-05, 1.16784e-10, 0.75, 0.5625, 0.20442, 0.0417874, 0.392178, 0.153803, 8.10501e-06, 0
1, 0, 0.00304297, 4.01224e-08, 0.812825, 0.196707, 0.00390216, 0.304046, 28.762, 0.0415945, 0.30156, 0, 55.085, 38.35, 46.355, 47.155, 12, 1.31851e-05, 1.73847e-10, 0.80515, 0.648267, 0.220173, 0.048476, 0.343154, 0.117755, 1.0616e-05, 0
1, 0, 0.00298349, 3.55882e-08, 0.323213, 0.140059, 0.0039335, 0.304888, 28.6893, 0.00881489, 0.182174, 0, 57.52, 42, 48.34, 48.49, 12, 1.19282e-05, 1.42283e-10, 0.697674, 0.48675, 0.241509, 0.0583268, 0.190989, 0.0364769, 8.32203e-06, 0
1, 0, 0.00302099, 3.36591e-08, 0.488058, 0.046729, 0.0039457, 0.305477, 28.6104, 0.0124611, 0.303219, 0, 55.125, 38.665, 47.145, 47.475, 12, 1.11416e-05, 1.24135e-10, 0.912621, 0.832878, 0.23435, 0.05492, 0.31568, 0.099654, 1.01681e-05, 0
1, 0, 0.00307245, 5.68038e-08, 0.86209, 0.0531849, 0.0039588, 0.303237, 28.4664, 0.00927644, 0.227582, 0, 54.52, 38.2, 46.865, 46.875, 12, 1.84878e-05, 3.41798e-10, 0.941892, 0.88716, 0.22388, 0.0501222, 0.236858, 0.0561019, 1.74135e-05, 0
1, 0, 0.00301545, 1.11086e-07, 0.604219, 0.100126, 0.00379427, 0.299002, 28.5905, 0.02267, 0.116184, 0, 296.81, 80.9, 60.425, 56.43, 12, 3.68375e-05, 1.357e-09, 0.857845, 0.735899, 0.205233, 0.0421207, 0.138854, 0.0192804, 3.16009e-05, 0
1, 0, 0.00304245, 6.75301e-08, 0.783839, 0.0859496, 0.00389076, 0.303946, 28.7724, 0.0216161, 0.15543, 0, 112.87, 51.18, 49.94, 49.405, 12, 2.21955e-05, 4.9264e-10, 0.901183, 0.812132, 0.218016, 0.047531, 0.177046, 0.0313452, 2.00022e-05, 0
1, 0, 0.00298949, 1.8373e-07, 0.85587, 0.0426702, 0.00393199, 0.304812, 28.6998, 0.0108098, 0.0595486, 0, 115.675, 43.105, 49.625, 52.255, 12, 6.14548e-05, 3.77669e-09, 0.952512, 0.907278, 0.239654, 0.0574342, 0.0703584, 0.00495031, 5.85364e-05, 0
1, 0, 0.00301582, 8.44909e-08, 0.745552, 0.100952, 0.00394743, 0.305388, 28.6066, 0.00620604, 0.14398, 0, 307.54, 56.185, 59.825, 101.395, 12, 2.80151e-05, 7.84845e-10, 0.880743, 0.775708, 0.235981, 0.0556872, 0.150186, 0.0225559, 2.46741e-05, 0
1, 0, 0.0030757, 3.62896e-08, 0.559535, 0.125847, 0.00396065, 0.304041, 28.4654, 0.0203291, 2.16167, 1, 55.99, 38.925, 47.005, 47.66, 12, 1.17987e-05, 1.39209e-10, 0.816384, 0.666483, 0.223427, 0.0499196, 2.18199, 4.7611, 9.63225e-06, 0
1, 0, 0.00301521, 2.78148e-08, 0.263291, 0.265823, 0.00380273, 0.297598, 28.4021, 0.0227848, 0.341772, 0, 59.815, 38.58, 47.19, 47.245, 12, 9.22474e-06, 8.50958e-11, 0.497608, 0.247613, 0.207085, 0.0428844, 0.364557, 0.132902, 4.5903e-06, 0
1, 0, 0.00304862, 2.66991e-08, 0.503259, 0.25163, 0.00389472, 0.303979, 28.7276, 0.00782269, 0.43807, 0, 55.53, 38.91, 47.08, 47.745, 12, 8.75769e-06, 7.66971e-11, 0.666667, 0.444444, 0.217236, 0.0471916, 0.445893, 0.198821, 5.83846e-06, 0
0, 1, 0.000256525, 0.000491633, 0.00144359, 0.0221802, 0.000804131, 0.0911647, 27.2813, 0.0809119, 0.889083, 0, 651.43, 473.335, 2854.05, 355.605, 11, 0.657125, 0.431813, 0.0611076, 0.00373414, 0.0696063, 0.00484504, 0.969995, 0.94089, 0.0401553, 0
0, 1, 0.000253776, 0.000490761, 0.00145836, 0.0220219, 0.000795264, 0.0910379, 27.359, 0.0787637, 0.895866, 1, 650.82, 473.79, 2850.66, 355.475, 11, 0.65915, 0.434478, 0.0621099, 0.00385763, 0.0637863, 0.00406869, 0.974629, 0.949902, 0.0409397, 0
0, 1, 0.000250854, 0.000485517, 0.00150061, 0.0225713, 0.000801084, 0.0916297, 27.4112, 0.0815378, 0.9057, 0, 651.26, 473.14, 2849.5, 355.06, 11, 0.659338, 0.434726, 0.0623385, 0.00388608, 0.0807819, 0.00652572, 0.987238, 0.974639, 0.0411021, 0
0, 1, 0.000253021, 0.000485888, 0.00150248, 0.0223259, 0.000812795, 0.0920187, 27.4067, 0.0813197, 0.907404, 0, 705.08, 506.455, 2721.86, 385.84, 11, 0.657575, 0.432405, 0.0630545, 0.00397586, 0.0909023, 0.00826323, 0.988724, 0.977575, 0.041463, 0
0, 1, 0.000254082, 0.000487257, 0.00143684, 0.0227232, 0.000811427, 0.091997, 27.3957, 0.0803375, 0.898721, 0, 729.92, 520.765, 2651.94, 399.635, 11, 0.657266, 0.431998, 0.0594718, 0.00353689, 0.0863751, 0.00746066, 0.979059, 0.958556, 0.0390888, 0
0, 1, 0.000254078, 0.000492833, 0.00145204, 0.0226059, 0.000813863, 0.0920861, 27.3443, 0.0786952, 0.886224, 0, 730.595, 520.425, 2651.36, 399.705, 11, 0.659828, 0.435373, 0.0603561, 0.00364286, 0.0822631, 0.00676721, 0.964919, 0.93107, 0.0398247, 0
0, 1, 0.000256068, 0.000494922, 0.00140262, 0.0221061, 0.000807275, 0.0916532, 27.2577, 0.079097, 0.892577, 0, 731.32, 521.025, 2654.63, 400.33, 11, 0.659026, 0.434315, 0.0596639, 0.00355979, 0.0697212, 0.00486104, 0.971674, 0.94415, 0.0393201, 0
0, 1, 0.000254501, 0.000490778, 0.00152015, 0.0221006, 0.000805234, 0.0912282, 27.3772, 0.0803697, 0.903054, 0, 746.415, 544.075, 2586.59, 411.14, 11, 0.658516, 0.433643, 0.0643567, 0.00414178, 0.0744568, 0.00554381, 0.983424, 0.967122, 0.0423799, 0
0, 1, 0.000254804, 0.000485516, 0.00151502, 0.0227214, 0.000813294, 0.0921986, 27.4673, 0.0814193, 0.908849, 1, 758.8, 563.305, 2533.11, 421.22, 11, 0.655819, 0.430099, 0.0625101, 0.00390751, 0.0897265, 0.00805084, 0.990268, 0.98063, 0.0409953, 0
0, 1, 0.000250608, 0.000486515, 0.00133001, 0.0227387, 0.000816747, 0.0922323, 27.4808, 0.0804168, 0.899452, 0, 769.99, 597.09, 2438.69, 459.035, 11, 0.660019, 0.435625, 0.0552588, 0.00305353, 0.0974887, 0.00950405, 0.979869, 0.960143, 0.0364719, 0
0, 1, 0.000256384, 0.000493185, 0.00142871, 0.0227403, 0.000822547, 0.0922432, 27.4219, 0.0799174, 0.890938, 0, 773.495, 604.74, 2415.98, 468.295, 11, 0.657958, 0.432909, 0.0591133, 0.00349438, 0.0887231, 0.00787179, 0.970855, 0.94256, 0.038894, 0
0, 1, 0.000256811, 0.000499338, 0.00131221, 0.0220987, 0.000810752, 0.0913415, 27.329, 0.0775706, 0.884449, 2, 829.02, 603.835, 2290.31, 529.305, 11, 0.66037, 0.436089, 0.0560515, 0.00314177, 0.0673498, 0.00453599, 0.96202, 0.925482, 0.0370147, 0
0, 1, 0.000316072, 0.000509551, 0.00142952, 0.0214474, 0.000911046, 0.0946722, 29.2664, 0.0683981, 0.896966, 0, 2971.66, 417.73, 552.905, 499.33, 12, 0.617172, 0.380901, 0.0624874, 0.00390467, 0.0937636, 0.00879161, 0.965365, 0.931929, 0.0385654, 0
0, 1, 0.000323538, 0.000509547, 0.00128633, 0.0212457, 0.000915951, 0.0942409, 29.1419, 0.0681646, 0.911834, 0, 2995.74, 419.37, 554.175, 502.065, 12, 0.611639, 0.374102, 0.0570891, 0.00325917, 0.0904698, 0.00818478, 0.979999, 0.960398, 0.034918, 0
0, 1, 0.000312842, 0.000501552, 0.00126507, 0.0212136, 0.000897685, 0.0941362, 29.4311, 0.0699096, 0.916897, 0, 2973.23, 418.165, 553.565, 499.44, 12, 0.615859, 0.379282, 0.0562787, 0.00316729, 0.0927844, 0.00860894, 0.986806, 0.973787, 0.0346597, 0
0, 1, 0.000305301, 0.000497479, 0.00128348, 0.0215896, 0.000902522, 0.0944623, 29.5066, 0.0709846, 0.916038, 0, 2985.86, 420.445, 558.03, 502.48, 12, 0.619695, 0.384022, 0.0561128, 0.00314865, 0.110515, 0.0122135, 0.987022, 0.974213, 0.0347729, 0
0, 1, 0.000311513, 0.000505972, 0.0014413, 0.0216849, 0.000918207, 0.094895, 29.216, 0.0693011, 0.907055, 0, 2941.76, 449.84, 578.005, 535.36, 12, 0.618938, 0.383084, 0.0623232, 0.00388418, 0.109695, 0.012033, 0.976356, 0.953271, 0.0385742, 0
0, 1, 0.000309865, 0.000529682, 0.00144877, 0.0233489, 0.000936055, 0.103035, 29.2017, 0.0533025, 0.912004, 0, 2509.93, 495.13, 614.035, 1011.24, 12, 0.630914, 0.398052, 0.0584236, 0.00341331, 0.103101, 0.0106297, 0.965306, 0.931816, 0.0368602, 0
0, 1, 0.000305115, 0.00053455, 0.00143428, 0.0239844, 0.000950234, 0.107105, 29.5099, 0.0452544, 0.937398, 0, 1826.55, 573.66, 680.675, 1996.47, 12, 0.636622, 0.405288, 0.0564261, 0.0031839, 0.11636, 0.0135396, 0.982652, 0.965605, 0.0359221, 0
0, 1, 0.000309562, 0.000537362, 0.00141757, 0.0233162, 0.000944986, 0.10719, 29.1526, 0.0448926, 0.931035, 0, 1763.76, 612.66, 657.325, 2030.99, 12, 0.634486, 0.402573, 0.0573133, 0.00328481, 0.103771, 0.0107684, 0.975928, 0.952435, 0.0363645, 0
0, 1, 0.000307933, 0.000532229, 0.00134912, 0.0233197, 0.000937861, 0.106815, 29.3075, 0.044545, 0.935254, 0, 1706.76, 636.195, 646.155, 2043.59, 12, 0.633484, 0.401302, 0.0546894, 0.00299093, 0.104173, 0.010852, 0.979799, 0.960006, 0.0346449, 0
0, 1, 0.000300994, 0.000530918, 0.00146069, 0.0240528, 0.000944649, 0.107221, 29.3718, 0.0469082, 0.93628, 1, 1698.26, 641.265, 633.69, 2055.86, 12, 0.63819, 0.407287, 0.0572517, 0.00327776, 0.119343, 0.0142429, 0.983188, 0.966659, 0.0365375, 0
0, 1, 0.000295558, 0.000529561, 0.00138889, 0.0245544, 0.000936532, 0.107003, 29.4982, 0.0465488, 0.933284, 0, 1925.93, 673.43, 634.905, 2088.53, 12, 0.6418, 0.411907, 0.0535357, 0.00286608, 0.118964, 0.0141524, 0.979833, 0.960073, 0.0343592, 0
0, 1, 0.000293568, 0.00052889, 0.00149888, 0.0246697, 0.000932527, 0.106279, 29.4623, 0.0466768, 0.921018, 2, 1690.09, 651.42, 632.98, 2072.95, 12, 0.64306, 0.413527, 0.0572779, 0.00328076, 0.118033, 0.0139318, 0.967695, 0.936434, 0.0368332, 0
0, 1, 0.000301676, 0.000534877, 0.00133907, 0.0243585, 0.000935676, 0.106625, 29.4482, 0.0467122, 0.921215, 0, 1644.33, 656.685, 662.65, 2083.91, 12, 0.639382, 0.408809, 0.052109, 0.00271535, 0.105937, 0.0112227, 0.967927, 0.936882, 0.0333175, 0
0, 1, 0.00029903, 0.00053473, 0.0013367, 0.0240551, 0.000932581, 0.106654, 29.4582, 0.0467483, 0.928283, 0, 1649.12, 659.055, 664.745, 2080.73, 12, 0.641347, 0.411326, 0.0526432, 0.0027713, 0.105966, 0.0112287, 0.975032, 0.950687, 0.0337626, 0
1, 0, 3.58556e-07, 7.76327e-07, 0.963073, 0.0356913, 1.05767e-06, 1.294, 26.0573, 0.00133472, 0.00133472, 0, 36211.5, 51.205, 54.79, 51.83, 11, 0.684059, 0.467937, 0.964265, 0.929806, 0, 0, 0.00266943, 7.12588e-06, 0.659614, 1
1, 0, 4.11787e-07, 6.85278e-07, 0.822264, 0.0425627, 1.20658e-06, 1.29079, 26.1251, 0.00217841, 0.00150813, 0, 36243.8, 50.485, 53.895, 51.315, 11, 0.624647, 0.390184, 0.950785, 0.903992, 0.090762, 0.00823774, 0.00368653, 1.35905e-05, 0.593905, 1
1, 0, 3.84932e-07, 5.68833e-07, 1.15139, 0.0438319, 1.20826e-06, 1.29873, 26.15, 0.000806723, 0.00161345, 0, 36218.9, 51.195, 55.25, 52.23, 11, 0.596408, 0.355702, 0.963328, 0.928, 0.210628, 0.0443641, 0.00242017, 5.85721e-06, 0.574536, 1
1, 0, 3.70547e-07, 7.99199e-07, 0.982547, 0.011185, 1.03181e-06, 1.30157, 25.9535, 0.00101244, 0.00072317, 0, 36222.2, 51.515, 55.055, 51.72, 11, 0.683224, 0.466795, 0.988744, 0.977616, 0, 0, 0.00173561, 3.01234e-06, 0.675534, 1
1, 0, 4.18344e-07, 7.18017e-07, 0.797427, 0.0087724, 1.20491e-06, 1.28835, 25.8782, 0.000645821, 0.00565093, 0, 36218, 50.42, 53.985, 51.61, 11, 0.631856, 0.399242, 0.989119, 0.978356, 0.0568936, 0.00323688, 0.00629675, 3.96491e-05, 0.624981, 1
1, 0, 3.96879e-07, 5.73081e-07, 1.0829, 0.0126659, 1.18872e-06, 1.29479, 26.0382, 0.000804182, 0.00361882, 0, 36219.1, 50.43, 54.545, 51.365, 11, 0.59083, 0.34908, 0.988439, 0.977012, 0.184027, 0.0338659, 0.004423, 1.95629e-05, 0.583999, 1
1, 0, 3.48816e-07, 6.75729e-07, 1.12683, 0.0153009, 1.0901e-06, 1.29793, 26.114, 0.00136008, 0.00017001, 0, 36227.6, 50.52, 54.645, 51.565, 11, 0.65954, 0.434993, 0.986603, 0.973386, 0.0601398, 0.0036168, 0.00153009, 2.34118e-06, 0.650705, 1
1, 0, 3.76259e-07, 7.11407e-07, 0.941941, 0.0479245, 1.11804e-06, 1.2933, 26.0751, 0.00145553, 0.00097035, 0, 36215, 51.35, 56.26, 52.395, 11, 0.654067, 0.427804, 0.951585, 0.905514, 0.027167, 0.000738047, 0.00242588, 5.88487e-06, 0.6224, 1
1, 0, 3.95843e-07, 6.51784e-07, 0.94273, 0.0295153, 1.18933e-06, 1.29421, 26.1467, 0.00140829, 0.00193639, 0, 36218.5, 51.525, 57.045, 52.965, 11, 0.622152, 0.387074, 0.969642, 0.940206, 0.119143, 0.0141951, 0.00334468, 1.11869e-05, 0.603265, 1
1, 0, 3.54365e-07, 6.92733e-07, 1.02326, 0.00952539, 1.06835e-06, 1.30091, 26.0663, 0.00166141, 0.000830703, 0, 36215.8, 51.32, 56.32, 52.89, 11, 0.661574, 0.43768, 0.990777, 0.981639, 0.0198937, 0.00039576, 0.00249211, 6.2106e-06, 0.655472, 1
1, 0, 3.57896e-07, 7.0226e-07, 0.975295, 0.0113643, 1.13021e-06, 1.29448, 25.9377, 0.0013176, 0.00543508, 0, 36223.9, 52.82, 56.915, 53.67, 11, 0.662412, 0.438789, 0.988482, 0.977097, 0.0619819, 0.00384176, 0.00675268, 4.55986e-05, 0.654782, 1
1, 0, 3.86651e-07, 6.39422e-07, 0.927095, 0.0194011, 1.22587e-06, 1.2879, 25.9562, 0.000903778, 0.00542267, 0, 36196.8, 62.325, 66.07, 61.025, 11, 0.623174, 0.388346, 0.979502, 0.959425, 0.162984, 0.0265639, 0.00632644, 4.00239e-05, 0.610401, 1
1, 0, 3.76986e-07, 6.55606e-07, 0.980712, 0.0126249, 1.20591e-06, 1.29704, 26.0965, 0.000526039, 0.00157812, 0, 36247, 54.915, 59.23, 55.75, 11, 0.634913, 0.403114, 0.98729, 0.974742, 0.143724, 0.0206566, 0.00210416, 4.42747e-06, 0.626843, 1
1, 0, 3.78312e-07, 6.24003e-07, 1.08026, 0.0334831, 1.14842e-06, 1.2939, 26.0367, 0.000923247, 0.000738598, 0, 36210.1, 55.485, 61.125, 56.855, 11, 0.622562, 0.387583, 0.969936, 0.940777, 0.12722, 0.0161849, 0.00166185, 2.76173e-06, 0.603846, 1
1, 0, 3.59851e-07, 6.87967e-07, 1.0068, 0.0400557, 1.06043e-06, 1.29221, 26.0914, 0.00233983, 0.00150418, 0, 36203.6, 69.165, 63.615, 59.375, 11, 0.656571, 0.431086, 0.961737, 0.924938, 0.011891, 0.000141396, 0.00384401, 1.47764e-05, 0.631449, 1
1, 0, 3.79636e-07, 6.92368e-07, 0.881133, 0.0300348, 1.15802e-06, 1.29181, 26.1119, 0.00132751, 0.00149345, 0, 36210.2, 52.985, 55.42, 51.87, 11, 0.645863, 0.417139, 0.967037, 0.935161, 0.0742774, 0.00551713, 0.00282095, 7.95777e-06, 0.624573, 1
1, 0, 3.90492e-07, 6.42439e-07, 0.998272, 0.0150125, 1.20558e-06, 1.29809, 26.1286, 0.00107232, 0.00160848, 0, 36211.6, 50.305, 54.715, 51.34, 11, 0.621957, 0.386831, 0.985184, 0.970588, 0.143206, 0.0205081, 0.00268081, 7.18672e-06, 0.612742, 1
1, 0, 3.64303e-07, 7.13977e-07, 1.044, 0.0120781, 1.0625e-06, 1.29965, 25.9756, 0.0016176, 0.00549984, 0, 36219.9, 50.135, 54.61, 51.22, 11, 0.662144, 0.438435, 0.988563, 0.977257, 0, 0, 0.00711744, 5.06579e-05, 0.654572, 1
1, 0, 4.01692e-07, 7.30582e-07, 0.866233, 0.00904475, 1.09232e-06, 1.2927, 25.878, 0.000952079, 0.00428435, 0, 36249.1, 50.4, 55.065, 51.58, 11, 0.645234, 0.416327, 0.989666, 0.97944, 0, 0, 0.00523643, 2.74202e-05, 0.638566, 1
1, 0, 3.81838e-07, 5.9886e-07, 1.04203, 0.0108253, 1.14555e-06, 1.29519, 26.2231, 0.000382068, 0.00171931, 0, 36217.6, 50.195, 54.92, 51.45, 11, 0.610647, 0.372889, 0.989718, 0.979542, 0.143908, 0.0207095, 0.00210138, 4.41578e-06, 0.604368, 1
1, 0, 3.92514e-07, 6.85963e-07, 0.962949, 0.0323156, 1.13814e-06, 1.29375, 26.1647, 0.0013372, 0.000835748, 0, 36221, 51.93, 57.42, 54.075, 11, 0.636048, 0.404557, 0.967531, 0.936116, 0.0524195, 0.0027478, 0.00217294, 4.72169e-06, 0.615396, 1
1, 0, 3.9626e-07, 6.57341e-07, 0.93922, 0.0504743, 1.16996e-06, 1.29436, 25.9804, 0.00105399, 0.00210798, 0, 36225.5, 51.275, 56.73, 53.25, 11, 0.623899, 0.389251, 0.949, 0.900601, 0.0994539, 0.00989107, 0.00316196, 9.99801e-06, 0.592081, 1
1, 0, 3.80248e-07, 6.78448e-07, 1.01826, 0.0134562, 1.07362e-06, 1.29597, 26.0698, 0.0010177, 0.00214847, 0, 36221.7, 51.175, 57.075, 53.08, 11, 0.640833, 0.410667, 0.986957, 0.974085, 0.0138983, 0.000193163, 0.00316617, 1.00246e-05, 0.632475, 1
1, 0, 3.64944e-07, 7.14784e-07, 0.974043, 0.0126032, 1.07827e-06, 1.2957, 26.0862, 0.00123351, 0.00402231, 0, 36223.5, 51.86, 57.15, 53.14, 11, 0.662004, 0.438249, 0.987226, 0.974616, 0, 0, 0.00525582, 2.76236e-05, 0.653548, 1
1, 0, 3.83888e-07, 6.23095e-07, 0.916308, 0.0121756, 1.14929e-06, 1.29342, 26.0988, 0.00184479, 0.00737917, 0, 36221.6, 51.215, 56.79, 52.55, 11, 0.618774, 0.382881, 0.986887, 0.973945, 0.123821, 0.0153316, 0.00922396, 8.50814e-05, 0.61066, 1
1, 0, 3.705e-07, 6.34365e-07, 1.0497, 0.0235821, 1.12393e-06, 1.2999, 26.0702, 0.00235821, 0.00489781, 0, 36226.8, 51.26, 56.43, 53, 11, 0.631294, 0.398532, 0.978028, 0.956539, 0.105935, 0.0112222, 0.00725602, 5.26498e-05, 0.617423, 1
1, 0, 5.42639e-07, 5.98273e-07, 1.01569, 0.0139954, 2.36163e-06, 1.19804, 28.5438, 0.00158107, 0.0042162, 0, 36512.4, 49.74, 54.33, 51.805, 12, 0.524381, 0.274976, 0.986408, 0.973001, 0.516897, 0.267182, 0.00579727, 3.36084e-05, 0.517254, 1
1, 0, 4.94931e-07, 6.1817e-07, 1.12095, 0.0181083, 2.27974e-06, 1.20313, 28.408, 0.000854165, 0.00495416, 0, 36544.4, 49.66, 54.085, 52.105, 12, 0.555359, 0.308423, 0.984102, 0.968458, 0.511743, 0.261881, 0.00580833, 3.37366e-05, 0.54653, 1
1, 0, 5.08082e-07, 7.74239e-07, 0.933379, 0.0158774, 2.35212e-06, 1.19815, 28.2277, 0.000411805, 0.00315717, 0, 36515, 51.04, 57.605, 54.635, 12, 0.603779, 0.364549, 0.983274, 0.966828, 0.454823, 0.206864, 0.00356898, 1.27376e-05, 0.59368, 1
1, 0, 5.48001e-07, 6.55323e-07, 0.911882, 0.0239586, 2.17383e-06, 1.19291, 28.2792, 0.000971293, 0.00129506, 0, 36510.2, 52.77, 63.805, 55.37, 12, 0.544594, 0.296583, 0.974399, 0.949453, 0.446449, 0.199317, 0.00226635, 5.13634e-06, 0.530652, 1
1, 0, 5.07266e-07, 6.00037e-07, 1.16276, 0.0405722, 2.15195e-06, 1.19961, 28.4249, 0.00211069, 0.00228659, 0, 36513.6, 50.495, 55.48, 53.805, 12, 0.54189, 0.293645, 0.966283, 0.933704, 0.485442, 0.235654, 0.00439728, 1.93361e-05, 0.52362, 1
1, 0, 4.98518e-07, 7.44899e-07, 0.973328, 0.00984873, 2.15147e-06, 1.1981, 28.4884, 0.00240328, 0.00113096, 0, 36510.7, 51.335, 56.04, 54.97, 12, 0.599074, 0.35889, 0.989983, 0.980066, 0.422062, 0.178136, 0.00353423, 1.24908e-05, 0.593073, 1
1, 0, 5.31813e-07, 7.22553e-07, 0.842816, 0.0201456, 2.16324e-06, 1.19595, 28.51, 0.000873786, 0.00320388, 0, 36548.2, 50.145, 55.79, 54.15, 12, 0.57603, 0.331811, 0.976655, 0.953855, 0.420145, 0.176522, 0.00407767, 1.66274e-05, 0.562583, 1
1, 0, 5.16655e-07, 5.8755e-07, 1.06117, 0.0139777, 2.36936e-06, 1.20012, 28.4929, 0.00125441, 0.00663043, 0, 36514.2, 49.705, 57.36, 53.825, 12, 0.532102, 0.283133, 0.986999, 0.974168, 0.533965, 0.285119, 0.00788483, 6.21706e-05, 0.525185, 1
1, 0, 5.21127e-07, 7.29359e-07, 1.02009, 0.00847252, 2.19292e-06, 1.20429, 28.3194, 0.00145243, 0.00246914, 0, 36511.3, 51.58, 58.435, 55.41, 12, 0.58326, 0.340193, 0.991763, 0.983593, 0.429761, 0.184694, 0.00392157, 1.53787e-05, 0.578456, 1
1, 0, 5.16556e-07, 7.30075e-07, 0.87753, 0.00815494, 2.20766e-06, 1.19391, 28.2176, 0.00145624, 0.00286394, 0, 36513.6, 50.78, 57.865, 54.32, 12, 0.585638, 0.342972, 0.990793, 0.98167, 0.435316, 0.1895, 0.00432018, 1.86639e-05, 0.580246, 1
1, 0, 5.12241e-07, 5.82177e-07, 1.07522, 0.0495182, 2.21639e-06, 1.19583, 28.3402, 0.00218195, 0.00236378, 0, 36516.6, 50.335, 55.68, 53.01, 12, 0.531951, 0.282972, 0.955973, 0.913885, 0.506217, 0.256256, 0.00454573, 2.06637e-05, 0.508531, 1
1, 0, 5.03494e-07, 6.9162e-07, 1.01091, 0.0109656, 2.23433e-06, 1.19823, 28.481, 0.0018276, 0.000913798, 0, 36505.1, 50.5, 55.915, 53.465, 12, 0.578706, 0.334901, 0.989269, 0.978654, 0.465114, 0.216331, 0.0027414, 7.51525e-06, 0.572496, 1
1, 0, 5.44456e-07, 7.20653e-07, 0.932434, 0.0119836, 2.12948e-06, 1.19794, 28.4853, 0.0017537, 0.0017537, 0, 36545.2, 50.84, 56.85, 53.695, 12, 0.569637, 0.324486, 0.987311, 0.974783, 0.405908, 0.164762, 0.0035074, 1.23019e-05, 0.562409, 1
1, 0, 5.37211e-07, 6.12588e-07, 0.974864, 0.0073862, 2.19486e-06, 1.19674, 28.5102, 0.00206127, 0.00584025, 0, 36508.4, 50.39, 56.185, 52.735, 12, 0.532778, 0.283853, 0.99248, 0.985017, 0.476141, 0.22671, 0.00790152, 6.2434e-05, 0.528772, 1
1, 0, 5.33263e-07, 6.50168e-07, 1.0736, 0.00978802, 2.19022e-06, 1.20223, 28.4419, 0.00113563, 0.00470474, 0, 36507.8, 51.75, 57.26, 54.185, 12, 0.549392, 0.301832, 0.990965, 0.982012, 0.459675, 0.211301, 0.00584036, 3.41098e-05, 0.544429, 1
1, 0, 5.35992e-07, 7.29761e-07, 0.992426, 0.0118949, 2.08916e-06, 1.20054, 28.2243, 0.00160218, 0.000582609, 0, 36510.4, 50.525, 56.355, 52.52, 12, 0.576543, 0.332402, 0.988156, 0.976453, 0.394132, 0.15534, 0.00218478, 4.77328e-06, 0.569715, 1
1, 0, 5.31462e-07, 6.90898e-07, 0.887847, 0.0432621, 2.2946e-06, 1.19285, 28.2372, 0.000768876, 0.0012302, 0, 36510.1, 51.28, 57.16, 52.535, 12, 0.565216, 0.319469, 0.953537, 0.909233, 0.467288, 0.218358, 0.00199908, 3.99631e-06, 0.538955, 1
1, 0, 5.14021e-07, 6.69743e-07, 1.05893, 0.0249475, 2.15457e-06, 1.19706, 28.4288, 0.00141807, 0.00362395, 0, 36550.5, 51.75, 56.87, 53.35, 12, 0.565774, 0.3201, 0.976983, 0.954496, 0.450581, 0.203023, 0.00504202, 2.54219e-05, 0.552752, 1
1, 0, 5.04569e-07, 7.07632e-07, 1.0056, 0.00778654, 2.08861e-06, 1.19804, 28.4936, 0.00252939, 0.000892724, 0, 36507.1, 50.74, 56.115, 52.275, 12, 0.583758, 0.340773, 0.992316, 0.984692, 0.419613, 0.176075, 0.00342211, 1.17108e-05, 0.579273, 1
1, 0, 5.15731e-07, 6.48745e-07, 0.942599, 0.0116097, 2.18291e-06, 1.19714, 28.5459, 0.00275393, 0.00502187, 0, 36510.5, 50.42, 55.695, 52.49, 12, 0.557113, 0.310375, 0.987833, 0.975814, 0.466548, 0.217667, 0.0077758, 6.0463e-05, 0.550335, 1
1, 0, 5.36367e-07, 6.79571e-07, 0.945745, 0.0133058, 2.25489e-06, 1.19743, 28.5327, 0.00123775, 0.00479629, 0, 36503.7, 51.28, 57.505, 53.765, 12, 0.558886, 0.312354, 0.986126, 0.972445, 0.460754, 0.212294, 0.00603404, 3.64096e-05, 0.551132, 1
1, 0, 5.15115e-07, 6.73325e-07, 1.03575, 0.0163361, 2.23533e-06, 1.20183, 28.4558, 0.00125261, 0.0026618, 0, 36506.9, 50.82, 56.68, 52.445, 12, 0.566562, 0.320993, 0.984473, 0.969186, 0.468337, 0.21934, 0.00391441, 1.53226e-05, 0.557765, 1
1, 0, 5.3268e-07, 6.74014e-07, 0.980074, 0.0238582, 2.1768e-06, 1.19919, 28.2947, 0.000786535, 0.00314614, 0, 36506.2, 50.405, 55.72, 52.03, 12, 0.558563, 0.311992, 0.976235, 0.953035, 0.445659, 0.198612, 0.00393267, 1.54659e-05, 0.545288, 1
0, 1, 5.33533e-07, 3.2677e-06, 0.535533, 0.00714015, 4.27647e-06, 1.75911, 27.4303, 0.0823795, 0.332586, 0, 14005.7, 13996, 13986.2, 10124.1, 11, 0.859642, 0.738984, 0.986843, 0.973858, 0.111129, 0.0123497, 0.414965, 0.172196, 0.848331, 1
0, 1, 5.34244e-07, 2.80274e-06, 0.562543, 0.00815695, 3.63444e-06, 1.76439, 27.4257, 0.0991843, 0.365228, 0, 13958, 13990.8, 13947.1, 10109.1, 11, 0.839902, 0.705436, 0.985707, 0.971619, 0.0818444, 0.0066985, 0.464413, 0.215679, 0.827897, 1
0, 1, 5.12174e-07, 2.90489e-06, 0.563631, 0.00935049, 4.44014e-06, 1.76227, 27.3911, 0.0872587, 0.341859, 0, 14009.5, 14003, 13979.6, 10111.8, 11, 0.850113, 0.722692, 0.983681, 0.967628, 0.230414, 0.0530908, 0.429117, 0.184142, 0.83624, 1
0, 1, 4.99298e-07, 2.43259e-06, 0.764851, 0.0200258, 3.80518e-06, 1.76437, 27.4045, 0.0721679, 0.24994, 1, 14028.7, 14005.7, 13985.5, 10121.6, 11, 0.829701, 0.688404, 0.974485, 0.949622, 0.2295, 0.0526701, 0.322108, 0.103753, 0.808532, 1
0, 1, 4.99758e-07, 2.73841e-06, 0.713921, 0.0160352, 3.08355e-06, 1.76811, 27.3052, 0.043933, 0.162893, 1, 14021, 14001.9, 13987, 10106.5, 11, 0.845667, 0.715152, 0.978033, 0.956548, 0, 0, 0.206826, 0.042777, 0.82709, 1
0, 1, 5.29834e-07, 3.23556e-06, 0.531173, 0.00666531, 3.93454e-06, 1.75848, 27.2652, 0.0864563, 0.307828, 0, 14028.9, 14006.5, 13997.6, 10080.9, 11, 0.859289, 0.738377, 0.987607, 0.975368, 0.0429919, 0.0018483, 0.394285, 0.15546, 0.84864, 1
0, 1, 5.18282e-07, 3.00313e-06, 0.531084, 0.00636757, 3.88697e-06, 1.75935, 27.4021, 0.107021, 0.369331, 0, 14023.4, 13998.2, 13996.5, 10107.9, 11, 0.85282, 0.727302, 0.988152, 0.976445, 0.0940466, 0.00884477, 0.476353, 0.226912, 0.842716, 1
0, 1, 5.0824e-07, 2.86329e-06, 0.631824, 0.0116679, 4.16728e-06, 1.76253, 27.4181, 0.0920694, 0.323135, 0, 14016.4, 13948.6, 13997.4, 10097.2, 11, 0.849255, 0.721234, 0.981868, 0.964064, 0.190952, 0.0364627, 0.415204, 0.172394, 0.833856, 1
0, 1, 4.83528e-07, 2.09156e-06, 0.924949, 0.00785701, 2.99102e-06, 1.76352, 27.4441, 0.00855386, 0.0279089, 0, 14030.8, 14013.8, 13997.7, 10073, 11, 0.812228, 0.659715, 0.991577, 0.983225, 0.139061, 0.0193381, 0.0364628, 0.00132953, 0.805387, 1
0, 1, 4.807e-07, 1.8073e-06, 0.906145, 0.0129268, 2.87465e-06, 1.7658, 27.4371, 0.00804646, 0.0548128, 0, 14032.7, 13998, 14010.3, 10109.5, 11, 0.789904, 0.623948, 0.985935, 0.972068, 0.204077, 0.0416476, 0.0628592, 0.00395128, 0.778794, 1
0, 1, 4.91369e-07, 1.7837e-06, 0.948625, 0.0255231, 2.59778e-06, 1.76749, 27.3033, 0.0110265, 0.0277202, 0, 14043.5, 14029, 14010.9, 10114.4, 11, 0.78402, 0.614688, 0.9738, 0.948286, 0.124225, 0.0154317, 0.0387466, 0.0015013, 0.763479, 1
0, 1, 5.00402e-07, 1.89965e-06, 0.877127, 0.0143078, 2.97861e-06, 1.76296, 27.2261, 0.0103635, 0.025058, 0, 14040.4, 14037.5, 14018.7, 10087.8, 11, 0.791503, 0.626478, 0.98395, 0.968157, 0.194239, 0.0377288, 0.0354215, 0.00125468, 0.7788, 1
0, 1, 4.9005e-07, 1.69164e-06, 0.980344, 0.0167798, 2.87091e-06, 1.76143, 27.338, 0.00700601, 0.0354193, 0, 14040.2, 13990.5, 14001.2, 10100.1, 11, 0.77538, 0.601214, 0.983172, 0.966627, 0.240071, 0.0576343, 0.0424253, 0.00179991, 0.762332, 1
0, 1, 4.66525e-07, 1.72257e-06, 0.948892, 0.0110063, 2.37818e-06, 1.7624, 27.3747, 0.00846146, 0.0334005, 0, 14020.6, 13977.6, 14012.6, 10093.6, 11, 0.786887, 0.619191, 0.988534, 0.977199, 0.079506, 0.0063212, 0.0418619, 0.00175242, 0.777865, 1
0, 1, 4.84528e-07, 1.81037e-06, 0.845576, 0.0117195, 2.48309e-06, 1.76505, 27.4783, 0.00693523, 0.02165, 0, 14008.3, 14035.6, 14014.7, 9993.67, 11, 0.788868, 0.622312, 0.98633, 0.972846, 0.0757867, 0.00574362, 0.0285852, 0.000817114, 0.778084, 1
0, 1, 4.66323e-07, 1.65672e-06, 0.924952, 0.0110986, 2.75678e-06, 1.76898, 27.4102, 0.00455837, 0.0151946, 0, 14032.7, 14011.6, 13964.8, 10111.6, 11, 0.780352, 0.608949, 0.988143, 0.976427, 0.229885, 0.0528469, 0.0197529, 0.000390178, 0.771099, 1
0, 1, 4.90929e-07, 1.71038e-06, 0.99893, 0.0151778, 2.85356e-06, 1.76453, 27.3115, 0.0084773, 0.0230557, 0, 14043.2, 13991.2, 14011.9, 10115.1, 11, 0.776983, 0.603703, 0.985033, 0.970291, 0.228575, 0.0522466, 0.031533, 0.000994329, 0.765354, 1
0, 1, 4.92867e-07, 1.80691e-06, 0.957507, 0.0221898, 2.84216e-06, 1.76394, 27.2853, 0.00949252, 0.0281124, 0, 14048.3, 14034.4, 14015.3, 10086.6, 11, 0.785689, 0.617308, 0.97735, 0.955214, 0.190834, 0.0364177, 0.037605, 0.00141413, 0.767894, 1
0, 1, 4.78848e-07, 1.88622e-06, 0.90285, 0.0124954, 2.65255e-06, 1.76192, 27.3239, 0.0034731, 0.00512233, 0, 14016.4, 14020.5, 13941.7, 10115.2, 11, 0.797533, 0.63606, 0.986349, 0.972884, 0.108378, 0.0117457, 0.00859543, 7.38815e-05, 0.786646, 1
0, 1, 4.79071e-07, 1.74435e-06, 0.990359, 0.0101433, 2.46985e-06, 1.76385, 27.4114, 0.00357628, 0.0107916, 0, 14022.2, 13990.1, 14008.2, 10122.7, 11, 0.784534, 0.615494, 0.989862, 0.979826, 0.0997755, 0.00995515, 0.0143679, 0.000206436, 0.77658, 1
0, 1, 4.74005e-07, 1.72357e-06, 0.933431, 0.0125016, 2.76291e-06, 1.76277, 27.428, 0.00482295, 0.0161188, 0, 14024.8, 13988.1, 14022.4, 10097.4, 11, 0.784305, 0.615135, 0.986784, 0.973742, 0.204616, 0.0418677, 0.0209417, 0.000438557, 0.77394, 1
0, 1, 4.98049e-07, 1.68753e-06, 1.01084, 0.015793, 3.04525e-06, 1.76759, 27.3909, 0.00389417, 0.0125911, 0, 14041.3, 14033.2, 14010.6, 10105.8, 11, 0.772121, 0.59617, 0.984617, 0.96947, 0.282298, 0.0796919, 0.0164853, 0.000271765, 0.760243, 1
0, 1, 4.89411e-07, 1.91403e-06, 1.007, 0.0114896, 2.85966e-06, 1.76248, 27.3287, 0.00458821, 0.0100941, 0, 14011.4, 14014.7, 13997.2, 10100.3, 11, 0.79637, 0.634206, 0.988719, 0.977565, 0.159537, 0.0254522, 0.0146823, 0.000215569, 0.787387, 1
0, 1, 4.93593e-07, 1.71775e-06, 0.89009, 0.011912, 2.73824e-06, 1.75614, 29.5182, 0.012839, 0.0318312, 0, 13935.6, 14067.7, 14047.3, 14050.1, 12, 0.776791, 0.603403, 0.986794, 0.973762, 0.192421, 0.0370258, 0.0446702, 0.00199542, 0.766532, 1
0, 1, 4.73373e-07, 1.65369e-06, 0.975613, 0.017153, 2.83048e-06, 1.76233, 29.5074, 0.0087917, 0.0432822, 0, 13932.1, 14053.5, 14013.3, 14042.8, 12, 0.777452, 0.604432, 0.982722, 0.965742, 0.248515, 0.0617599, 0.0520739, 0.0027117, 0.764019, 1
0, 1, 4.63093e-07, 1.80447e-06, 0.951067, 0.0204833, 2.82952e-06, 1.75918, 29.3548, 0.0130829, 0.045875, 0, 13937, 14067.9, 14038.9, 14055.4, 12, 0.795775, 0.633259, 0.978917, 0.958278, 0.198603, 0.0394433, 0.0589579, 0.00347603, 0.778998, 1
0, 1, 4.81039e-07, 1.93941e-06, 0.933513, 0.0177653, 2.79053e-06, 1.75245, 28.0663, 0.00543798, 0.0104167, 1, 13948.9, 14068, 14052.2, 14047.2, 12, 0.80126, 0.642018, 0.981325, 0.962998, 0.132623, 0.0175887, 0.0158546, 0.00025137, 0.786296, 1
0, 1, 4.49356e-07, 1.83326e-06, 0.920258, 0.0132499, 2.48821e-06, 1.76086, 29.1884, 0.00246683, 0.0195664, 0, 13930, 14054, 14030.6, 14042, 12, 0.80314, 0.645034, 0.985806, 0.971814, 0.0826277, 0.00682733, 0.0220333, 0.000485465, 0.79174, 1
0, 1, 4.61109e-07, 1.73081e-06, 0.887148, 0.00970643, 2.27298e-06, 1.75935, 29.1666, 0.00956777, 0.0296541, 0, 13928.7, 14069.1, 14017.3, 14056.8, 12, 0.789633, 0.62352, 0.989177, 0.978472, 0.0356588, 0.00127155, 0.0392219, 0.00153836, 0.781087, 1
0, 1, 4.90871e-07, 1.64953e-06, 0.861735, 0.0129437, 2.98433e-06, 1.7538, 29.4599, 0.00821072, 0.0245704, 0, 13947.5, 14070.1, 14050.6, 14037.1, 12, 0.770664, 0.593923, 0.985202, 0.970622, 0.282786, 0.0799681, 0.0327812, 0.0010746, 0.75926, 1
0, 1, 4.33971e-07, 1.60219e-06, 1.13676, 0.0204807, 2.76433e-06, 1.76481, 29.4997, 0.00742637, 0.0378935, 0, 13927.5, 14050.4, 14026.6, 14039.4, 12, 0.786868, 0.619161, 0.982302, 0.964918, 0.263419, 0.0693894, 0.0453199, 0.00205389, 0.772942, 1
0, 1, 4.71558e-07, 2.05545e-06, 0.850504, 0.00918801, 2.45143e-06, 1.75786, 29.3347, 0.00497545, 0.0190062, 0, 13949.5, 14061.4, 14039.1, 14048.8, 12, 0.813393, 0.661608, 0.989312, 0.978739, 0, 0, 0.0239817, 0.000575121, 0.8047, 1
0, 1, 4.96539e-07, 2.01765e-06, 0.715323, 0.018928, 3.07892e-06, 1.7525, 29.4317, 0.0534496, 0.17894, 0, 13962.3, 14071.6, 14042.2, 14031.1, 12, 0.802506, 0.644015, 0.974221, 0.949107, 0.183418, 0.0336423, 0.23239, 0.054005, 0.781818, 1
0, 1, 4.74119e-07, 2.71344e-06, 0.578035, 0.012207, 3.95579e-06, 1.75941, 29.5263, 0.0950723, 0.345091, 0, 13944.2, 14055.5, 14020, 14044.3, 12, 0.85126, 0.724643, 0.979319, 0.959065, 0.194204, 0.0377151, 0.440163, 0.193744, 0.833654, 1
0, 1, 4.77856e-07, 2.75515e-06, 0.59043, 0.0101898, 3.89374e-06, 1.75879, 28.8162, 0.104455, 0.371406, 0, 13926.4, 14043.6, 14013.2, 14011.8, 12, 0.852195, 0.726236, 0.983034, 0.966357, 0.169692, 0.0287955, 0.475861, 0.226443, 0.837737, 1
0, 1, 4.919e-07, 2.73677e-06, 0.625362, 0.00641559, 3.55927e-06, 1.75475, 28.9896, 0.105019, 0.358504, 0, 13946.8, 14064, 14036, 14031.6, 12, 0.847646, 0.718504, 0.989845, 0.979793, 0.0928844, 0.00862752, 0.463523, 0.214854, 0.839039, 1
0, 1, 4.91757e-07, 2.75646e-06, 0.560362, 0.00753602, 3.53116e-06, 1.75824, 29.4617, 0.0941756, 0.33768, 0, 13914.4, 14058, 13986.4, 14050, 12, 0.848607, 0.720134, 0.98673, 0.973636, 0.0801277, 0.00642044, 0.431856, 0.186499, 0.837346, 1
0, 1, 5.0821e-07, 2.98608e-06, 0.524322, 0.00855753, 3.88334e-06, 1.75954, 29.3894, 0.0887202, 0.322258, 0, 13925, 14045.3, 14010.9, 14023.4, 12, 0.85456, 0.730272, 0.983941, 0.96814, 0.100185, 0.010037, 0.410978, 0.168903, 0.840836, 1
0, 1, 4.84701e-07, 2.71405e-06, 0.528647, 0.00972276, 3.86833e-06, 1.75498, 29.3315, 0.0979688, 0.339015, 0, 13941, 14025.1, 14031, 14042.2, 12, 0.848472, 0.719904, 0.98194, 0.964207, 0.173095, 0.0299617, 0.436984, 0.190955, 0.833149, 1
0, 1, 4.78496e-07, 2.79413e-06, 0.593274, 0.0166338, 3.52492e-06, 1.75356, 29.4339, 0.0962039, 0.29153, 0, 13941, 14040.3, 14033.8, 14030.1, 12, 0.853788, 0.728954, 0.972727, 0.946198, 0.0715745, 0.00512291, 0.387734, 0.150337, 0.830503, 1
0, 1, 4.54744e-07, 2.10997e-06, 0.757677, 0.0180019, 2.62198e-06, 1.75726, 29.355, 0.0364235, 0.131067, 0, 14282.3, 14035.1, 13969.1, 14078.2, 12, 0.822692, 0.676822, 0.976792, 0.954123, 0.0218402, 0.000476996, 0.16749, 0.0280529, 0.803599, 1
0, 1, 4.71361e-07, 1.65354e-06, 0.892766, 0.00990666, 2.53561e-06, 1.75826, 29.5464, 0.0062633, 0.0212461, 0, 13953.1, 14059, 14038.5, 14051.2, 12, 0.778172, 0.605552, 0.989025, 0.978171, 0.161977, 0.0262366, 0.0275094, 0.000756768, 0.769632, 1
0, 1, 4.4183e-07, 1.54862e-06, 0.987373, 0.0129773, 2.44418e-06, 1.76186, 29.5068, 0.00910384, 0.0160193, 0, 13962.4, 14049.6, 14044.6, 14037.2, 12, 0.778026, 0.605324, 0.987027, 0.974223, 0.185635, 0.0344604, 0.0251231, 0.00063117, 0.767932, 1
0, 1, 4.39196e-07, 1.57533e-06, 0.975034, 0.0227396, 2.72954e-06, 1.76036, 29.3673, 0.0048635, 0.034239, 1, 13919.7, 14043.2, 14027.7, 14028.6, 12, 0.781985, 0.6115, 0.97721, 0.954939, 0.261954, 0.0686201, 0.0391025, 0.00152901, 0.764163, 1
0, 1, 4.88402e-07, 1.64849e-06, 1.00122, 0.0134735, 2.59885e-06, 1.75726, 29.3099, 0.00347704, 0.0101207, 0, 13956.6, 14012.6, 14046.6, 14040.4, 12, 0.771443, 0.595124, 0.986722, 0.97362, 0.177756, 0.0315971, 0.0135977, 0.000184897, 0.761199, 1
0, 1, 4.57542e-07, 1.78427e-06, 0.910921, 0.0159627, 2.55657e-06, 1.75543, 29.4574, 0.0119292, 0.0371575, 0, 13966.6, 14056.8, 14051.2, 14022.9, 12, 0.795905, 0.633465, 0.982778, 0.965853, 0.123118, 0.015158, 0.0490868, 0.00240951, 0.782198, 1
0, 1, 4.33891e-07, 1.59871e-06, 0.952741, 0.0261492, 2.42739e-06, 1.75807, 29.542, 0.00527218, 0.0144826, 1, 13952.4, 13999.8, 14033.5, 14031.1, 12, 0.786534, 0.618636, 0.973287, 0.947287, 0.162641, 0.0264522, 0.0197548, 0.000390253, 0.765523, 1
0, 1, 4.63993e-07, 1.64078e-06, 0.897624, 0.0120467, 2.48879e-06, 1.75829, 29.5457, 0.00872561, 0.0360163, 1, 13975.1, 14055.2, 14043.6, 14047.9, 12, 0.779552, 0.607701, 0.986757, 0.97369, 0.154298, 0.0238079, 0.0447419, 0.00200184, 0.769228, 1
1, 0, 0.00328506, 0.0024466, 1.00116, 6.9409e-06, 0.00577066, 0.499055, 26.1459, 1.26624e-06, 7.98829e-06, 0, 39891.3, 52.08, 55.735, 58.82, 11, 0.426857, 0.182207, 0.999993, 0.999986, 0.00675676, 4.56538e-05, 9.25453e-06, 8.56463e-11, 0.426854, 1
1, 0, 0.00330852, 0.0024637, 1.00204, 1.14501e-05, 0.00576895, 0.497269, 26.0195, 2.33994e-07, 6.97304e-06, 0, 39849.5, 51.38, 54.525, 57.175, 11, 0.42682, 0.182175, 0.999989, 0.999977, 0, 0, 7.20703e-06, 5.19413e-11, 0.426815, 1
1, 0, 0.00330654, 0.00245987, 0.998721, 1.4827e-05, 0.00570475, 0.497049, 26.0471, 6.55508e-07, 9.20832e-06, 0, 39850, 50.575, 54.17, 56.98, 11, 0.426586, 0.181975, 0.999985, 0.99997, 0, 0, 9.86383e-06, 9.72951e-11, 0.426579, 1
1, 0, 0.00330624, 0.00245014, 0.993894, 9.47563e-06, 0.0057207, 0.496981, 26.1451, 9.83467e-07, 9.80345e-06, 0, 39890.7, 51.795, 55.145, 58.23, 11, 0.425639, 0.181169, 0.99999, 0.999981, 0, 0, 1.07869e-05, 1.16358e-10, 0.425635, 1
1, 0, 0.00327907, 0.00242463, 1.00241, 8.84992e-06, 0.00573282, 0.49737, 26.191, 9.44831e-07, 8.25153e-06, 0, 39851.7, 51.805, 55.365, 57.28, 11, 0.425097, 0.180708, 0.999991, 0.999982, 0.00508009, 2.58073e-05, 9.19636e-06, 8.4573e-11, 0.425093, 1
1, 0, 0.00325284, 0.00242834, 1.0033, 7.54663e-06, 0.00572785, 0.496638, 26.2472, 5.17752e-07, 6.44836e-06, 0, 39887.3, 51.665, 54.84, 57.09, 11, 0.427436, 0.182701, 0.999992, 0.999985, 0.00814868, 6.6401e-05, 6.96612e-06, 4.85268e-11, 0.427433, 1
1, 0, 0.00328488, 0.0024427, 1.00008, 1.57305e-05, 0.00573164, 0.498171, 26.2329, 1.68541e-06, 7.33467e-06, 0, 39869.3, 51.495, 55.38, 57.87, 11, 0.426481, 0.181886, 0.999984, 0.999969, 0.000708231, 5.01591e-07, 9.02008e-06, 8.13618e-11, 0.426474, 1
1, 0, 0.00328912, 0.00244926, 1.00152, 9.29438e-06, 0.00577473, 0.499428, 26.0935, 9.38826e-07, 7.11943e-06, 0, 39866.2, 50.625, 54.155, 56.585, 11, 0.42682, 0.182176, 0.999991, 0.999981, 0.00629577, 3.96368e-05, 8.05826e-06, 6.49355e-11, 0.426816, 1
1, 0, 0.00330667, 0.00245967, 1.00109, 1.07004e-05, 0.00574379, 0.496228, 25.7603, 5.68164e-07, 5.90259e-06, 0, 39843.9, 51.345, 55.285, 57.425, 11, 0.426557, 0.181951, 0.999989, 0.999979, 0, 0, 6.47076e-06, 4.18707e-11, 0.426553, 1
1, 0, 0.00330401, 0.00246107, 0.998205, 7.22564e-06, 0.00572621, 0.497575, 26.0926, 9.81067e-07, 8.73617e-06, 0, 39887.6, 50.955, 54.585, 57.27, 11, 0.426893, 0.182237, 0.999993, 0.999986, 0, 0, 9.71723e-06, 9.44246e-11, 0.42689, 1
1, 0, 0.00301837, 0.00219642, 1.0049, 9.10942e-06, 0.00523882, 0.446587, 28.2886, 2.02789e-06, 7.51608e-06, 0, 40016.4, 51.02, 54.68, 63.13, 12, 0.42119, 0.177401, 0.999991, 0.999982, 0.004588, 2.10497e-05, 9.54397e-06, 9.10874e-11, 0.421187, 1
1, 0, 0.00305923, 0.00221746, 0.996046, 1.08138e-05, 0.0052682, 0.447709, 28.4412, 2.12472e-06, 9.91005e-06, 0, 40059.4, 50.955, 55.145, 63.36, 12, 0.420237, 0.176599, 0.999989, 0.999978, 0, 0, 1.20348e-05, 1.44836e-10, 0.420233, 1
1, 0, 0.00306287, 0.00220763, 1.00163, 1.81546e-05, 0.00524968, 0.444905, 28.3941, 1.34006e-06, 6.89173e-06, 0, 40020.9, 51.74, 56, 64.995, 12, 0.418866, 0.175449, 0.999982, 0.999964, 0, 0, 8.23178e-06, 6.77623e-11, 0.418859, 1
1, 0, 0.00303307, 0.00219973, 0.998034, 2.27853e-05, 0.005216, 0.446032, 28.5706, 1.00243e-06, 5.99865e-06, 0, 40055.7, 50.62, 54.23, 63.505, 12, 0.420373, 0.176714, 0.999977, 0.999954, 0, 0, 7.00108e-06, 4.90151e-11, 0.420364, 1
1, 0, 0.00304244, 0.00218766, 0.997433, 1.24739e-05, 0.00524662, 0.446794, 28.5834, 7.67622e-07, 9.65924e-06, 0, 40011, 51.57, 55.495, 63.905, 12, 0.418283, 0.17496, 0.999987, 0.999975, 0.00315099, 9.92873e-06, 1.04269e-05, 1.0872e-10, 0.418277, 1
1, 0, 0.00302482, 0.00218914, 1.00624, 9.4923e-06, 0.00527043, 0.446698, 28.537, 2.01691e-06, 1.1045e-05, 0, 40054.7, 51.56, 55.525, 64.755, 12, 0.419862, 0.176284, 0.999991, 0.999981, 0.0107134, 0.000114778, 1.30619e-05, 1.70614e-10, 0.419858, 1
1, 0, 0.00303543, 0.00220471, 1.00235, 1.56073e-05, 0.00523495, 0.445831, 28.5386, 1.14432e-06, 8.18509e-06, 0, 40015.7, 51.3, 55.745, 64.65, 12, 0.420734, 0.177017, 0.999984, 0.999969, 0, 0, 9.32942e-06, 8.7038e-11, 0.420728, 1
1, 0, 0.0030628, 0.00221721, 0.997684, 2.48803e-05, 0.00524742, 0.447586, 28.4239, 1.95171e-06, 9.94895e-06, 0, 40052.9, 50.79, 55.07, 63.77, 12, 0.419925, 0.176337, 0.999975, 0.99995, 0, 0, 1.19007e-05, 1.41626e-10, 0.419915, 1
1, 0, 0.00306622, 0.00220904, 0.997098, 1.66896e-05, 0.00525343, 0.445324, 28.4257, 1.38549e-06, 6.44971e-06, 0, 40031.3, 51.635, 55.6, 64.645, 12, 0.418755, 0.175356, 0.999983, 0.999967, 0, 0, 7.8352e-06, 6.13904e-11, 0.418748, 1
1, 0, 0.00303715, 0.00219541, 1.0022, 9.57923e-06, 0.00522197, 0.446023, 28.5302, 8.14234e-07, 1.00901e-05, 0, 40024.5, 50.68, 54.82, 63.725, 12, 0.419567, 0.176036, 0.99999, 0.999981, 0, 0, 1.09044e-05, 1.18905e-10, 0.419563, 1
1, 0, 0.0030297, 0.00219061, 0.996384, 4.46758e-06, 0.0052406, 0.445966, 28.6102, 1.72321e-06, 1.39931e-05, 0, 40022.5, 51.065, 55.485, 64.665, 12, 0.419633, 0.176091, 0.999996, 0.999991, 0.00387195, 1.4992e-05, 1.57163e-05, 2.47002e-10, 0.419631, 1
1, 0, 0.00302629, 0.00218439, 1.00443, 1.82052e-05, 0.00524771, 0.44709, 28.5914, 2.49782e-06, 6.72489e-06, 0, 40037.2, 51.455, 55.7, 64.94, 12, 0.419213, 0.17574, 0.999982, 0.999964, 0.00705622, 4.97903e-05, 9.2227e-06, 8.50583e-11, 0.419206, 1
1, 0, 0.00303635, 0.00220592, 1.00067, 2.18217e-05, 0.00526382, 0.446397, 28.5021, 1.04973e-06, 5.74171e-06, 0, 40013, 50.595, 54.415, 63.71, 12, 0.420794, 0.177068, 0.999978, 0.999956, 0.00409484, 1.67677e-05, 6.79144e-06, 4.61237e-11, 0.420785, 1
0, 1, 0.00836507, 1.44045e-06, 0.0185004, 0.00449663, 0.00834929, 2.41169, 27.018, 0.00524179, 0.975358, 0, 56.21, 52.89, 48.12, 42.645, 11, 0.000172168, 2.96419e-08, 0.804469, 0.647171, 0, 0, 0.9806, 0.961577, 0.000138504, 1
0, 1, 0.00830531, 1.44484e-06, 0.0119904, 0.00382673, 0.00825217, 2.41226, 27.1297, 0.00214297, 0.971223, 0, 53.565, 51.535, 47.25, 40.205, 11, 0.000173935, 3.02535e-08, 0.758065, 0.574662, 0, 0, 0.973366, 0.947441, 0.000131854, 1
0, 1, 0.00828637, 1.43498e-06, 0.0272076, 0.00591911, 0.00828512, 2.41545, 27.4318, 0.00365816, 0.959887, 0, 52.765, 51.04, 46.58, 39.765, 11, 0.000173143, 2.99786e-08, 0.821319, 0.674565, 0, 0, 0.963545, 0.92842, 0.000142206, 1
0, 1, 0.00817389, 1.42625e-06, 0.0167722, 0.00465749, 0.00825691, 2.41555, 26.7961, 0.00557329, 0.961353, 0, 54.725, 52.185, 47.49, 40.855, 11, 0.000174458, 3.04357e-08, 0.782662, 0.612559, 0.00988193, 9.76526e-05, 0.966927, 0.934947, 0.000136542, 1
0, 1, 0.00820327, 1.43187e-06, 0.0328256, 0.00977405, 0.00820672, 2.41634, 27.5094, 0.00906321, 0.976466, 0, 54.29, 51.16, 47.12, 39.9, 11, 0.000174519, 3.04567e-08, 0.77056, 0.593763, 0.000246618, 6.08203e-08, 0.985529, 0.971268, 0.000134477, 1
0, 1, 0.00831283, 1.44244e-06, 0.0206726, 0.0077395, 0.00829596, 2.41649, 27.231, 0.00794318, 0.985565, 0, 57.385, 51.735, 47.825, 40.37, 11, 0.000173489, 3.00986e-08, 0.727599, 0.5294, 0, 0, 0.993508, 0.987058, 0.000126231, 1
0, 1, 0.00837083, 1.43125e-06, 0.0123035, 0.00482438, 0.00830142, 2.41263, 27.3718, 0.00513069, 0.974372, 0, 55.92, 52.145, 48.065, 40.65, 11, 0.000170952, 2.92245e-08, 0.718331, 0.515999, 0, 0, 0.979503, 0.959426, 0.0001228, 1
0, 1, 0.00826702, 1.41971e-06, 0.0185009, 0.00596141, 0.00826002, 2.41483, 27.4119, 0.00370018, 0.967829, 0, 54.83, 50.865, 47.01, 39.59, 11, 0.000171703, 2.94818e-08, 0.756303, 0.571994, 0, 0, 0.971529, 0.943869, 0.000129859, 1
0, 1, 0.00827557, 1.47067e-06, 0.0193778, 0.00541985, 0.00830545, 2.41573, 27.4753, 0.00326676, 0.925755, 0, 54.395, 51.09, 47.4, 39.745, 11, 0.000177681, 3.15704e-08, 0.781437, 0.610644, 0.00342144, 1.17062e-05, 0.929022, 0.863082, 0.000138846, 1
0, 1, 0.00831274, 1.40469e-06, 0.0132918, 0.00633437, 0.00836137, 2.42117, 27.4223, 0.00109034, 0.9919, 0, 56.865, 52.47, 48.52, 41.155, 11, 0.000168953, 2.8545e-08, 0.677249, 0.458666, 0.00564917, 3.19131e-05, 0.992991, 0.98603, 0.000114423, 1
0, 1, 0.00834188, 1.49813e-06, 0.0143757, 0.00468613, 0.00833288, 2.41328, 27.3488, 0.00615054, 0.920604, 0, 53.46, 51, 47.215, 39.52, 11, 0.000179559, 3.22415e-08, 0.754161, 0.568759, 0, 0, 0.926755, 0.858875, 0.000135417, 1
0, 1, 0.00805076, 1.90384e-06, 0.290265, 0.00748991, 0.00794198, 2.41944, 29.6643, 0.00536511, 0.723015, 0, 51.4, 50.9, 55.3, 51.01, 12, 0.000236424, 5.58961e-08, 0.974845, 0.950324, 0, 0, 0.72838, 0.530538, 0.000230476, 1
0, 1, 0.00804681, 2.04052e-06, 0.297578, 0.00527451, 0.00808305, 2.42588, 29.5464, 0.0049096, 0.681257, 0, 61.635, 52.72, 56.985, 57.115, 12, 0.000253517, 6.42708e-08, 0.982584, 0.965471, 0.00423127, 1.79036e-05, 0.686167, 0.470825, 0.000249102, 1
0, 1, 0.00795632, 2.15819e-06, 0.378388, 0.0100121, 0.00800263, 2.42308, 29.5261, 0.0037663, 0.623323, 0, 86.05, 60.74, 71.445, 68.05, 12, 0.000271182, 7.35395e-08, 0.974222, 0.949109, 0.00551751, 3.04429e-05, 0.627089, 0.393241, 0.000264191, 1
0, 1, 0.00811062, 2.26833e-06, 0.413401, 0.00690996, 0.00813101, 2.43089, 29.4754, 0.0086898, 0.620102, 0, 305.63, 60.655, 63.43, 62.785, 12, 0.000279596, 7.81738e-08, 0.98356, 0.96739, 0.00222957, 4.97097e-06, 0.628792, 0.395379, 0.000274999, 1
0, 1, 0.00812462, 2.23941e-06, 0.380235, 0.00600724, 0.0080897, 2.42109, 29.3622, 0.00675244, 0.614335, 0, 114.38, 53.035, 56.905, 54.595, 12, 0.000275557, 7.59317e-08, 0.984447, 0.969136, 0, 0, 0.621088, 0.38575, 0.000271271, 1
0, 1, 0.00802507, 2.82149e-06, 0.521456, 0.00810155, 0.00799452, 2.4219, 29.4859, 0.00219968, 0.494495, 0, 323.375, 65.42, 67.275, 66.59, 12, 0.000351461, 1.23525e-07, 0.984701, 0.969637, 0, 0, 0.496694, 0.246705, 0.000346084, 1
0, 1, 0.00803143, 2.04652e-06, 0.336139, 0.00748134, 0.00806409, 2.42409, 27.1705, 0.00571891, 0.666793, 0, 187.655, 56.075, 59.62, 57.215, 12, 0.000254749, 6.48972e-08, 0.978228, 0.95693, 0.00379606, 1.44101e-05, 0.672511, 0.452272, 0.000249203, 1
0, 1, 0.00801116, 2.11002e-06, 0.329118, 0.00497815, 0.00808856, 2.42209, 29.6078, 0.00384166, 0.655147, 0, 54.36, 50.615, 54.885, 51.08, 12, 0.000263316, 6.93353e-08, 0.9851, 0.970421, 0.00930821, 8.66428e-05, 0.658989, 0.434266, 0.000259392, 1
0, 1, 0.00812971, 2.05916e-06, 0.349532, 0.00914669, 0.00812029, 2.42987, 29.5203, 0.00681067, 0.676279, 0, 57.495, 52.535, 56.575, 53.045, 12, 0.000253224, 6.41222e-08, 0.974499, 0.949648, 0, 0, 0.68309, 0.466612, 0.000246766, 1
0, 1, 0.00816599, 2.12892e-06, 0.328557, 0.00587878, 0.0081408, 2.42053, 29.4037, 0.00517588, 0.650149, 0, 52.91, 50.71, 55.06, 51.1, 12, 0.000260637, 6.79317e-08, 0.982422, 0.965153, 0, 0, 0.655324, 0.42945, 0.000256056, 1
0, 1, 0.00798495, 2.28667e-06, 0.369982, 0.00957208, 0.00793781, 2.42207, 29.4222, 0.00499413, 0.618559, 0, 126.93, 53.27, 58.065, 55.28, 12, 0.000286291, 8.19625e-08, 0.974781, 0.950197, 0, 0, 0.623553, 0.388818, 0.000279071, 1
0, 1, 0.0080456, 2.15007e-06, 0.348125, 0.00809556, 0.00807221, 2.42461, 29.3576, 0.00741433, 0.641815, 0, 96, 55.02, 59.805, 57.745, 12, 0.000267164, 7.13768e-08, 0.977274, 0.955064, 0.00303018, 9.182e-06, 0.649229, 0.421499, 0.000261093, 1
0, 1, 0.00801379, 2.16393e-06, 0.323805, 0.00410397, 0.00809756, 2.42391, 29.3896, 0.00429266, 0.624888, 0, 53.355, 50.25, 57.09, 50.5, 12, 0.000269952, 7.28742e-08, 0.987484, 0.975125, 0.0100779, 0.000101564, 0.629181, 0.395868, 0.000266574, 1
