1, 0, 153845, 3343222, 3341067, 12867, 3541817, 5170008220, 16055709267, 54, 42, 0, 5851.8, 43.32, 15999.7, 52.875, 10, 1
1, 0, 153492, 5099708, 5120309, 15272, 5287567, 6340441717, 23796047298, 9, 120, 0, 9238.52, 46.11, 25474.9, 55.125, 10, 1
1, 0, 165777, 5145219, 5129454, 15472, 5264785, 6335801163, 23764702551, 36, 189, 0, 9453.76, 46.055, 26048, 55.205, 10, 1
1, 0, 166141, 5138208, 5099939, 15097, 5279783, 6319964569, 23680429725, 9, 48, 0, 9444.85, 46.06, 26058.3, 54.86, 10, 1
1, 0, 161682, 5090371, 5076592, 15094, 5213572, 6298766204, 23743835010, 3, 66, 0, 9451.51, 46.195, 26048.1, 55.21, 10, 1
1, 0, 155591, 5102036, 5086523, 15431, 5261049, 6373041206, 23926507842, 15, 54, 0, 9445.48, 45.385, 26061.3, 54.465, 10, 1
1, 0, 158686, 5092602, 5070121, 15289, 5294899, 6380859955, 23881052193, 12, 63, 0, 9449.27, 45.705, 26061.4, 54.59, 10, 1
1, 0, 156763, 5065665, 5081185, 14450, 5258794, 6326121155, 23787052383, 6, 120, 0, 9423.44, 45.175, 26004.8, 54.305, 10, 1
1, 0, 158400, 5144155, 5132227, 14966, 5260227, 6337274773, 23779841127, 9, 141, 0, 9470.12, 46.565, 26089.7, 55.39, 10, 1
1, 0, 155577, 5126369, 5093896, 15018, 5259581, 6325352712, 23701034529, 3, 66, 0, 9447.15, 45.765, 26059.7, 54.76, 10, 1
1, 0, 154562, 5088471, 5078994, 15324, 5240136, 6312342055, 23760181656, 6, 66, 0, 9445.41, 45.42, 26067.8, 54.895, 10, 1
1, 0, 157830, 5106559, 5082518, 15926, 5247186, 6373589585, 23924422923, 9, 57, 0, 9445.31, 45.35, 26061.3, 54.58, 10, 1
1, 0, 153485, 5081848, 5061241, 14357, 5292821, 6378912374, 23880194646, 9, 48, 0, 9445.06, 45.41, 26065.6, 54.57, 10, 1
1, 0, 158490, 5095563, 5115231, 14594, 5294010, 6340505092, 23782949508, 15, 96, 0, 9455.58, 45.5, 26092.3, 54.585, 10, 1
1, 0, 155491, 5137216, 5116018, 14800, 5258574, 6338459517, 23778972132, 0, 90, 0, 9446.92, 45.6, 26063.4, 54.875, 10, 1
1, 0, 154539, 5103139, 5076750, 15131, 5229181, 6317184036, 23708582187, 12, 87, 0, 9431, 45.52, 26024, 54.7, 10, 1
1, 0, 155478, 5099105, 5084127, 14521, 5233630, 6310857094, 23769251520, 9, 60, 0, 9444.77, 45.735, 26061, 54.82, 10, 1
1, 0, 152995, 5267689, 5212406, 16463, 5367350, 6443272016, 24943942821, 3, 63, 0, 9191.39, 46.995, 25328.4, 54.41, 11, 1
1, 0, 163131, 5273131, 5271507, 18043, 5419237, 6553173550, 26154873528, 72, 66, 0, 9792.12, 45.285, 27029.2, 54.675, 11, 1
1, 0, 155304, 5289810, 5247190, 16982, 5441132, 6614321923, 26319902964, 6, 60, 0, 9792.94, 45.39, 27027, 54.825, 11, 1
1, 0, 155104, 5235981, 5237270, 16598, 5458375, 6604636018, 26246327787, 9, 165, 0, 9786.62, 45.54, 27011.7, 55.325, 11, 1
1, 0, 153475, 5297186, 5302442, 16758, 5474499, 6567959571, 26163096546, 21, 141, 0, 9800.82, 45.42, 27056.8, 55.145, 11, 1
1, 0, 150591, 5292778, 5260196, 15978, 5377180, 6567640433, 26116694394, 0, 120, 0, 9779.07, 45.375, 27002, 54.98, 11, 1
1, 0, 154373, 5306916, 5266870, 17178, 5439635, 6543240196, 26055530412, 9, 57, 0, 9789.48, 45.255, 27032.3, 54.895, 11, 1
1, 0, 151396, 5266590, 5260521, 17282, 5382501, 6556691039, 26182467582, 6, 45, 0, 9792.1, 45.895, 27032.4, 55.37, 11, 1
1, 0, 153320, 5295009, 5245159, 16157, 5437385, 6615384983, 26331198957, 6, 39, 0, 9790.85, 45.34, 27031.8, 54.97, 11, 1
1, 0, 149505, 5157990, 5174034, 15893, 5408519, 6596767797, 26252477586, 3, 111, 0, 9767.56, 45.365, 26971.6, 55.015, 11, 1
1, 0, 152716, 5262882, 5273468, 16228, 5437602, 6559941371, 26162324883, 12, 132, 0, 9787.18, 45.9, 27024.2, 55.29, 11, 1
1, 0, 150775, 5292798, 5270210, 16155, 5395562, 6574488695, 26116755900, 6, 108, 0, 9775.89, 46.05, 26989.2, 55.85, 11, 1
1, 0, 152385, 5305501, 5257000, 16487, 5442772, 6541984116, 26054987250, 3, 93, 0, 9790.19, 45.495, 27035.3, 55.15, 11, 1
1, 0, 151475, 5247620, 5271507, 16192, 5403319, 6556485208, 26182706052, 18, 39, 0, 9798.6, 45.455, 27056.4, 55.08, 11, 1
1, 0, 151353, 5282585, 5235429, 16854, 5438996, 6614074716, 26332446252, 0, 42, 0, 9788.48, 45.52, 27030.9, 55.43, 11, 1
1, 0, 147027, 5234165, 5240034, 16487, 5457205, 6612491432, 26252141265, 6, 78, 0, 9788.99, 45.56, 27032.3, 55.51, 11, 1
1, 0, 151824, 5262844, 5268417, 16425, 5430130, 6560355821, 26155916892, 6, 138, 0, 9788.92, 45.39, 27033.7, 55.185, 11, 1
1, 0, 157097, 3607207, 3556341, 14265, 3776719, 5415401250, 16927471785, 9, 48, 0, 6722.48, 45.525, 18402, 54.495, 12, 1
1, 0, 147172, 5327017, 5330268, 17055, 5516784, 6638169547, 26877127545, 24, 42, 0, 9457.65, 45.76, 26100.1, 54.71, 12, 1
1, 0, 152726, 5467711, 5468786, 19992, 5616545, 6725665299, 28531694001, 51, 123, 0, 10027.1, 45.395, 27712.5, 54.335, 12, 1
1, 0, 150121, 5500422, 5476669, 18578, 5604790, 6750531795, 28509311223, 9, 156, 0, 10037.3, 45.685, 27733.6, 54.63, 12, 1
1, 0, 148920, 5442505, 5390057, 18387, 5587814, 6701180189, 28416641970, 6, 114, 0, 10019.3, 45.47, 27692.9, 54.51, 12, 1
1, 0, 147410, 5469818, 5457249, 18367, 5587095, 6719567313, 28546087221, 12, 66, 0, 10028.4, 45.44, 27717, 54.83, 12, 1
1, 0, 141485, 5454637, 5405430, 19064, 5604114, 6783161226, 28709426421, 15, 60, 0, 10037, 45.38, 27745.3, 54.595, 12, 1
1, 0, 146344, 5434093, 5435635, 18484, 5643319, 6770123564, 28587271362, 18, 36, 0, 10025.6, 45.13, 27715.8, 54.565, 12, 1
1, 0, 145276, 5482367, 5488344, 18448, 5620023, 6726673287, 28540833999, 12, 84, 0, 10027.3, 45.45, 27715.2, 54.78, 12, 1
1, 0, 145688, 5490901, 5466604, 18666, 5603588, 6748643376, 28514592411, 9, 132, 0, 10035.2, 45.535, 27744.3, 55.14, 12, 1
1, 0, 145134, 5462215, 5429051, 18505, 5589451, 6699518730, 28409655237, 0, 93, 0, 10025.3, 45.215, 27717.1, 54.51, 12, 1
1, 0, 146155, 5457319, 5442281, 18309, 5568843, 6726533265, 28572865080, 6, 75, 0, 10026.6, 45.16, 27715.8, 54.63, 12, 1
1, 0, 142027, 5450706, 5395848, 18986, 5609643, 6787471901, 28722193920, 6, 69, 0, 10034.8, 45.08, 27745.9, 54.445, 12, 1
1, 0, 145166, 5422547, 5430796, 17984, 5645611, 6767978256, 28583292615, 18, 36, 0, 10027.6, 45.73, 27715.7, 55.6, 12, 1
1, 0, 142177, 5461508, 5467473, 18805, 5608355, 6727545432, 28546406808, 12, 93, 0, 10037.7, 45.99, 27745.3, 55.665, 12, 1
1, 0, 141982, 5495092, 5457581, 17914, 5597808, 6750120166, 28504271649, 6, 138, 0, 10025.4, 45.53, 27717.5, 54.92, 12, 1
1, 0, 148147, 5460554, 5424223, 18167, 5596166, 6689171211, 28403942277, 15, 105, 0, 10027.5, 46.93, 27716.4, 55.245, 12, 1
1, 0, 182733, 5426408, 5397404, 25707, 5647391, 6862801142, 26826593340, 3, 135, 0, 9340.93, 60.9, 25749.8, 70.635, 13, 1
1, 0, 262495, 5923760, 5898791, 38107, 6236911, 7669324336, 31077606318, 39, 381, 0, 10242, 1332.06, 27708.6, 3455.8, 13, 1
1, 0, 249191, 5924667, 5908696, 24950, 6137973, 7633527624, 31125512619, 12, 120, 0, 10030.1, 1368.18, 27694.1, 3469.8, 13, 1
1, 0, 263385, 5932526, 5883229, 26065, 6155050, 7703305048, 31196656914, 6, 162, 0, 10032.8, 1365.63, 27690.7, 3463.72, 13, 1
1, 0, 260312, 5931401, 5887984, 23921, 6185302, 7667519715, 31171982286, 27, 162, 0, 10063.1, 1365.66, 27678.9, 3466.43, 13, 1
1, 0, 252733, 5898267, 5891402, 23870, 6166557, 7715387986, 31310435064, 24, 141, 0, 10029.4, 1365.25, 27685.6, 3464.76, 13, 1
1, 0, 253770, 5906770, 5875451, 24991, 6194600, 7718585188, 31287688011, 21, 171, 0, 10059.2, 1369.25, 27721.2, 3498.22, 13, 1
1, 0, 254311, 5915091, 5923841, 24780, 6193249, 7675446933, 31126424265, 9, 99, 0, 10042.6, 1366.72, 27687.9, 3513.41, 13, 1
1, 0, 251395, 5943863, 5910659, 25702, 6150721, 7650882966, 31127969247, 15, 168, 0, 10056.9, 1370.67, 27699, 3590.16, 13, 1
1, 0, 255534, 5931567, 5883008, 24529, 6167631, 7686043545, 31152014376, 33, 96, 0, 10097.7, 1368.65, 27687.3, 3570.77, 13, 1
1, 0, 254447, 5892037, 5866623, 24494, 6164584, 7671586169, 31192961790, 15, 87, 0, 10029.9, 1367.41, 27695.2, 3469.55, 13, 1
1, 0, 252020, 5905943, 5900127, 23844, 6164591, 7718365005, 31314056889, 12, 129, 0, 10040.3, 1366.68, 27717.2, 3468.11, 13, 1
1, 0, 254260, 5922301, 5870363, 24350, 6186501, 7722043796, 31333031478, 12, 210, 0, 10027.5, 1367.99, 27691.5, 3469.48, 13, 1
1, 0, 251552, 5888930, 5895647, 24755, 6181527, 7686378725, 31194573243, 21, 63, 0, 10027, 1366.44, 27690.3, 3464.98, 13, 1
1, 0, 252841, 5928490, 5915116, 24383, 6152471, 7682958652, 31196190183, 15, 99, 0, 10028.8, 1368.9, 27693.7, 3466.77, 13, 1
1, 0, 255527, 5938579, 5886518, 24389, 6165519, 7689987025, 31117753479, 27, 72, 0, 10028.2, 1367.09, 27691.5, 3463.99, 13, 1
1, 0, 258708, 5839525, 5805350, 46976, 6070519, 7549842073, 29468980629, 24, 159, 0, 9568.51, 1267.9, 26129, 3350.17, 14, 1
1, 0, 287624, 6217317, 6138343, 50025, 6473141, 8421920678, 33320483784, 84, 570, 0, 10149.1, 2364.23, 27681.3, 6493.13, 14, 1
1, 0, 273969, 6213400, 6190341, 27124, 6466098, 8556696695, 33799373196, 30, 96, 0, 10029.7, 2676.09, 27705.4, 7299.53, 14, 1
1, 0, 284964, 6237754, 6196099, 31280, 6512954, 8593817433, 33920446179, 30, 162, 0, 10050, 2679, 27725.6, 7301.86, 14, 1
1, 0, 285548, 6217231, 6175888, 31678, 6546164, 8608066690, 33876774762, 36, 108, 0, 10033, 2677.93, 27696.5, 7296.93, 14, 1
1, 0, 285161, 6219128, 6208568, 28190, 6525404, 8567804148, 33834421899, 51, 144, 0, 10032.8, 2677.37, 27698.2, 7298.09, 14, 1
1, 0, 281628, 6236668, 6216336, 26661, 6502736, 8576301333, 33827728341, 12, 156, 0, 10032.7, 2677.37, 27701.2, 7296.34, 14, 1
1, 0, 280526, 6229052, 6189865, 29184, 6503844, 8554734667, 33739697172, 12, 201, 0, 10029.5, 2678.76, 27704.2, 7302.23, 14, 1
1, 0, 282025, 6220440, 6199901, 30170, 6483121, 8559976521, 33796059741, 24, 96, 0, 10033, 2678.33, 27701.8, 7298.35, 14, 1
1, 0, 277074, 6226284, 6165764, 29586, 6499031, 8601876443, 33966543051, 30, 126, 0, 10042.2, 2680.64, 27731.8, 7307.34, 14, 1
1, 0, 275436, 6201706, 6184398, 30465, 6522732, 8621233873, 33924065382, 15, 105, 0, 10031.6, 2678.61, 27702, 7302.26, 14, 1
1, 0, 281012, 6228464, 6211980, 26518, 6521634, 8565486990, 33846696783, 24, 138, 0, 10031.9, 2677.01, 27699.5, 7296.74, 14, 1
1, 0, 278610, 6213788, 6186924, 27824, 6473945, 8573324850, 33812199438, 18, 120, 0, 10025.1, 2680.44, 27682.3, 7305.76, 14, 1
1, 0, 280987, 6243138, 6195976, 29816, 6505458, 8553723614, 33748193256, 33, 120, 0, 10032, 2678.08, 27701.3, 7300.26, 14, 1
1, 0, 277556, 6171315, 6141276, 30552, 6423987, 8555252541, 33833535843, 27, 144, 0, 10030.2, 2681.02, 27703.3, 7310.96, 14, 1
1, 0, 276064, 6225001, 6178687, 26794, 6487845, 8598298938, 33956417049, 18, 126, 0, 10028.6, 2679.87, 27694.1, 7307.36, 14, 1
1, 0, 281696, 6560221, 6511817, 32606, 6841342, 9383659777, 35764651851, 30, 147, 0, 10167.9, 3267.06, 27691.4, 8636.28, 15, 1
1, 0, 284315, 6534884, 6511054, 34260, 6807325, 9390262655, 35876169060, 51, 138, 0, 10038.9, 3965.47, 27712.7, 10803.2, 15, 1
1, 0, 295468, 6558935, 6509319, 33669, 6850690, 9435428308, 35998980333, 45, 222, 1, 10046.2, 3961.48, 27704.7, 10787.5, 15, 1
1, 0, 290278, 6529107, 6501695, 32451, 6860190, 9456423388, 36001790208, 42, 174, 0, 10042.6, 3965.02, 27703.2, 10798.5, 15, 1
1, 0, 262765, 5896366, 5896562, 29135, 6179294, 8505707874, 32359206057, 36, 171, 0, 10054.1, 3968.12, 27733.8, 10804.3, 15, 1
1, 0, 288715, 6580995, 6531537, 31189, 6843229, 9418528776, 35850266241, 48, 150, 0, 10038.8, 3965.05, 27695, 10799.5, 15, 1
1, 0, 286213, 6535302, 6504281, 30930, 6818471, 9366248813, 35832655650, 33, 138, 0, 10041.1, 3968.89, 27711, 10810.5, 15, 1
1, 0, 285019, 6524816, 6497630, 31794, 6776722, 9425151447, 36020031696, 15, 84, 0, 10033.4, 3966.39, 27686, 10804.2, 15, 1
1, 0, 284402, 6542144, 6493312, 30107, 6842132, 9463192570, 36022381332, 24, 114, 0, 10040.3, 3967.35, 27707.9, 10804, 15, 1
1, 0, 282743, 6427778, 6429418, 28902, 6763773, 9396674647, 35918367963, 18, 117, 0, 10013.1, 3968.97, 27635.4, 10810.9, 15, 1
1, 0, 281160, 6549007, 6535181, 31080, 6812091, 9411561910, 35920368291, 18, 123, 0, 10045.9, 3973.17, 27730.5, 10820.2, 15, 1
1, 0, 283091, 6578114, 6517389, 31134, 6840630, 9424401117, 35872655904, 42, 126, 0, 10047.7, 3965.97, 27705.1, 10801.5, 15, 1
1, 0, 283304, 6526935, 6512121, 30375, 6802945, 9374696573, 35851866645, 15, 78, 0, 10039.6, 3967.78, 27709.8, 10807.4, 15, 1
1, 0, 285255, 6549908, 6509678, 30608, 6806513, 9422692802, 36002064948, 18, 84, 0, 10039.9, 3969.17, 27712, 10808.1, 15, 1
1, 0, 280921, 6530836, 6488065, 31806, 6834695, 9461312518, 36031932723, 42, 96, 0, 10038.1, 3967.89, 27707.8, 10807.1, 15, 1
1, 0, 287500, 5922483, 5881352, 73499, 6204063, 7776852083, 29790576183, 57, 441, 0, 9338.23, 1065.34, 25507.3, 2930.51, 16, 1
1, 0, 301289, 6874743, 6822870, 44271, 7169314, 9983306668, 37236326787, 60, 501, 0, 10205.8, 4112.13, 27676.6, 11083.7, 16, 1
1, 0, 289933, 6923504, 6898956, 27969, 7203693, 10216892364, 38023308270, 33, 141, 0, 10057.9, 5214.31, 27751.2, 14234.4, 16, 1
1, 0, 308774, 6908141, 6872829, 28290, 7191780, 10236520866, 38095055529, 33, 219, 0, 10040.3, 5205.92, 27676.2, 14202.6, 16, 1
1, 0, 297955, 6927952, 6898163, 27705, 7251875, 10262002441, 38153027595, 15, 252, 0, 10051.5, 5206.14, 27714.7, 14206.2, 16, 1
1, 0, 277354, 6328246, 6330322, 25367, 6609191, 9486727846, 34788324561, 12, 138, 0, 10051.7, 5207.57, 27716.5, 14213.1, 16, 1
1, 0, 292157, 6939265, 6885059, 27419, 7184329, 10217134003, 38093098884, 15, 144, 0, 10044.8, 5208.2, 27698.9, 14213.6, 16, 1
1, 0, 293552, 6934081, 6899118, 28253, 7234889, 10250943852, 38079567867, 24, 126, 0, 10058.3, 5212.94, 27738.5, 14225.8, 16, 1
1, 0, 292978, 6926187, 6903937, 26618, 7241414, 10210140578, 38053143249, 24, 81, 0, 10051.4, 5208.72, 27719, 14215, 16, 1
1, 0, 291089, 6933398, 6927378, 27033, 7207592, 10266090977, 38134835586, 24, 165, 0, 10049.2, 5208.72, 27719.2, 14220.4, 16, 1
1, 0, 293013, 6947072, 6892672, 27375, 7252402, 10255148316, 38081068485, 33, 168, 0, 10048.3, 5208.26, 27720.2, 14214.6, 16, 1
1, 0, 288581, 6908574, 6904440, 26840, 7205539, 10225780879, 38042005419, 21, 117, 0, 10045.5, 5209.34, 27708.7, 14218.4, 16, 1
1, 0, 292979, 6944688, 6899324, 27544, 7214653, 10224294024, 38101544106, 24, 159, 0, 10048.2, 5208.11, 27709.9, 14212.6, 16, 1
1, 0, 291654, 6935270, 6916012, 27012, 7228617, 10250375940, 38065908024, 15, 96, 0, 10057.8, 5214.39, 27744.5, 14232.1, 16, 1
1, 0, 289583, 6898347, 6883038, 26572, 7197942, 10204399372, 38059219752, 6, 87, 0, 10043, 5210.06, 27704.7, 14220.6, 16, 1
1, 0, 290769, 6950590, 6922186, 27549, 7216614, 10270965471, 38152692318, 12, 147, 0, 10046.5, 5208.99, 27710.3, 14214.4, 16, 1
1, 0, 291007, 6943726, 6903199, 27004, 7246722, 10257518362, 38091127773, 24, 162, 0, 10049.2, 5209.44, 27717.6, 14219.1, 16, 1
1, 0, 300327, 7260802, 7194591, 51955, 7556880, 10698255911, 39365918037, 72, 468, 0, 10247.9, 4265.94, 27694.9, 11273.9, 17, 1
1, 0, 283874, 7358593, 7333224, 28192, 7638944, 10990264580, 40499781873, 24, 123, 0, 10049.3, 6339.49, 27706.4, 17350.4, 17, 1
1, 0, 300501, 7371912, 7337172, 29783, 7697603, 11036806304, 40541491653, 21, 177, 0, 10056.9, 6326.2, 27702.8, 17332.8, 17, 1
1, 0, 299813, 7365378, 7346140, 30904, 7711248, 11002019509, 40430682483, 36, 189, 0, 10056.4, 6325.84, 27696.4, 17331.2, 17, 1
1, 0, 278819, 7137555, 7121227, 27964, 7387689, 10421480469, 38890202736, 9, 129, 0, 10054, 6324.15, 27700.5, 17331.9, 17, 1
1, 0, 293229, 7373701, 7359278, 28506, 7679946, 11048216197, 40679778486, 27, 150, 0, 10059.8, 6331.03, 27709.9, 17352.1, 17, 1
1, 0, 293643, 7418191, 7371552, 28346, 7689506, 11018347916, 40492261218, 15, 132, 0, 10054.3, 6326.05, 27705, 17339.9, 17, 1
1, 0, 290540, 7373893, 7368349, 28373, 7639180, 10987422460, 40439284668, 27, 126, 0, 10055.8, 6324.77, 27702.1, 17336.7, 17, 1
1, 0, 295558, 7377203, 7326749, 29130, 7655077, 11003976306, 40446172161, 18, 171, 0, 10052.9, 6323.15, 27704.3, 17338.3, 17, 1
1, 0, 288814, 7375362, 7340243, 28496, 7655571, 10986288654, 40433029830, 24, 120, 0, 10048.7, 6325.52, 27690.1, 17344.3, 17, 1
1, 0, 293276, 7367839, 7354000, 28883, 7671771, 10966539388, 40435486971, 9, 132, 0, 10052.9, 6322.78, 27704, 17338.1, 17, 1
1, 0, 292969, 7381915, 7347193, 27584, 7652175, 11000711880, 40477678539, 24, 126, 0, 10063.9, 6332.25, 27729.2, 17363, 17, 1
1, 0, 290916, 7401890, 7358073, 28824, 7683250, 11004418694, 40458808557, 15, 138, 1, 10052.5, 6324.65, 27705.2, 17342.8, 17, 1
1, 0, 290965, 7320695, 7313065, 28291, 7601216, 10954421508, 40412515062, 27, 171, 0, 10050.4, 6289.6, 27695.2, 17243.2, 17, 1
1, 0, 286241, 7391519, 7352560, 28004, 7666987, 11002052604, 40469734590, 24, 90, 0, 10047.9, 6325.25, 27686.2, 17342.8, 17, 1
1, 0, 287688, 7365414, 7328502, 28908, 7664078, 11004180631, 40492394466, 15, 102, 0, 10053.1, 6324.88, 27700.9, 17342.9, 17, 1
1, 0, 293799, 7361034, 7283620, 51375, 7643817, 10657108525, 39628380735, 63, 279, 0, 10196.2, 5493.1, 27691.6, 14738.9, 18, 1
1, 0, 287362, 7978409, 7957652, 29903, 8322295, 11664697326, 42931612701, 24, 96, 0, 10072.4, 7270.4, 27716.4, 19950.7, 18, 1
1, 0, 304732, 8019018, 8015011, 32466, 8355566, 11619260592, 42802871544, 63, 279, 0, 10070.5, 7264.36, 27740.5, 19961, 18, 1
1, 0, 300899, 8054768, 8026287, 32315, 8325863, 11611201617, 42729269007, 33, 201, 1, 10061.9, 7255.35, 27712.9, 19934.4, 18, 1
1, 0, 300581, 8049571, 7999078, 32251, 8289677, 11586931454, 42677417808, 33, 177, 0, 10061.5, 7257.09, 27709, 19936.2, 18, 1
1, 0, 298182, 8039779, 7987585, 30753, 8277982, 11605569777, 42781168317, 24, 156, 0, 10061.1, 7258.84, 27710.2, 19943.4, 18, 1
1, 0, 295931, 7991266, 7952258, 30106, 8302092, 11636105668, 42931510506, 36, 150, 1, 10056.3, 7256.72, 27711.8, 19940.5, 18, 1
1, 0, 291434, 7981933, 7969345, 30373, 8337835, 11674095948, 42950093511, 39, 123, 0, 10056.5, 7260.51, 27713.8, 19951.6, 18, 1
1, 0, 296485, 7991917, 7965974, 29641, 8306504, 11625645332, 42850892319, 30, 111, 0, 10056.4, 7247.5, 27712.5, 19915.1, 18, 1
1, 0, 288961, 8030521, 8019652, 30292, 8315033, 11599333167, 42710450667, 27, 123, 0, 10066.4, 7262.6, 27738.9, 19955.4, 18, 1
1, 0, 296079, 8044018, 8002225, 30092, 8278227, 11569252514, 42672248586, 27, 159, 0, 10056.5, 7256.45, 27714.4, 19937.6, 18, 1
1, 0, 289945, 8032307, 7981684, 29806, 8285699, 11629264442, 42826577103, 27, 66, 0, 10056.1, 7260.1, 27711.7, 19947.6, 18, 1
1, 0, 288135, 7976538, 7940037, 29588, 8307239, 11630354599, 42912188814, 18, 78, 0, 10054.9, 7259.31, 27714.5, 19949.7, 18, 1
1, 0, 298722, 8001820, 7997292, 30941, 8322169, 11659595186, 42948735198, 15, 96, 0, 10054.9, 7257.73, 27711.1, 19943.5, 18, 1
1, 0, 290202, 8019777, 7996745, 29677, 8327115, 11650530966, 42905414445, 27, 144, 0, 10058.1, 7258.42, 27710.1, 19945.6, 18, 1
1, 0, 294125, 8033989, 8014842, 30498, 8321671, 11593696762, 42701104794, 39, 150, 0, 10084.3, 7294.07, 27744.1, 19949.9, 18, 1
1, 0, 320458, 6257587, 6147740, 98480, 6598416, 8682477969, 32130606354, 87, 960, 0, 9558.39, 2366.45, 25561.3, 6768.66, 19, 1
1, 0, 325381, 8218485, 8174010, 64355, 8594234, 11474662247, 42473481660, 117, 612, 0, 10246.4, 5927.22, 27668.9, 15953.4, 19, 1
1, 0, 297005, 8969788, 8932574, 31628, 9255874, 12118883718, 45305313984, 24, 141, 0, 10062.6, 7945.52, 27704.2, 21900.6, 19, 1
1, 0, 312207, 8988973, 8946889, 33180, 9324611, 12090765290, 45124620654, 42, 252, 0, 10093, 7946.83, 27721.2, 21905.7, 19, 1
1, 0, 310046, 8963569, 8952991, 32689, 9270091, 12030201795, 45047666052, 30, 132, 0, 10058.7, 7938.22, 27697.8, 21883.5, 19, 1
1, 0, 311038, 9042217, 8990981, 32785, 9258220, 12080248735, 45191062236, 63, 168, 2, 10099, 7935.16, 27693.8, 21880.3, 19, 1
1, 0, 305855, 8997457, 8938386, 33580, 9321477, 12089251037, 45216924429, 63, 123, 0, 10272.7, 7943.21, 27675.3, 21900.2, 19, 1
1, 0, 308945, 9071008, 9104789, 32754, 9478106, 12210746577, 45789609249, 51, 138, 0, 10121.3, 7937.73, 27697.4, 21889.9, 19, 1
1, 0, 308009, 9038352, 9001150, 32858, 9270114, 12033542386, 45091250208, 36, 189, 0, 10203.8, 7940.42, 27696.2, 21891.3, 19, 1
1, 0, 301995, 9039299, 8962706, 31384, 9311258, 12086068057, 45204320529, 96, 201, 0, 10268.6, 7940.35, 27699.2, 21900.8, 19, 1
1, 0, 303301, 8965179, 8945556, 32097, 9323890, 12069585095, 45248001477, 78, 189, 0, 10250.1, 7938.69, 27661.1, 21893.4, 19, 1
1, 0, 299510, 8938989, 8941020, 31294, 9269948, 12090436973, 45305697204, 66, 120, 0, 10187.2, 7939.19, 27685.4, 21898.7, 19, 1
1, 0, 304907, 8975553, 8925811, 32723, 9291380, 12121870575, 45264505875, 39, 132, 0, 10067.2, 7946.03, 27733, 21907.8, 19, 1
1, 0, 305189, 8958437, 8931454, 31814, 9273617, 12060867673, 45062238900, 42, 93, 0, 10049.3, 7939.39, 27687, 21894.8, 19, 1
1, 0, 303829, 8998843, 8972620, 31212, 9234280, 12017761218, 45059820378, 33, 108, 0, 10083.9, 7937.01, 27698.2, 21892.5, 19, 1
1, 0, 305367, 8983411, 8925049, 32194, 9230753, 12096534983, 45226052340, 30, 186, 0, 10054.8, 7937.35, 27700.5, 21889.3, 19, 1
1, 0, 302858, 8959146, 8904088, 32033, 9306847, 12100005495, 45248299989, 57, 135, 0, 10116.5, 7938, 27692.7, 21893.6, 19, 1
1, 0, 136114, 748698, 739152, 19940, 901794, 1851484018, 5244951456, 3, 123, 0, 2609.8, 41.115, 7086.93, 51.57, 2, 1
1, 0, 134857, 762636, 745471, 13628, 892378, 1819969155, 5249654238, 18, 114, 0, 2675.24, 42.64, 7264.09, 53.82, 2, 1
1, 0, 127979, 721682, 706990, 12926, 842347, 1724840650, 4958049480, 6, 141, 0, 2676.41, 40.19, 7276.81, 50.23, 2, 1
1, 0, 137053, 754047, 734808, 15855, 889523, 1830253621, 5256226677, 42, 141, 0, 2679.43, 41.08, 7279.64, 51.975, 2, 1
1, 0, 134251, 751325, 734586, 13079, 890820, 1846073651, 5303674941, 24, 9, 0, 2677.8, 40.815, 7277.89, 51.645, 2, 1
1, 0, 132863, 750925, 736522, 13555, 903165, 1843703005, 5310705090, 15, 21, 0, 2678.67, 40.355, 7281.96, 51.01, 2, 1
1, 0, 132321, 743513, 737656, 18741, 891983, 1841975694, 5295045198, 3, 45, 0, 2661.01, 40.71, 7232.76, 51.6, 2, 1
1, 0, 134053, 760642, 740591, 13771, 891372, 1821109266, 5204293590, 12, 57, 0, 2676.86, 40.565, 7275.71, 51.36, 2, 1
1, 0, 133460, 756906, 741425, 14355, 889949, 1837179923, 5270013888, 27, 147, 0, 2679.61, 40.275, 7267.55, 50.625, 2, 1
1, 0, 136762, 720335, 707295, 17848, 871972, 1794529898, 5220024870, 3, 207, 0, 2624.37, 41.08, 7127.77, 52.015, 2, 1
1, 0, 133159, 754320, 744667, 11611, 888244, 1835419546, 5223959814, 9, 60, 0, 2674.95, 40.31, 7272.08, 51.45, 2, 1
1, 0, 132716, 752246, 731888, 16290, 900621, 1850434006, 5306759310, 3, 120, 0, 2676.85, 40.57, 7276.23, 50.665, 2, 1
1, 0, 133730, 748838, 739274, 16967, 895387, 1844791151, 5232348537, 9, 99, 0, 2674.05, 40.385, 7271.6, 50.895, 2, 1
1, 0, 134283, 760570, 741222, 14179, 890803, 1818444815, 5254117686, 6, 39, 0, 2675.49, 40.835, 7275.76, 51.235, 2, 1
1, 0, 134807, 761176, 743967, 15707, 885518, 1838889509, 5219578401, 3, 108, 0, 2672.23, 40.295, 7266.62, 50.51, 2, 1
1, 0, 134736, 752861, 732197, 18247, 889357, 1823144269, 5265445704, 15, 126, 0, 2671.88, 40.285, 7266.69, 50.315, 2, 1
1, 0, 132285, 750836, 736293, 14399, 889580, 1841215483, 5259184905, 0, 117, 0, 2670.83, 40.01, 7262.7, 50.25, 2, 1
1, 0, 344511, 8083005, 8035052, 72246, 8410780, 11352280977, 41840414628, 150, 756, 0, 10226.8, 5142.35, 27664.8, 13847.4, 20, 1
1, 0, 299791, 9806228, 9718713, 49541, 10080894, 12479363422, 47563493973, 18, 141, 0, 10182, 8340.31, 27709.2, 23076.3, 20, 1
1, 0, 328090, 9764519, 9742862, 50962, 10132690, 12447108957, 47477309130, 108, 531, 0, 10115.2, 8480.58, 27700.9, 23428.5, 20, 1
1, 0, 312908, 9781772, 9749685, 33892, 10088120, 12443141664, 47545085769, 24, 207, 0, 10067, 8497.74, 27709.8, 23453.2, 20, 1
1, 0, 304760, 9777110, 9737236, 34575, 10066709, 12480476210, 47589236307, 27, 135, 0, 10067.9, 8499.26, 27712, 23453.4, 20, 1
1, 0, 306394, 9792401, 9745823, 33676, 10130462, 12471107497, 47579509017, 36, 144, 0, 10075.9, 8507.05, 27740.1, 23474.2, 20, 1
1, 0, 300788, 9756111, 9755325, 32767, 10078723, 12457663594, 47598164622, 27, 168, 0, 10065, 8502.66, 27715, 23453.3, 20, 1
1, 0, 298131, 9806546, 9765265, 32478, 10088637, 12477257267, 47574098964, 33, 156, 0, 10063.8, 8501.95, 27710.3, 23447.1, 20, 1
1, 0, 299489, 9780327, 9751347, 33792, 10089249, 12460674055, 47539750539, 36, 135, 0, 10065.2, 8503.72, 27715.3, 23454.5, 20, 1
1, 0, 299146, 9758237, 9739772, 32558, 10054017, 12441032123, 47531481369, 33, 138, 0, 10064.8, 8502.23, 27709.6, 23452.7, 20, 1
1, 0, 300414, 9771270, 9738062, 33516, 10070468, 12465470220, 47575494465, 24, 105, 0, 10062.8, 8502.62, 27705.5, 23449.9, 20, 1
1, 0, 294629, 9751844, 9725510, 31800, 10073107, 12469287575, 47634505176, 36, 147, 0, 10057.4, 8503.43, 27695.8, 23454.6, 20, 1
1, 0, 298863, 9774204, 9735340, 32411, 10088985, 12482920847, 47610809913, 30, 108, 0, 10065.7, 8503.52, 27715.8, 23451.1, 20, 1
1, 0, 295333, 9697593, 9697720, 31966, 10018874, 12370298816, 47242972263, 27, 144, 0, 10073.7, 8513.12, 27740.8, 23480.6, 20, 1
1, 0, 296232, 9803306, 9758645, 32178, 10060030, 12470001415, 47596742244, 33, 201, 0, 10064.4, 8503.65, 27714.8, 23451.9, 20, 1
1, 0, 298884, 9783946, 9734245, 32588, 10094288, 12452680489, 47512572948, 60, 132, 0, 10066.3, 8503.21, 27716.4, 23451.2, 20, 1
1, 0, 311636, 10300260, 10294009, 34799, 10631130, 12803028282, 49986869625, 45, 336, 0, 10077.4, 8972.51, 27710.2, 24802.1, 21, 1
1, 0, 304406, 10319636, 10273524, 35246, 10625898, 12809025215, 49944779649, 24, 204, 0, 10075.1, 8973.93, 27711, 24802, 21, 1
1, 0, 305393, 10306655, 10275802, 34951, 10602176, 12757441170, 49807471989, 36, 135, 0, 10080.8, 8983.34, 27739, 24833.1, 21, 1
1, 0, 305670, 10314460, 10270917, 34748, 10570326, 12755846034, 49887600774, 27, 216, 0, 10073.7, 8973.4, 27712.5, 24807.6, 21, 1
1, 0, 302480, 10305772, 10234781, 34065, 10593468, 12812425335, 50021357550, 30, 237, 0, 10070.6, 8974.49, 27711, 24811, 21, 1
1, 0, 298552, 10264326, 10236735, 32842, 10612833, 12798303567, 49971208272, 18, 144, 0, 10072, 8974.47, 27715.2, 24811.2, 21, 1
1, 0, 300676, 10280378, 10283295, 33759, 10600486, 12790400547, 49992262035, 15, 159, 0, 10076.8, 8974.24, 27708.9, 24809.2, 21, 1
1, 0, 299478, 10306231, 10252003, 32887, 10592057, 12816464772, 50009590500, 30, 165, 0, 10069.2, 8974.61, 27711.2, 24817, 21, 1
1, 0, 296024, 10290073, 10261254, 33144, 10603117, 12773033859, 49833350655, 30, 129, 0, 10069.9, 8972.52, 27716.6, 24813.2, 21, 1
1, 0, 301444, 10308424, 10276497, 34074, 10558364, 12744006407, 49873380285, 21, 135, 0, 10070.2, 8974.47, 27712, 24811.6, 21, 1
1, 0, 299640, 10312812, 10242261, 33376, 10568805, 12812796434, 50039792271, 21, 159, 0, 10078.4, 8982.62, 27742.3, 24837.7, 21, 1
1, 0, 296142, 10267131, 10219815, 32707, 10621479, 12808799952, 49970144598, 33, 156, 0, 10068.9, 8973.94, 27713.9, 24813, 21, 1
1, 0, 297940, 10257728, 10271703, 32899, 10577641, 12770307648, 49957061178, 30, 156, 0, 10066.1, 8972.44, 27710.1, 24813.1, 21, 1
1, 0, 130152, 1089695, 1081107, 17327, 1241686, 2701623992, 7356467439, 15, 18, 0, 3596.22, 41.26, 9700.76, 51.415, 3, 1
1, 0, 137694, 1092180, 1069846, 17772, 1238429, 2697310197, 7411432095, 0, 72, 0, 3970.67, 42.635, 10799.5, 52.71, 3, 1
1, 0, 142365, 1097148, 1081691, 17618, 1247532, 2688765781, 7342438179, 9, 117, 0, 3965.75, 42.525, 10786, 52.7, 3, 1
1, 0, 139285, 1103958, 1082937, 19635, 1228074, 2648908580, 7317497664, 0, 72, 0, 3971.76, 42.645, 10805.6, 52.73, 3, 1
1, 0, 141479, 1107790, 1080335, 14767, 1223839, 2673024147, 7315837404, 3, 30, 0, 3970.48, 42.62, 10796.7, 52.5, 3, 1
1, 0, 141023, 1092395, 1064947, 17884, 1242036, 2672703022, 7348572216, 6, 63, 0, 3968.05, 42.36, 10799.2, 52.31, 3, 1
1, 0, 138556, 1086588, 1072410, 21027, 1235236, 2699877577, 7417411758, 6, 36, 0, 3969.49, 42.48, 10798, 52.385, 3, 1
1, 0, 136653, 1096908, 1080443, 14004, 1241530, 2695442090, 7382589894, 12, 75, 0, 3972.2, 42.585, 10806.6, 52.45, 3, 1
1, 0, 137115, 1098011, 1086808, 19644, 1248040, 2678128615, 7324854945, 12, 135, 0, 3968.77, 42.45, 10793.9, 52.41, 3, 1
1, 0, 140390, 1105195, 1081839, 19608, 1227410, 2651664793, 7311412836, 9, 81, 0, 3966.29, 42.4, 10791.5, 52.38, 3, 1
1, 0, 138763, 1107522, 1076253, 14834, 1235176, 2676822957, 7335727362, 9, 60, 0, 3970.62, 42.52, 10802, 52.36, 3, 1
1, 0, 139460, 1083208, 1067574, 22482, 1236133, 2680763850, 7383404913, 3, 24, 0, 3971.03, 42.935, 10798.6, 52.825, 3, 1
1, 0, 136284, 1091644, 1071731, 19464, 1235328, 2697906302, 7408061820, 3, 30, 0, 3964.91, 42.315, 10787.7, 52.22, 3, 1
1, 0, 137417, 1090136, 1073541, 16838, 1249950, 2690457697, 7375813965, 27, 21, 0, 3965.86, 42.45, 10788.8, 52.325, 3, 1
1, 0, 137214, 1095883, 1077960, 21301, 1244785, 2661312051, 7317864150, 3, 153, 0, 3966.32, 42.48, 10790.9, 52.255, 3, 1
1, 0, 137996, 1098690, 1079592, 19872, 1217675, 2669309275, 7359508983, 0, 138, 0, 3971.82, 42.82, 10805.6, 52.83, 3, 1
1, 0, 141601, 1101577, 1080578, 13906, 1264680, 2764096921, 7571618034, 18, 78, 0, 3974.21, 42.685, 10810.6, 52.35, 3, 1
1, 0, 139037, 1097402, 1083199, 13492, 1239824, 2706510747, 7465443363, 9, 57, 0, 3981.74, 42.725, 10832, 52.685, 3, 1
1, 0, 148802, 1471498, 1472680, 8736, 1621061, 3512399248, 9557851434, 18, 60, 0, 5237.44, 45.245, 14258.9, 54.055, 4, 1
1, 0, 147529, 1482589, 1458172, 8558, 1622497, 3534400475, 9562638117, 3, 72, 0, 5229.85, 44.67, 14237.3, 53.805, 4, 1
1, 0, 147855, 1473169, 1461904, 8774, 1622398, 3484317407, 9452165571, 3, 12, 0, 5239.58, 44.39, 14268.3, 53.595, 4, 1
1, 0, 146901, 1482015, 1475728, 8038, 1605467, 3481578049, 9505253886, 3, 33, 0, 5236.84, 44.665, 14254.2, 54.19, 4, 1
1, 0, 147657, 1474328, 1449741, 8207, 1616382, 3536382991, 9577041465, 18, 51, 0, 5235.52, 44.545, 14260.2, 54.295, 4, 1
1, 0, 146491, 1454634, 1458346, 7839, 1623341, 3510553639, 9543797580, 9, 105, 0, 5232.51, 44.215, 14254.6, 53.665, 4, 1
1, 0, 148210, 1478147, 1475505, 8271, 1622175, 3515220578, 9558744795, 6, 84, 0, 5237.49, 44.2, 14264.2, 53.525, 4, 1
1, 0, 151694, 1486760, 1467166, 8086, 1630629, 3521900446, 9502061823, 12, 42, 0, 5230.49, 44.315, 14239.8, 53.925, 4, 1
1, 0, 149580, 1487085, 1480833, 8981, 1620352, 3465581500, 9459383904, 3, 33, 0, 5233.13, 44.505, 14252, 54.125, 4, 1
1, 0, 148929, 1482670, 1459815, 8157, 1607581, 3512251484, 9557595180, 9, 51, 0, 5233.91, 44.495, 14253.1, 53.8, 4, 1
1, 0, 146617, 1458867, 1445404, 7687, 1629081, 3530650429, 9587718252, 9, 63, 0, 5240.48, 44.665, 14266.9, 53.9, 4, 1
1, 0, 142315, 1454707, 1466784, 7823, 1630740, 3531260745, 9594687627, 9, 123, 0, 5234.65, 44.365, 14254.5, 53.62, 4, 1
1, 0, 147780, 1482580, 1476241, 7861, 1622784, 3532304344, 9540083520, 9, 87, 0, 5234.38, 44.555, 14254.7, 53.805, 4, 1
1, 0, 147554, 1483576, 1472427, 7943, 1620620, 3471499391, 9420088290, 9, 15, 0, 5234.99, 44.395, 14257.5, 53.555, 4, 1
1, 0, 147968, 1481588, 1473200, 8589, 1597664, 3464980550, 9474999087, 9, 48, 0, 5239.06, 44.5, 14268.1, 54.01, 4, 1
1, 0, 146746, 1475863, 1442679, 8159, 1607658, 3535302012, 9596601792, 3, 42, 0, 5235.33, 44.495, 14260, 53.725, 4, 1
1, 0, 144988, 1444964, 1447131, 7896, 1622840, 3530546027, 9590758647, 6, 15, 0, 5234.99, 44.375, 14259.1, 53.61, 4, 1
1, 0, 138221, 1887103, 1871598, 9594, 1996433, 4221585820, 11837693205, 6, 90, 0, 6392.19, 45.535, 17420.2, 54.435, 5, 1
1, 0, 146656, 1886481, 1858689, 9864, 2011661, 4281540335, 11923352880, 18, 102, 0, 6381.15, 45.655, 17394.7, 54.395, 5, 1
1, 0, 144637, 1849337, 1849081, 9700, 2027167, 4272118201, 11936886591, 24, 129, 0, 6383.13, 45.82, 17403.2, 54.65, 5, 1
1, 0, 143971, 1876096, 1872452, 9792, 2029602, 4296633520, 11985372024, 12, 51, 0, 6379.44, 45.71, 17398.2, 54.31, 5, 1
1, 0, 144516, 1875761, 1869248, 10130, 2026951, 4291620539, 11877976395, 9, 48, 0, 6378.86, 45.775, 17400.6, 54.475, 5, 1
1, 0, 143598, 1885970, 1877858, 10093, 2014967, 4201388375, 11790084027, 0, 45, 0, 6378.24, 45.585, 17403.9, 54.885, 5, 1
1, 0, 144413, 1888903, 1867535, 9968, 1995416, 4277377430, 11942536539, 15, 54, 0, 6385.99, 45.95, 17428.1, 54.755, 5, 1
1, 0, 143567, 1863085, 1835059, 9141, 2024765, 4286604484, 11942564454, 18, 99, 0, 6377.73, 45.455, 17405.3, 54.755, 5, 1
1, 0, 142491, 1860548, 1872420, 9456, 2018157, 4278663926, 11951730840, 9, 105, 0, 6380.83, 45.36, 17410.5, 54.57, 5, 1
1, 0, 143447, 1885464, 1871835, 9924, 2026754, 4301302315, 11937370080, 9, 48, 0, 6380.06, 45.615, 17408.2, 55.085, 5, 1
1, 0, 142589, 1876159, 1870000, 9900, 2028924, 4225418276, 11791903146, 9, 45, 0, 6377.84, 45.305, 17406, 54.6, 5, 1
1, 0, 141937, 1878720, 1868177, 10938, 1987309, 4245103873, 11894052069, 0, 12, 0, 6385.95, 45.365, 17426.6, 54.225, 5, 1
1, 0, 142589, 1877907, 1837439, 9594, 2021295, 4302949756, 11971465920, 21, 42, 0, 6379.24, 45.51, 17408.3, 54.21, 5, 1
1, 0, 143132, 1841739, 1861540, 9559, 2029677, 4276233635, 11938325589, 30, 60, 0, 6379.43, 45.395, 17405.6, 54.42, 5, 1
1, 0, 141205, 1887093, 1874134, 9740, 2021744, 4286871683, 11968519242, 12, 144, 0, 6379.45, 45.345, 17411.2, 54.405, 5, 1
1, 0, 143245, 1884561, 1863965, 9612, 2022997, 4282990489, 11835339930, 6, 93, 0, 6385.58, 44.845, 17429.7, 53.96, 5, 1
1, 0, 142670, 1870790, 1873708, 9693, 1993627, 4193754488, 11797245849, 6, 6, 0, 6379.52, 45.13, 17410.2, 54.345, 5, 1
1, 0, 151843, 2552852, 2547092, 11463, 2702298, 4814352364, 14149614297, 6, 33, 0, 7311.22, 46.15, 20046.6, 54.495, 6, 1
1, 0, 161684, 2565235, 2544847, 11728, 2670500, 4897966915, 14314826292, 3, 66, 0, 7303.56, 45.73, 20012.7, 54.36, 6, 1
1, 0, 157129, 2541633, 2504064, 11309, 2727032, 4929387677, 14351951169, 0, 120, 0, 7301.09, 45.83, 20010.4, 54.375, 6, 1
1, 0, 154159, 2526484, 2550276, 11249, 2735561, 4906677462, 14318875263, 54, 132, 0, 7304.49, 45.78, 20019, 54.935, 6, 1
1, 0, 152566, 2575014, 2570107, 11293, 2714513, 4914092766, 14326441713, 0, 60, 0, 7303.38, 45.355, 20016.4, 54.34, 6, 1
1, 0, 152946, 2543247, 2508599, 11170, 2684135, 4874641308, 14184470826, 15, 45, 0, 7288.43, 45.33, 19979.4, 54.075, 6, 1
1, 0, 153600, 2556633, 2551864, 12055, 2683364, 4828817439, 14186936718, 3, 24, 0, 7297.41, 45.4, 20003.2, 54.335, 6, 1
1, 0, 155834, 2561523, 2539607, 11076, 2678208, 4908888986, 14351089443, 6, 63, 0, 7302.1, 45.395, 20016.7, 54.35, 6, 1
1, 0, 151147, 2512487, 2485713, 11146, 2699434, 4925896982, 14357836809, 33, 156, 0, 7578.05, 101.13, 19981.2, 71.615, 6, 1
1, 0, 153267, 2539068, 2554222, 11310, 2728976, 4902550651, 14325471633, 9, 132, 0, 7313.88, 47.09, 20044.1, 55.345, 6, 1
1, 0, 150287, 2562524, 2552390, 11687, 2692653, 4902213757, 14307126846, 27, 81, 0, 7377.09, 59.08, 20017.7, 70.43, 6, 1
1, 0, 153192, 2518959, 2492731, 11346, 2652127, 4829300704, 14155811610, 42, 63, 0, 7506.14, 61.785, 19891.4, 65.665, 6, 1
1, 0, 155470, 2542561, 2546630, 11777, 2672670, 4843859822, 14219841432, 9, 39, 0, 7395.76, 53.58, 20017, 61.23, 6, 1
1, 0, 152233, 2564786, 2529635, 11280, 2698453, 4932817461, 14384440281, 0, 45, 0, 7300.39, 45.445, 20024.3, 54.485, 6, 1
1, 0, 151290, 2523864, 2512927, 11054, 2725587, 4926897549, 14344577793, 6, 84, 0, 7316.09, 46.17, 20045.6, 55.17, 6, 1
1, 0, 151722, 2533708, 2544366, 11301, 2697550, 4895307207, 14326390848, 3, 135, 0, 7320.15, 50.145, 19988, 56.63, 6, 1
1, 0, 172332, 3509955, 3499679, 12092, 3630025, 5359083825, 16649522619, 9, 141, 0, 8006.37, 47.29, 21962.2, 54.87, 7, 1
1, 0, 167594, 3448171, 3408665, 12446, 3614545, 5358483338, 16667581449, 3, 102, 0, 7972.22, 45.095, 21901.2, 54.02, 7, 1
1, 0, 162562, 3472733, 3480711, 12088, 3663669, 5360882918, 16671138642, 3, 54, 0, 7995.48, 45.615, 21963.7, 54.63, 7, 1
1, 0, 162155, 3508992, 3489566, 13391, 3673377, 5380040677, 16727439231, 3, 57, 0, 7994.27, 45.645, 21965.1, 54.845, 7, 1
1, 0, 161843, 3508810, 3496139, 13108, 3676574, 5390759267, 16664579721, 3, 66, 0, 8001.76, 45.645, 21988.3, 54.685, 7, 1
1, 0, 160601, 3500938, 3494934, 12046, 3672307, 5326024136, 16599838542, 0, 69, 0, 7994.35, 45.465, 21969.3, 54.745, 7, 1
1, 0, 161057, 3509879, 3508916, 12051, 3634036, 5355499824, 16636169847, 0, 123, 0, 7993.52, 45.985, 21965.2, 54.99, 7, 1
1, 0, 159915, 3508971, 3469370, 11935, 3660813, 5363215951, 16677662952, 9, 108, 0, 7995.34, 45.5, 21971.7, 54.71, 7, 1
1, 0, 160784, 3479322, 3483505, 12002, 3673710, 5373005653, 16695037326, 6, 39, 0, 8001.9, 45.35, 21988.4, 54.375, 7, 1
1, 0, 160342, 3508258, 3493672, 13038, 3670180, 5380123495, 16729417362, 6, 45, 0, 7994.68, 45.45, 21969.2, 54.545, 7, 1
1, 0, 162700, 3503857, 3500001, 12616, 3673233, 5388555573, 16661648487, 0, 60, 0, 7994.43, 45.165, 21971.3, 54.445, 7, 1
1, 0, 161037, 3503353, 3484670, 11735, 3653283, 5324286878, 16585810047, 6, 45, 0, 7990.31, 45.255, 21957.4, 54.665, 7, 1
1, 0, 160683, 3521139, 3514822, 12293, 3629556, 5347777240, 16626024882, 0, 123, 0, 7996.02, 45.265, 21972.4, 54.47, 7, 1
1, 0, 160407, 3514184, 3464573, 12363, 3649421, 5365912545, 16695816951, 0, 126, 0, 8004.57, 45.22, 21992.9, 54.38, 7, 1
1, 0, 162811, 3462518, 3477474, 12246, 3676138, 5380960009, 16711600491, 12, 45, 0, 7994.59, 45.5, 21968.6, 54.82, 7, 1
1, 0, 160088, 3499777, 3497773, 12505, 3671150, 5379071445, 16727325801, 6, 51, 0, 7996.18, 45.41, 21973.2, 54.535, 7, 1
1, 0, 161447, 4332299, 4314436, 12968, 4408444, 5704960932, 19007945976, 3, 66, 0, 8545.38, 46.11, 23489.4, 54.595, 8, 1
1, 0, 173569, 4355618, 4291668, 14598, 4524125, 5705471754, 19056386004, 24, 66, 0, 8936.94, 196.96, 23688.1, 133.655, 8, 1
1, 0, 169938, 4300499, 4316486, 13338, 4521119, 5751157215, 19087236921, 15, 132, 0, 8557.97, 47.01, 23520.3, 57.345, 8, 1
1, 0, 166912, 4341983, 4334731, 13457, 4513613, 5754618955, 19106703663, 6, 144, 0, 8549.42, 45.535, 23525.5, 54.6, 8, 1
1, 0, 165739, 4354139, 4345627, 13209, 4528169, 5762341822, 19020942729, 6, 39, 0, 8553.66, 46.14, 23527.7, 54.725, 8, 1
1, 0, 164810, 4355298, 4342693, 13500, 4515692, 5684022131, 18933617595, 3, 48, 0, 8555.43, 45.405, 23527, 54.265, 8, 1
1, 0, 162772, 4356433, 4349297, 13230, 4455684, 5723943719, 19015301907, 9, 60, 0, 8574.39, 46.635, 23550.9, 55.685, 8, 1
1, 0, 166458, 4340297, 4291016, 12920, 4500793, 5743856497, 19084333467, 12, 57, 0, 8551.52, 45.75, 23528.5, 54.68, 8, 1
1, 0, 160722, 4302234, 4318365, 12541, 4518203, 5756087938, 19107286851, 3, 120, 0, 8547.76, 45.665, 23534.3, 54.52, 8, 1
1, 0, 153716, 4047977, 4044742, 12164, 4209383, 5372361342, 17818282011, 51, 147, 0, 8548.34, 45.42, 23525.5, 54.165, 8, 1
1, 0, 163601, 4365924, 4335957, 13667, 4519774, 5738521564, 18993729234, 0, 42, 0, 8552.06, 45.955, 23532.9, 54.945, 8, 1
1, 0, 162373, 4335871, 4357136, 13825, 4482466, 5701120258, 18984753846, 0, 12, 0, 8557.2, 45.845, 23552.1, 54.935, 8, 1
1, 0, 167299, 4358263, 4318764, 13325, 4490154, 5753763882, 19105067019, 9, 51, 0, 8548.24, 45.63, 23526.9, 54.885, 8, 1
1, 0, 163035, 4328476, 4306786, 12991, 4526650, 5754159144, 19045004499, 12, 39, 0, 8548.76, 45.725, 23529.9, 55.13, 8, 1
1, 0, 160284, 4336546, 4344495, 12915, 4502006, 5718240571, 19043209323, 6, 90, 0, 8548.95, 45.785, 23529.8, 55.11, 8, 1
1, 0, 166337, 4357622, 4347054, 13168, 4496560, 5762676070, 19109717016, 9, 165, 0, 8549.99, 45.75, 23528.2, 55.25, 8, 1
1, 0, 163185, 4303809, 4271094, 12850, 4478556, 5723962330, 18995726391, 6, 99, 0, 8556.99, 45.72, 23551.4, 55.12, 8, 1
1, 0, 171536, 4880092, 4830801, 15102, 5045189, 6096305493, 21549518601, 12, 57, 0, 9034.49, 46.16, 24890.4, 54.52, 9, 1
1, 0, 168552, 4826137, 4825165, 14174, 5040517, 6081594571, 21485540361, 12, 66, 0, 9041.01, 47.18, 24849.4, 62.12, 9, 1
1, 0, 170463, 4954120, 4958060, 13698, 5074022, 6079022567, 21536875143, 15, 51, 0, 9024.8, 45.815, 24860.2, 54.6, 9, 1
1, 0, 165923, 4885449, 4841909, 13992, 5033868, 6080795149, 21462880254, 15, 183, 0, 9024.12, 45.44, 24870.7, 54.065, 9, 1
1, 0, 161783, 4856615, 4857762, 13374, 5044644, 6053532264, 21408665721, 18, 150, 0, 9024.06, 46.145, 24869.3, 54.42, 9, 1
1, 0, 164352, 4881763, 4874178, 14027, 5026699, 6056419091, 21452491791, 9, 36, 0, 9033.08, 45.785, 24896.1, 54.23, 9, 1
1, 0, 165596, 4889938, 4869067, 14410, 5029747, 6080289017, 21428351670, 15, 72, 0, 9029.53, 46.67, 24870.3, 55.01, 9, 1
1, 0, 162243, 4859324, 4852272, 14142, 5039320, 6033069685, 21361014753, 12, 36, 0, 9030.3, 46.495, 24870.7, 54.745, 9, 1
1, 0, 164437, 4873824, 4871137, 13896, 5006772, 6048440459, 21431096721, 3, 39, 0, 9024.08, 45.585, 24868.7, 53.885, 9, 1
1, 0, 161688, 4898758, 4849597, 13804, 5042849, 6079182471, 21474517920, 3, 171, 0, 9031.26, 45.62, 24893.8, 53.955, 9, 1
1, 0, 162008, 4870844, 4873675, 13807, 5088383, 6125025185, 21667262310, 3, 120, 0, 9022.49, 45.94, 24868.7, 54.76, 9, 1
1, 0, 163891, 4876823, 4897750, 14310, 5058946, 6060268599, 21435167340, 9, 45, 0, 9022.08, 45.905, 24863.6, 54.485, 9, 1
1, 0, 161341, 4905851, 4881070, 14452, 5033844, 6059265997, 21377374011, 6, 66, 0, 9021.45, 46.045, 24867.2, 54.57, 9, 1
1, 0, 162471, 4895639, 4865127, 14220, 5037661, 6017590932, 21295918236, 6, 57, 0, 9020.85, 45.68, 24867.1, 54.675, 9, 1
1, 0, 164090, 4873329, 4874510, 14172, 4986828, 6031185205, 21405686565, 9, 54, 0, 9038.33, 46.225, 24894.3, 55.035, 9, 1
1, 0, 158276, 4740421, 4697603, 13513, 4902087, 5926101024, 20942557338, 12, 105, 0, 9021.15, 45.985, 24863.4, 54.645, 9, 1
0, 1, 478798, 3503928, 3413025, 83584, 3989276, 8596036523, 24899720979, 21, 186, 0, 10916.1, 9706.64, 13028.7, 11101.6, 10, 1
0, 1, 492241, 3545060, 3473833, 71797, 4077575, 8724301246, 25333340268, 63, 354, 0, 10888.4, 10713.3, 13016.5, 12878, 10, 1
0, 1, 488873, 3529959, 3495224, 62935, 4063315, 8755715019, 25315744458, 27, 123, 0, 10735.6, 10773, 13016.7, 12944.2, 10, 1
0, 1, 467089, 3418040, 3357755, 49351, 3865162, 8370649132, 24309156636, 21, 189, 0, 10718.4, 10789.5, 12968, 12962.1, 10, 1
0, 1, 480319, 3545484, 3482262, 51560, 4012314, 8721458061, 25291766835, 12, 108, 0, 10745.6, 10791.6, 13036.5, 12962.5, 10, 1
0, 1, 487523, 3540087, 3474978, 53833, 4022775, 8712513278, 25247583273, 9, 105, 0, 10732.6, 10782.4, 13025.8, 12953.1, 10, 1
0, 1, 475314, 3523477, 3480415, 55974, 4018316, 8736937217, 25348264716, 18, 147, 0, 10746, 10793.1, 13042, 12964.5, 10, 1
0, 1, 481685, 3562832, 3505644, 56550, 4029535, 8768286197, 25376292210, 12, 180, 0, 10757.9, 10794.2, 13047.6, 12970.5, 10, 1
0, 1, 468662, 3542500, 3480701, 47000, 4023801, 8712486885, 25114810377, 33, 201, 0, 11168.2, 11082.9, 13406.3, 13027.8, 10, 1
0, 1, 478143, 3525564, 3485166, 49792, 4027288, 8746257186, 25344351189, 9, 69, 0, 10837.9, 10784.8, 13085.3, 12961, 10, 1
0, 1, 479627, 3536896, 3481469, 49119, 4039464, 8759054151, 25335826680, 21, 102, 0, 10752.2, 10783.2, 13040.8, 12953.5, 10, 1
0, 1, 481662, 3541375, 3490409, 61836, 4038527, 8718193269, 25240001673, 39, 147, 0, 10756.9, 10792.8, 13049.7, 12967.5, 10, 1
0, 1, 478714, 3549506, 3488547, 57005, 4007885, 8696545141, 25263968313, 27, 90, 0, 10751.8, 10785.4, 13035.8, 12958.5, 10, 1
0, 1, 480232, 3546370, 3475005, 52924, 4012543, 8742556219, 25338331221, 21, 102, 0, 10755, 10793.8, 13050, 12967.6, 10, 1
0, 1, 478801, 3519844, 3463095, 53962, 4025666, 8729993350, 25351136403, 9, 42, 0, 10746.9, 10783.9, 13037.3, 12954.3, 10, 1
0, 1, 476925, 3460022, 3416831, 53623, 3966446, 8609791367, 25105575627, 6, 120, 0, 10765.8, 10740.4, 13045.2, 12820.8, 10, 1
0, 1, 493471, 2559610, 2485646, 74119, 3088849, 6281675240, 17950750821, 18, 147, 0, 7977.89, 4324.97, 6902.49, 7586.97, 11, 1
0, 1, 510948, 3761561, 3645925, 121583, 4296434, 9181242117, 26500164918, 33, 123, 0, 11887.6, 9627.72, 12241, 11164.6, 11, 1
0, 1, 551851, 3846565, 3762799, 92353, 4416634, 9413894549, 27201696123, 375, 1203, 2, 14203, 10639.5, 13958.6, 12901, 11, 1
0, 1, 521781, 3801005, 3741005, 60188, 4328229, 9431436285, 27283239822, 45, 168, 0, 14110.8, 10725.3, 14053.9, 12998.2, 11, 1
0, 1, 523835, 3791131, 3728901, 55645, 4294106, 9448731981, 27372272223, 18, 159, 0, 14116.2, 10717.3, 14065.8, 13001.5, 11, 1
0, 1, 522537, 3786427, 3712967, 53251, 4303916, 9497962879, 27447472014, 12, 114, 0, 14104.2, 10721.4, 14059.5, 12993.9, 11, 1
0, 1, 510435, 3756953, 3718895, 55532, 4302337, 9479426563, 27451059114, 21, 78, 0, 14123.5, 10737, 14074.2, 13013.1, 11, 1
0, 1, 499553, 3698552, 3644564, 53813, 4210122, 9282832689, 26870275788, 18, 138, 0, 14120.9, 10736.3, 14073.7, 13011.4, 11, 1
0, 1, 520170, 3745610, 3699435, 55354, 4287238, 9458601799, 27292538394, 15, 84, 0, 14120.1, 10719.8, 14069.6, 12997.9, 11, 1
0, 1, 512993, 3776322, 3728946, 52972, 4307065, 9395058738, 27236482464, 21, 165, 0, 14036.5, 10727.3, 13797.8, 13008.6, 11, 1
0, 1, 512057, 3785836, 3723274, 55500, 4267340, 9479844952, 27456157731, 27, 87, 0, 14124.2, 10730.1, 14037.2, 13008.2, 11, 1
0, 1, 514522, 3785209, 3700205, 53171, 4315527, 9518553296, 27429160116, 9, 132, 0, 14123.7, 10727.1, 14076.6, 13004.8, 11, 1
0, 1, 508812, 3749665, 3723638, 56183, 4317621, 9460962974, 27402516720, 6, 39, 0, 14116.9, 10721.2, 14068, 12997.8, 11, 1
0, 1, 510175, 3784888, 3735805, 59160, 4296156, 9500310190, 27462910683, 21, 99, 0, 14131.7, 10733.7, 14082.6, 13010.4, 11, 1
0, 1, 516606, 3770257, 3696999, 49552, 4283380, 9462653958, 27330016593, 21, 126, 0, 13990.4, 10735.3, 14036.6, 13013.4, 11, 1
0, 1, 510688, 3769019, 3730583, 51518, 4292659, 9397666160, 27198171405, 15, 63, 0, 14146.7, 10725.3, 14072.1, 13002.9, 11, 1
0, 1, 519026, 3791745, 3744729, 51927, 4278982, 9501346633, 27521633052, 24, 144, 0, 14138.6, 10736.1, 14095.1, 13015, 11, 1
0, 1, 489419, 4107152, 3952866, 143346, 4584290, 9874927713, 28372414611, 102, 603, 0, 14020.7, 10873.8, 12880.9, 12861, 12, 1
0, 1, 506668, 4188868, 4097260, 90587, 4699458, 10143149191, 29182501941, 882, 2655, 0, 14283.1, 13944.1, 13982.9, 13959.8, 12, 1
0, 1, 482045, 4128604, 4039653, 90528, 4622937, 10131896492, 29323344321, 39, 144, 0, 13929.5, 14033.2, 14000.7, 14058.9, 12, 1
0, 1, 496691, 4167868, 4071464, 94548, 4699545, 10181076615, 29267886165, 63, 255, 2, 13672.5, 13992.9, 13776.3, 14023.5, 12, 1
0, 1, 494264, 4157720, 4072247, 78520, 4690739, 10145177554, 29254581522, 18, 150, 0, 13859.8, 14008.8, 13945.2, 14056, 12, 1
0, 1, 490613, 4157300, 4083904, 85444, 4668057, 10179047100, 29301915168, 39, 98, 0, 13845.3, 14017.9, 13971.9, 14059.8, 12, 1
0, 1, 485778, 4154584, 4060802, 76275, 4666945, 10188238839, 29325939423, 30, 84, 0, 13783, 14004.3, 13941.5, 14051.7, 12, 1
0, 1, 483487, 4127100, 4084073, 57581, 4617959, 10190377189, 29405539461, 27, 117, 0, 14137.5, 14026.3, 14053.3, 14062.7, 12, 1
0, 1, 481409, 4191268, 4103484, 70893, 4643604, 10243985886, 29549377374, 30, 138, 0, 14106.3, 14022.2, 14060.9, 14048.6, 12, 1
0, 1, 484735, 4145055, 4049705, 88061, 4684506, 10209813092, 29315674458, 72, 174, 0, 13786.2, 14024.4, 13949.3, 14023.5, 12, 1
0, 1, 473233, 4127303, 4069316, 72900, 4660764, 10184651697, 29365318752, 9, 81, 0, 13896.2, 14019.6, 13988.6, 14041.9, 12, 1
0, 1, 474742, 4155032, 4099911, 76384, 4653800, 10212676200, 29369630898, 33, 153, 0, 13886, 14040.6, 13985, 14060.8, 12, 1
0, 1, 484574, 4147958, 4057106, 89816, 4651360, 10125337928, 29135139852, 27, 153, 0, 13756.3, 14030.3, 13952.5, 14061.5, 12, 1
0, 1, 481725, 4141801, 4079363, 69628, 4614912, 10102696829, 29197373988, 30, 72, 0, 13852.4, 14017.9, 13850, 14051.1, 12, 1
0, 1, 476238, 4147115, 4073718, 55145, 4600597, 10258690412, 29584749957, 21, 123, 0, 14039.8, 14037.4, 14046.8, 14064.7, 12, 1
0, 1, 485833, 4123117, 4075937, 55314, 4638122, 10278792598, 29571664818, 24, 207, 0, 14101.5, 14028.1, 14068.7, 14053, 12, 1
0, 1, 524774, 4560570, 4451036, 94299, 5071190, 10905962434, 31534811739, 1152, 1040, 0, 15170.4, 13920.5, 17079.1, 13911.4, 13, 1
0, 1, 475891, 4469561, 4410571, 50576, 4943337, 10889830090, 31563356190, 39, 117, 0, 14988.6, 14054.5, 17079.8, 14002.9, 13, 1
0, 1, 489800, 4517979, 4468067, 48694, 4986922, 10911939580, 31617009285, 27, 324, 2, 14999.4, 14045.8, 17196.6, 13992.2, 13, 1
0, 1, 477651, 4468774, 4404394, 47334, 4939619, 10852170073, 31358327619, 30, 108, 0, 14997.5, 14043.8, 17188.6, 13988.2, 13, 1
0, 1, 482153, 4482952, 4434312, 50417, 5005621, 10962291223, 31679290029, 27, 129, 1, 14996.8, 14034.6, 17174.8, 13975.9, 13, 1
0, 1, 474701, 4452499, 4407715, 50823, 4939324, 10847481683, 31366392426, 18, 102, 0, 14997.5, 14055.2, 17201.9, 13997.9, 13, 1
0, 1, 463159, 4390738, 4327888, 48827, 4849910, 10682083287, 30846513039, 24, 96, 0, 14986.2, 14038, 17185.6, 13981.5, 13, 1
0, 1, 478991, 4500604, 4475412, 46648, 5018164, 10977794287, 31636887354, 30, 114, 0, 15007.3, 14054.6, 17205.4, 13994.6, 13, 1
0, 1, 481827, 4502322, 4452010, 47936, 4955774, 10872985567, 31543045758, 18, 120, 1, 15005.2, 14055.7, 17203.6, 13996.8, 13, 1
0, 1, 478033, 4529097, 4466841, 48708, 4973886, 10909596404, 31471258974, 24, 111, 0, 14960.1, 14049.5, 17070.9, 13991.4, 13, 1
0, 1, 477900, 4497617, 4439600, 52271, 4952071, 10908273804, 31605503259, 18, 96, 0, 15005.1, 14059.5, 17203, 14001.8, 13, 1
0, 1, 474927, 4484294, 4425533, 49261, 4969579, 10984739286, 31786707003, 24, 96, 0, 15007.9, 14058.2, 17210.1, 13999.2, 13, 1
0, 1, 474287, 4470172, 4445284, 47283, 5015410, 11014645710, 31758859368, 15, 186, 0, 14992, 14046.9, 17189.5, 13986.8, 13, 1
0, 1, 473135, 4496022, 4462891, 47486, 5006295, 10961873323, 31639492665, 15, 123, 0, 15010.3, 14062.2, 17212.2, 14005.6, 13, 1
0, 1, 482974, 4715325, 4694217, 44762, 5233002, 11364671236, 32907439485, 27, 198, 0, 15014.7, 14939, 17182.1, 17153.4, 14, 1
0, 1, 495355, 4821904, 4788235, 45137, 5312137, 11634953982, 33806918802, 21, 147, 0, 15020.9, 14942, 17191.1, 17161, 14, 1
0, 1, 492371, 4826605, 4766872, 47052, 5341681, 11710419699, 33885905739, 51, 141, 0, 14996.1, 14929.2, 17162.1, 17144.6, 14, 1
0, 1, 493264, 4816745, 4786844, 48195, 5343266, 11653955017, 33732949857, 36, 174, 0, 15020.9, 14948.7, 17198.1, 17167.5, 14, 1
0, 1, 483464, 4759560, 4721421, 45398, 5235398, 11436582851, 33156444294, 18, 108, 0, 15017.5, 14947.6, 17200.2, 17167.1, 14, 1
0, 1, 481794, 4762097, 4704276, 43586, 5220914, 11463861203, 33147580512, 36, 149, 2, 15000.8, 14932.8, 17182.6, 17149.9, 14, 1
0, 1, 487614, 4826556, 4772891, 44293, 5311100, 11593420771, 33675143250, 18, 69, 0, 15019.7, 14953.2, 17204.4, 17169.6, 14, 1
0, 1, 489747, 4827058, 4792606, 46391, 5305691, 11654692734, 33800269698, 24, 129, 0, 15021, 14959.4, 17203.3, 17170.6, 14, 1
0, 1, 485348, 4825859, 4763163, 49606, 5340209, 11712207720, 33905563875, 15, 75, 0, 15007.6, 14936.6, 17186.5, 17153.9, 14, 1
0, 1, 488871, 4805673, 4779211, 43988, 5340052, 11668859803, 33800031543, 33, 123, 0, 15025.2, 14948.1, 17204.2, 17167.6, 14, 1
0, 1, 491636, 4833411, 4801875, 43804, 5327520, 11645867231, 33782368800, 45, 84, 0, 15022.4, 14947.1, 17204.2, 17166.1, 14, 1
0, 1, 489433, 4805485, 4754781, 45618, 5293568, 11635369221, 33736491798, 48, 48, 0, 15009.5, 14940.2, 17186.3, 17150.5, 14, 1
0, 1, 492883, 4825166, 4777843, 47992, 5325089, 11599136211, 33632461449, 27, 102, 0, 15024.3, 14922, 17204.3, 17047.6, 14, 1
0, 1, 487920, 4830116, 4789466, 47956, 5303576, 11691507610, 33934658478, 18, 48, 0, 15020.5, 14957.5, 17202.9, 17166.3, 14, 1
0, 1, 571943, 4375581, 4193342, 164477, 4921018, 10188931914, 29230969728, 876, 1710, 0, 13828.4, 9698.55, 13735.3, 10965.6, 15, 1
0, 1, 493597, 5171551, 5101104, 42790, 5668247, 12298766506, 35945848155, 15, 90, 0, 17925.6, 14664, 17693.4, 16351.7, 15, 1
0, 1, 491348, 5151234, 5121811, 41883, 5680232, 12284104342, 35909111889, 39, 153, 0, 17978.1, 14919.6, 17929.8, 17172.2, 15, 1
0, 1, 512365, 5192554, 5146777, 43859, 5697746, 12271396561, 35886625263, 48, 249, 0, 17959, 14911.8, 17899, 17152.5, 15, 1
0, 1, 503325, 5186928, 5135096, 44480, 5680147, 12301623291, 35890369680, 33, 204, 0, 17941.8, 14902, 17891.6, 17145.2, 15, 1
0, 1, 497105, 5171663, 5128947, 39548, 5656790, 12229514864, 35816936271, 27, 132, 0, 17930.8, 14919.5, 17908.6, 17163, 15, 1
0, 1, 497542, 5157783, 5124283, 40419, 5643816, 12278938385, 35913225324, 24, 120, 0, 17947.6, 14908.5, 17900.6, 17148.7, 15, 1
0, 1, 495636, 5173760, 5109599, 39598, 5690288, 12310723501, 35957031966, 24, 132, 0, 17964.5, 14923.3, 17916.6, 17166.9, 15, 1
0, 1, 492531, 5142340, 5111371, 43146, 5667614, 12274542177, 35902240842, 9, 60, 0, 17966.2, 14928, 17922.6, 17171.8, 15, 1
0, 1, 491895, 5209609, 5147694, 41020, 5663446, 12327697047, 36061225188, 12, 135, 0, 17955.2, 14911.9, 17904.4, 17153.1, 15, 1
0, 1, 493239, 5180651, 5128809, 40422, 5688418, 12358758909, 36065329152, 51, 189, 0, 17967.7, 14930.8, 17924.4, 17172.3, 15, 1
0, 1, 489491, 5171150, 5150327, 38637, 5687222, 12274310283, 35827164060, 51, 81, 0, 17970.9, 14925.5, 17923.3, 17170.9, 15, 1
0, 1, 495082, 5190028, 5150365, 40853, 5669234, 12242804970, 35822767992, 24, 180, 1, 17969, 14928.4, 17921.6, 17172, 15, 1
0, 1, 490742, 5194679, 5130264, 43042, 5656891, 12281033205, 35831508732, 21, 90, 0, 17960.8, 14919.6, 17911.7, 17160.5, 15, 1
0, 1, 491443, 5162861, 5109759, 39441, 5642587, 12243443127, 35901862050, 21, 48, 0, 17972.8, 14925.7, 17923.9, 17172.6, 15, 1
0, 1, 491146, 5157026, 5125456, 39163, 5671419, 12334203881, 36054280428, 27, 114, 0, 17954.6, 14914.4, 17907.2, 17156.2, 15, 1
0, 1, 542521, 4688577, 4506493, 173554, 5232494, 10916374702, 31555394115, 1047, 1611, 0, 13129.8, 11770.5, 15583, 14431.2, 16, 1
0, 1, 542143, 5510839, 5450843, 71139, 6049578, 12845160981, 37762918929, 546, 1218, 0, 17293.5, 16410.5, 17672.1, 17443.8, 16, 1
0, 1, 489804, 5271557, 5229794, 34624, 5806759, 12475924831, 36731822454, 54, 84, 0, 18016.8, 17935.5, 17965.9, 17949.7, 16, 1
0, 1, 540699, 5544704, 5523899, 39690, 6052675, 12906285731, 38100327348, 45, 333, 0, 18023.3, 17923.1, 17966.5, 17940.8, 16, 1
0, 1, 526250, 5526809, 5469328, 37424, 6000104, 12889215534, 38057246046, 30, 186, 0, 18007.9, 17912.5, 17952.6, 17924.7, 16, 1
0, 1, 523208, 5501725, 5454729, 36437, 6009437, 12899679843, 38064889680, 18, 150, 0, 18027.9, 17935.1, 17976.1, 17954.8, 16, 1
0, 1, 521247, 5477199, 5447571, 37499, 6002772, 12895000815, 38145139635, 39, 144, 0, 18027.5, 17937.9, 17975.5, 17957.2, 16, 1
0, 1, 517150, 5492414, 5461922, 36264, 6014669, 12962121652, 38222478492, 33, 138, 0, 18010.6, 17919.1, 17960.1, 17935, 16, 1
0, 1, 518292, 5485015, 5449546, 36780, 6029795, 12941099511, 38125305891, 18, 171, 0, 18029.4, 17944.9, 17980.6, 17962.7, 16, 1
0, 1, 515676, 5501913, 5466838, 36815, 6030551, 12894155056, 38078647218, 15, 66, 0, 18030.9, 17945.2, 17980, 17963.2, 16, 1
0, 1, 513665, 5519278, 5471886, 37146, 5987360, 12893372638, 38068973892, 15, 96, 0, 18009.7, 17921.7, 17961.4, 17942.4, 16, 1
0, 1, 515764, 5515110, 5454707, 36091, 5991589, 12901824229, 38065094364, 24, 99, 0, 18025.3, 17944.9, 17978.7, 17961.6, 16, 1
0, 1, 511501, 5471620, 5440478, 36545, 5987526, 12906969902, 38154207618, 27, 129, 0, 18025, 17940.7, 17977.1, 17963, 16, 1
0, 1, 511823, 5478743, 5444068, 35764, 6010499, 12954440717, 38210604501, 27, 114, 0, 18009.1, 17925.9, 17961, 17944.7, 16, 1
0, 1, 516073, 5497804, 5457919, 36384, 6030927, 12941165173, 38173680006, 30, 90, 0, 18027.8, 17945.6, 17980.1, 17963.3, 16, 1
0, 1, 510952, 5495086, 5476199, 35574, 6010190, 12919080837, 38098893735, 30, 42, 0, 18026, 17942.6, 17977.6, 17961.8, 16, 1
0, 1, 519960, 4701173, 4516968, 184330, 5204547, 10537519168, 30575622063, 1176, 1776, 0, 14552.4, 10450.5, 14214.6, 11417.3, 17, 1
0, 1, 506408, 6022617, 5963116, 55561, 6496688, 13219690329, 40043653368, 147, 300, 0, 18206.6, 16699, 19981.1, 17057.6, 17, 1
0, 1, 490440, 6008122, 5970811, 37727, 6493863, 13421221592, 40612513767, 33, 129, 0, 18347.1, 17920, 20253.9, 17957.4, 17, 1
0, 1, 505975, 5991192, 5960892, 38661, 6535802, 13383967918, 40479376083, 42, 264, 0, 18334.9, 17910.3, 20241.9, 17927.2, 17, 1
0, 1, 501651, 6006011, 5989209, 39217, 6486264, 13334043180, 40425165975, 30, 240, 0, 18316.7, 17893.5, 20223.6, 17909.1, 17, 1
0, 1, 497905, 6017483, 5971658, 38557, 6489752, 13367602881, 40446912141, 39, 111, 0, 18335.2, 17919.5, 20250.3, 17936.3, 17, 1
0, 1, 494310, 5992457, 5961506, 37944, 6502264, 13331352530, 40477975836, 57, 150, 2, 18412.6, 17919.3, 20250.5, 17974.8, 17, 1
0, 1, 498450, 5997531, 5954704, 37898, 6498164, 13392546675, 40577691369, 33, 102, 0, 18312.7, 17901.1, 20230.8, 17917.3, 17, 1
0, 1, 483274, 5909409, 5883993, 37265, 6421425, 13198503648, 39944549544, 27, 117, 0, 18334.3, 17921.9, 20254.9, 17940.2, 17, 1
0, 1, 487856, 6019743, 5992491, 37004, 6499455, 13357671755, 40456048428, 15, 99, 0, 18317.7, 17923.1, 20253.8, 17941.8, 17, 1
0, 1, 491123, 6025067, 5966924, 37030, 6472686, 13355994281, 40467854193, 30, 132, 0, 18298.8, 17899.6, 20231.1, 17920.7, 17, 1
0, 1, 488227, 6025554, 5966359, 36866, 6495410, 13396886308, 40537694778, 33, 183, 0, 18315.9, 17923.9, 20256.9, 17942.9, 17, 1
0, 1, 490032, 5986348, 5956788, 37640, 6506942, 13384233110, 40554608187, 39, 95, 0, 18307.3, 17917, 20257.3, 17938.3, 17, 1
0, 1, 480141, 6002873, 5982805, 37541, 6486481, 13405237638, 40590554556, 15, 60, 0, 18289.9, 17906, 20238, 17925.2, 17, 1
0, 1, 485353, 6022840, 5992757, 38632, 6512318, 13416082579, 40569590628, 12, 120, 0, 18311.2, 17921.7, 20256.9, 17941.3, 17, 1
0, 1, 484160, 6014185, 5982085, 37599, 6514391, 13359101363, 40408364556, 21, 78, 0, 18308.5, 17919.8, 20254.9, 17938.6, 17, 1
0, 1, 542786, 4390325, 4241767, 197784, 5054579, 10354123122, 29676995925, 777, 1848, 0, 14561.3, 10484.2, 13971.5, 11430.8, 18, 1
0, 1, 530805, 6118895, 6046285, 68039, 6635216, 13278703388, 40255006389, 156, 483, 0, 18215, 16386.3, 18719.9, 17509.8, 18, 1
0, 1, 479222, 6386111, 6318191, 35842, 6786778, 13548317023, 42004889343, 18, 90, 0, 18320, 18257.3, 20226.1, 20192.4, 18, 1
0, 1, 500294, 6467890, 6404665, 40348, 6970753, 13801297040, 42826039410, 48, 233, 2, 18292.5, 18231.3, 20214.3, 20176.1, 18, 1
0, 1, 500842, 6448171, 6411098, 38645, 6949648, 13807199863, 42974706561, 39, 213, 0, 18263.9, 18213.1, 20111.8, 20146.7, 18, 1
0, 1, 495639, 6477110, 6445103, 39382, 6992128, 13898116759, 43057811988, 42, 159, 0, 18376, 18233.4, 20223.1, 20182.9, 18, 1
0, 1, 493407, 6400675, 6358402, 38176, 6938393, 13823941857, 42833147538, 24, 144, 0, 18272.6, 18237.4, 20047.9, 20180.4, 18, 1
0, 1, 493966, 6501691, 6470793, 37589, 6958083, 13731429023, 42668814096, 66, 180, 0, 18339.5, 18240.5, 20226.3, 20206.5, 18, 1
0, 1, 486491, 6517802, 6461618, 37173, 6928593, 13778644054, 42797125806, 45, 102, 0, 18332.8, 18241.5, 20200.8, 20184.2, 18, 1
0, 1, 494245, 6473252, 6406675, 37747, 6976648, 13876268374, 43002013017, 36, 120, 0, 18277.8, 18221.4, 20202.8, 20157.5, 18, 1
0, 1, 490526, 6469273, 6481897, 38280, 7003904, 13874339722, 43114563660, 45, 129, 1, 18289, 18246, 20147.6, 20187.1, 18, 1
0, 1, 493611, 6527143, 6453604, 37917, 6948354, 13809602743, 42919293318, 48, 84, 0, 18336.2, 18247.3, 20215.3, 20184.7, 18, 1
0, 1, 479007, 6483990, 6421332, 37655, 7000758, 13849279191, 42924934581, 45, 75, 0, 18329.1, 18215, 20192.7, 20216.1, 18, 1
0, 1, 484264, 6450973, 6488152, 38161, 7004896, 13783193145, 42924444126, 57, 147, 0, 18417.6, 18236.3, 20197.7, 20229, 18, 1
0, 1, 483509, 6507726, 6483284, 38669, 7000393, 13887433656, 43026080697, 39, 141, 0, 18321.4, 18243.7, 20208.5, 20185.3, 18, 1
0, 1, 487318, 6477641, 6437214, 36907, 6998653, 13839792541, 42802066665, 60, 84, 0, 18329.7, 18221.7, 20189.3, 20186.3, 18, 1
0, 1, 502845, 6648615, 6612210, 53150, 7182500, 14002433481, 44155185579, 81, 258, 0, 19686.1, 16920.6, 18902, 19607.3, 19, 1
0, 1, 492365, 6741909, 6718499, 37892, 7234540, 14076977907, 45099494769, 57, 153, 0, 20297.2, 18241.6, 20245.9, 20185.5, 19, 1
0, 1, 507622, 6766063, 6725104, 40120, 7244301, 14207380796, 45362310561, 78, 354, 0, 20264.7, 18205, 20210, 20152.3, 19, 1
0, 1, 489937, 6594757, 6531012, 37544, 7080479, 13822333354, 44225669883, 69, 270, 0, 20281.8, 18226.9, 20233.3, 20180.7, 19, 1
0, 1, 484366, 6629117, 6638619, 37831, 7127821, 14066896517, 45069507105, 42, 144, 0, 20286.8, 18225, 20171.7, 20182.4, 19, 1
0, 1, 488128, 6747984, 6688841, 38459, 7246570, 14215091145, 45383124876, 42, 153, 0, 20264.1, 18210.9, 20218.7, 20166.2, 19, 1
0, 1, 490446, 6717530, 6700870, 38751, 7235341, 14143813052, 45126643506, 48, 90, 0, 20281.5, 18225.2, 20238.3, 20184.4, 19, 1
0, 1, 487094, 6746764, 6729372, 37756, 7197464, 14078163559, 45140927427, 45, 102, 0, 20263.6, 18209.6, 20217.1, 20166.4, 19, 1
0, 1, 489136, 6749411, 6681383, 37856, 7167223, 14168576933, 45271599696, 54, 102, 0, 20229.4, 18227.3, 20241.9, 20183.4, 19, 1
0, 1, 485581, 6707792, 6657231, 37409, 7204792, 14119521171, 45197890392, 33, 93, 0, 20288.2, 18227.6, 20223.4, 20159.5, 19, 1
0, 1, 487164, 6726320, 6733940, 37977, 7227790, 14247378290, 45613709157, 57, 177, 0, 20263.9, 18210.7, 20217.1, 20164.8, 19, 1
0, 1, 486809, 6758460, 6695373, 36873, 7242958, 14204833785, 45342070977, 45, 60, 0, 20290.6, 18227.2, 20234.6, 20187.3, 19, 1
0, 1, 485379, 6737408, 6699591, 36896, 7244008, 14128436573, 45106338042, 33, 111, 0, 20272.6, 18218, 20216, 20169.6, 19, 1
0, 1, 486842, 6726749, 6706121, 37818, 7171663, 14071061714, 45161106048, 18, 114, 0, 20281.3, 18173.5, 20237.1, 20181.6, 19, 1
0, 1, 484677, 6742402, 6677698, 37224, 7198574, 14181612137, 45310520106, 18, 54, 0, 20284.9, 18220.1, 20237.7, 20185.4, 19, 1
0, 1, 227306, 822666, 811141, 18526, 1073711, 1858972485, 5325401094, 3, 27, 0, 1458.69, 1201.84, 3445.8, 3070.13, 2, 1
0, 1, 243071, 827004, 813004, 12976, 1075719, 1910798962, 5319634470, 0, 9, 0, 1339.52, 1351.56, 3538.14, 3453.56, 2, 1
0, 1, 245499, 832770, 815820, 13228, 1068216, 1870611287, 5231242962, 9, 6, 0, 1333.8, 1352.56, 3549.16, 3454.54, 2, 1
0, 1, 245962, 832253, 814055, 13286, 1062729, 1868532539, 5268061020, 0, 21, 0, 1332.42, 1350.49, 3546.14, 3450.39, 2, 1
0, 1, 245626, 821325, 796302, 16240, 1068997, 1910276842, 5347292235, 3, 135, 0, 1333.81, 1350.59, 3548.85, 3450.1, 2, 1
0, 1, 240745, 816901, 809547, 12949, 1078535, 1910625100, 5347525578, 6, 63, 0, 1334.89, 1352.34, 3551.43, 3452.33, 2, 1
0, 1, 240789, 824642, 818028, 12200, 1075395, 1907885907, 5333444691, 6, 24, 0, 1334.51, 1352.87, 3549.74, 3454.29, 2, 1
0, 1, 245132, 831549, 815492, 13379, 1078057, 1888667243, 5252150568, 0, 30, 0, 1333.93, 1352.18, 3548.84, 3451.66, 2, 1
0, 1, 247054, 831718, 814625, 16991, 1064908, 1862364989, 5253341961, 0, 18, 0, 1333.39, 1351.76, 3548.6, 3452.27, 2, 1
0, 1, 243653, 831301, 807077, 13164, 1057718, 1897713892, 5325758385, 0, 27, 0, 1332.68, 1353.41, 3547.07, 3454.76, 2, 1
0, 1, 242249, 821670, 801964, 12429, 1074555, 1909240233, 5346436329, 12, 69, 0, 1332.13, 1352.07, 3546.32, 3451.4, 2, 1
0, 1, 240188, 814347, 808331, 13766, 1074107, 1908629532, 5337258606, 6, 66, 0, 1334.63, 1353.47, 3549.65, 3453.76, 2, 1
0, 1, 241787, 826564, 814957, 12519, 1077995, 1901006928, 5296204938, 21, 30, 0, 1336.46, 1353.07, 3548.33, 3452.24, 2, 1
0, 1, 243281, 828746, 815356, 15557, 1079334, 1892624113, 5298638799, 12, 18, 0, 1333.97, 1352.19, 3550.33, 3453.58, 2, 1
0, 1, 243898, 833883, 813140, 13722, 1060718, 1877307652, 5267188221, 3, 30, 0, 1334.5, 1353.39, 3550.53, 3453.84, 2, 1
0, 1, 245346, 830385, 809300, 11499, 1060079, 1887072815, 5305839486, 27, 39, 0, 1333.53, 1352.74, 3549.35, 3452.73, 2, 1
0, 1, 242137, 815559, 799296, 13182, 1070013, 1908307478, 5337622353, 27, 33, 0, 1334.74, 1353.08, 3549.97, 3453.6, 2, 1
0, 1, 464077, 2724873, 2656024, 94353, 3233500, 6404714824, 18138995397, 27, 321, 0, 5283.51, 5489.66, 8096.34, 7023.09, 20, 1
0, 1, 554656, 4650877, 4479774, 137134, 5170952, 10744344774, 30544518498, 1191, 2747, 0, 11864.2, 12405.3, 12366.5, 13471.7, 20, 1
0, 1, 529110, 6357627, 6287791, 79758, 6891404, 13539613472, 41940543021, 234, 375, 0, 17322.4, 17859.4, 18524.3, 17882.3, 20, 1
0, 1, 464084, 7067319, 7015405, 53270, 7505002, 14493263615, 47755793517, 30, 81, 0, 20318.5, 19878.1, 20198.2, 20140.1, 20, 1
0, 1, 489318, 7095532, 7016516, 43841, 7577703, 14540552705, 47671944348, 66, 183, 0, 20319.1, 20168.9, 20198.2, 20198.7, 20, 1
0, 1, 490211, 7016997, 6992103, 40823, 7544753, 14452477844, 47588727264, 63, 306, 0, 20270.2, 20175.3, 20132.9, 20213.7, 20, 1
0, 1, 474262, 7027332, 7008060, 39025, 7475117, 14354003777, 47250835062, 69, 120, 0, 20251.3, 20175, 20180.2, 20194.6, 20, 1
0, 1, 482625, 7091760, 7010760, 38384, 7525116, 14472621884, 47610954750, 51, 168, 0, 20270.9, 20193.4, 20204.1, 20215.2, 20, 1
0, 1, 475613, 7037632, 7000449, 37542, 7522671, 14455535474, 47569288218, 39, 165, 0, 20271.1, 20191.1, 20204.2, 20221.5, 20, 1
0, 1, 472997, 7044622, 7018600, 38032, 7515312, 14479357960, 47723832558, 81, 102, 0, 20253.8, 20175, 20184, 20199.7, 20, 1
0, 1, 472807, 7066703, 7012727, 37951, 7544167, 14546798324, 47776636833, 27, 150, 0, 20273.7, 20195, 20206.8, 20225.9, 20, 1
0, 1, 468136, 7005590, 6987901, 38092, 7514142, 14446660261, 47541081786, 30, 96, 0, 20275, 20196.1, 20207.3, 20225.1, 20, 1
0, 1, 472337, 7109592, 7082259, 38360, 7523264, 14485332500, 47707320075, 60, 126, 0, 20255.4, 20175.1, 20131.5, 20196.6, 20, 1
0, 1, 472065, 7104507, 7013572, 36722, 7529354, 14491488517, 47698086678, 54, 111, 0, 20274.2, 20194.2, 20207.3, 20223.2, 20, 1
0, 1, 467907, 7006299, 6973888, 37918, 7535865, 14494649088, 47723568801, 39, 93, 0, 20252.4, 20177.5, 20189, 20201.5, 20, 1
0, 1, 468879, 7057311, 7033817, 38623, 7545147, 14518640465, 47787835002, 36, 153, 0, 20274.4, 20195.4, 20210.7, 20224.4, 20, 1
0, 1, 471471, 7063527, 7028686, 38288, 7537558, 14528578378, 47699503401, 39, 69, 0, 20253.3, 20179.4, 20187.3, 20202.6, 20, 1
0, 1, 519974, 6719801, 6635371, 84651, 7265932, 13917720093, 44042172387, 171, 396, 0, 17460.8, 18723.9, 18574.6, 18345.1, 21, 1
0, 1, 479579, 7570667, 7512459, 50723, 8040980, 14648765601, 49843102164, 57, 126, 0, 20211.7, 20152.2, 21173.7, 20118, 21, 1
0, 1, 507130, 7614134, 7582401, 43335, 8111423, 14713714098, 50175318741, 126, 432, 0, 20183.5, 20133, 21649, 20157, 21, 1
0, 1, 498623, 7598397, 7532911, 40819, 8075682, 14703890404, 49989117723, 69, 270, 0, 20132.6, 20099, 21630.5, 20143.7, 21, 1
0, 1, 495699, 7567765, 7540292, 39997, 8081530, 14624408421, 49843200870, 69, 264, 0, 20156.5, 20121.3, 21655.7, 20167.2, 21, 1
0, 1, 488906, 7592625, 7565549, 38907, 8021662, 14634676217, 49961816457, 60, 108, 0, 20135.2, 20131.2, 21637.2, 20143.8, 21, 1
0, 1, 485505, 7596101, 7522913, 39127, 8080591, 14747928616, 50122762863, 75, 147, 0, 20153.4, 20155.3, 21656.8, 20165, 21, 1
0, 1, 487560, 7553196, 7520953, 39698, 8088772, 14674670729, 49982281380, 54, 153, 0, 20158.3, 20149.7, 21658, 20166.3, 21, 1
0, 1, 482527, 7583995, 7576480, 39049, 8071576, 14663249136, 49979811681, 42, 123, 0, 20135.7, 20134.4, 21631.4, 20146.6, 21, 1
0, 1, 485683, 7574723, 7507993, 39746, 8008451, 14597967262, 49688420070, 54, 126, 0, 20156.1, 20152.4, 21656.6, 20165.6, 21, 1
0, 1, 482018, 7534719, 7493661, 37771, 8025387, 14567720180, 49575872067, 51, 129, 0, 20134.1, 20130.5, 21635.2, 20147.9, 21, 1
0, 1, 483352, 7572629, 7547643, 38135, 8025669, 14636043360, 49988530080, 54, 162, 1, 20157.4, 20149.7, 21657.8, 20163.8, 21, 1
0, 1, 479095, 7600485, 7533443, 38993, 8057127, 14746015437, 50137849836, 48, 108, 0, 20158, 20151.4, 21661.8, 20168.8, 21, 1
0, 1, 477359, 7545898, 7494327, 38685, 8061961, 14685968373, 49981585998, 60, 69, 0, 20145.3, 20137.3, 21618.2, 20150.7, 21, 1
0, 1, 479469, 7583726, 7583574, 38999, 8052615, 14641639740, 49914939183, 54, 117, 0, 20158.1, 20151, 21657, 20164.8, 21, 1
0, 1, 336535, 1244735, 1232519, 19041, 1592195, 2805764621, 7918823751, 9, 24, 0, 3772.27, 1264.38, 4353.72, 3162.42, 3, 1
0, 1, 351431, 1231509, 1208155, 24166, 1586564, 2849048937, 7989267789, 39, 81, 0, 4737.12, 1321.88, 4706.85, 3565.01, 3, 1
0, 1, 356121, 1230811, 1201628, 17664, 1584224, 2800823333, 7880685393, 12, 102, 0, 4733.49, 1317.35, 4702.51, 3552.43, 3, 1
0, 1, 369324, 1189442, 1177031, 17169, 1550775, 2806462127, 7960183053, 12, 75, 0, 4719, 1318.93, 4760.25, 3558.15, 3, 1
0, 1, 373524, 1180084, 1152062, 22917, 1556871, 2845780662, 8015268129, 36, 81, 0, 4698.19, 1319.46, 4806.42, 3557.3, 3, 1
0, 1, 376495, 1160091, 1142139, 18750, 1548116, 2816191273, 7951839633, 21, 3, 0, 4687.85, 1320.88, 4772.12, 3559.03, 3, 1
0, 1, 371741, 1173272, 1163916, 21170, 1558556, 2812022047, 7970794380, 15, 72, 0, 4697.77, 1321.27, 4802.88, 3561.3, 3, 1
0, 1, 376060, 1186828, 1165155, 20313, 1547074, 2831446905, 7972805610, 15, 27, 0, 4700.64, 1320.25, 4812.51, 3559.34, 3, 1
0, 1, 376235, 1178810, 1153539, 18445, 1545091, 2820576622, 7934481060, 9, 117, 0, 4699.16, 1319.38, 4812.18, 3559.65, 3, 1
0, 1, 373393, 1175001, 1156988, 17494, 1554460, 2807015579, 7953493869, 9, 69, 0, 4699.38, 1320.44, 4810.55, 3561.09, 3, 1
0, 1, 373666, 1171518, 1152066, 24178, 1552440, 2829197691, 7993957260, 24, 24, 0, 4699.48, 1322.12, 4809.5, 3563.41, 3, 1
0, 1, 370547, 1179703, 1152117, 22288, 1558986, 2844430964, 8001924720, 15, 18, 0, 4697.32, 1320.95, 4808.46, 3562.54, 3, 1
0, 1, 372853, 1176304, 1159272, 18925, 1558334, 2823397824, 7964591808, 21, 57, 0, 4701.35, 1320.99, 4814.45, 3562.02, 3, 1
0, 1, 371588, 1178871, 1166031, 19065, 1546024, 2809559562, 7932032277, 9, 33, 0, 4700.4, 1322.54, 4813.56, 3563.97, 3, 1
0, 1, 377645, 1181224, 1156782, 18647, 1543371, 2821810953, 7970039499, 3, 48, 1, 4704.95, 1323.36, 4818.03, 3563.26, 3, 1
0, 1, 374547, 1175326, 1151333, 22159, 1556050, 2832536511, 7970431791, 24, 108, 0, 4695.23, 1319.89, 4804.97, 3557.91, 3, 1
0, 1, 370651, 1171170, 1157527, 18058, 1546280, 2815758758, 7957675287, 12, 87, 0, 4705, 1324.69, 4816.56, 3570.38, 3, 1
0, 1, 370976, 1177346, 1158582, 21309, 1554200, 2844236582, 8021959110, 21, 48, 0, 4699.69, 1320.92, 4809.67, 3561.44, 3, 1
0, 1, 479822, 1582308, 1563516, 23182, 2042802, 3696473630, 10549764711, 6, 69, 0, 4798.71, 4710.63, 4799.98, 4726.25, 4, 1
0, 1, 504304, 1551205, 1513969, 25266, 2045486, 3759611419, 10678200747, 18, 93, 0, 4821.65, 4680.83, 4784.34, 4763.93, 4, 1
0, 1, 506768, 1520848, 1490205, 26917, 2055941, 3767204108, 10648929345, 9, 54, 0, 4818.16, 4665.38, 4782.59, 4813.52, 4, 1
0, 1, 496819, 1524796, 1509937, 22010, 2042640, 3737998678, 10643192844, 6, 36, 0, 4823.4, 4668.66, 4786.58, 4819.04, 4, 1
0, 1, 506418, 1512052, 1485674, 24461, 2009100, 3719653892, 10659772659, 6, 24, 0, 4821.76, 4670.05, 4788.14, 4819.66, 4, 1
0, 1, 506072, 1538795, 1507186, 23604, 2041858, 3738237950, 10562223396, 9, 66, 0, 4772.24, 4669.45, 4640.43, 4821.26, 4, 1
0, 1, 505283, 1534821, 1508025, 25993, 2024089, 3711386119, 10572690312, 36, 114, 0, 4821.38, 4669.89, 4787.67, 4818.53, 4, 1
0, 1, 502920, 1530973, 1492669, 24570, 2025695, 3738628966, 10643308587, 21, 101, 0, 4805.52, 4666.62, 4757.38, 4815.73, 4, 1
0, 1, 500474, 1520691, 1494362, 25471, 2038881, 3773915682, 10694552733, 21, 21, 0, 4818.65, 4666.59, 4786.2, 4816.25, 4, 1
0, 1, 504572, 1523830, 1504782, 23932, 2048617, 3754775018, 10628975145, 51, 54, 0, 4814.55, 4666.65, 4782.54, 4816.89, 4, 1
0, 1, 504532, 1532530, 1511429, 24615, 2042999, 3736652761, 10593156873, 6, 24, 0, 4813.83, 4662.97, 4780.76, 4812.64, 4, 1
0, 1, 504838, 1540997, 1514579, 26315, 2035331, 3745341018, 10659105786, 12, 57, 0, 4819.85, 4668.41, 4787.84, 4818.33, 4, 1
0, 1, 505058, 1537712, 1502176, 26509, 2034226, 3770162067, 10657380786, 15, 78, 0, 4818.71, 4664.8, 4787.01, 4816.88, 4, 1
0, 1, 504501, 1523215, 1498618, 23209, 2034688, 3734349193, 10592542836, 45, 84, 0, 4819.55, 4669.96, 4786.57, 4820.23, 4, 1
0, 1, 501165, 1529989, 1513588, 22242, 2026126, 3729014435, 10614403275, 21, 72, 0, 4819.39, 4668.79, 4783.57, 4818.65, 4, 1
0, 1, 505380, 1536348, 1499080, 27803, 2045940, 3773221821, 10669944609, 21, 33, 0, 4816.66, 4666.9, 4784.03, 4816.91, 4, 1
0, 1, 459821, 1947326, 1908084, 39678, 2387944, 4591606715, 13275328866, 3, 102, 0, 6100.73, 4717.97, 8306.34, 4737.23, 5, 1
0, 1, 465927, 1956666, 1904295, 38075, 2441352, 4608386947, 13221833550, 33, 90, 0, 6083.01, 4696.31, 8264.1, 4725.5, 5, 1
0, 1, 461868, 1946900, 1914334, 34830, 2433683, 4572786716, 13189493256, 18, 135, 0, 6097.64, 4680.63, 8346.86, 4721.75, 5, 1
0, 1, 465186, 1947462, 1904195, 39444, 2406941, 4572438920, 13266492321, 6, 162, 0, 6077.89, 4693.1, 8291.42, 4715.55, 5, 1
0, 1, 465825, 1959915, 1910706, 40553, 2434393, 4608594541, 13181747439, 84, 150, 0, 6085.89, 4698.56, 8302.72, 4728.98, 5, 1
0, 1, 464899, 1955857, 1928003, 32805, 2410507, 4556602652, 13141522479, 60, 78, 0, 6105.63, 4703.32, 8363.18, 4735.4, 5, 1
0, 1, 462079, 1958059, 1915343, 36369, 2415690, 4631656361, 13318363155, 30, 171, 0, 6105.82, 4703.99, 8361.4, 4734.53, 5, 1
0, 1, 464409, 1942274, 1905780, 37919, 2438281, 4629382186, 13237051035, 36, 144, 0, 6105.44, 4702.09, 8365.07, 4733.94, 5, 1
0, 1, 462152, 1948755, 1919826, 35774, 2427039, 4574054548, 13158299184, 0, 74, 0, 6105.91, 4700.36, 8364.99, 4733.8, 5, 1
0, 1, 462044, 1966513, 1924571, 34309, 2412449, 4625979041, 13257630456, 3, 144, 0, 6118.66, 4701.02, 8354.31, 4731.47, 5, 1
0, 1, 447342, 1943211, 1895000, 35363, 2406811, 4589617659, 13043337753, 39, 171, 0, 6270.74, 4721.6, 8393.74, 4760.89, 5, 1
0, 1, 459632, 1952370, 1924517, 35697, 2404337, 4563710894, 13176411534, 69, 84, 0, 6430.73, 4774.7, 8411.99, 4816.59, 5, 1
0, 1, 461367, 1960406, 1914819, 33118, 2416442, 4621647741, 13288260774, 3, 123, 0, 6112.39, 4703.74, 8368.26, 4738.89, 5, 1
0, 1, 453736, 1902018, 1864231, 38785, 2373072, 4505730406, 12918595590, 27, 132, 0, 6111.2, 4700.66, 8371.29, 4735.39, 5, 1
0, 1, 455161, 1948742, 1920071, 32552, 2416275, 4608369206, 13272393195, 6, 42, 0, 6108.32, 4698.49, 8369.33, 4732.46, 5, 1
0, 1, 460109, 1953033, 1916440, 35107, 2417511, 4630594976, 13290790734, 3, 78, 0, 6113.26, 4700.76, 8376.19, 4735.18, 5, 1
0, 1, 472533, 2184354, 2150823, 45892, 2672006, 5183760400, 14771534325, 48, 180, 0, 4248.27, 4409.67, 5820.6, 7590.81, 6, 1
0, 1, 474420, 2257222, 2208801, 45848, 2732633, 5432991278, 15807957966, 33, 132, 0, 6146.77, 6076.17, 8451.44, 8435.85, 6, 1
0, 1, 492588, 2268824, 2222510, 36832, 2742757, 5405443956, 15768267828, 57, 266, 0, 6208.07, 6076.16, 8465.06, 8406.8, 6, 1
0, 1, 488008, 2256243, 2212084, 41841, 2745405, 5447865583, 15827744031, 6, 129, 0, 6051.16, 6054.9, 8417.24, 8406.01, 6, 1
0, 1, 481279, 2251790, 2200428, 45431, 2753921, 5478080603, 15910898898, 48, 186, 0, 6096.21, 6069.12, 8434.37, 8401.94, 6, 1
0, 1, 471046, 2239189, 2207836, 39975, 2743574, 5421194959, 15861528522, 60, 120, 0, 6175.99, 6073.89, 8512.74, 8430.44, 6, 1
0, 1, 470012, 2260756, 2218810, 49249, 2737624, 5435215706, 15888623766, 69, 177, 0, 6273.16, 6066.84, 8437.62, 8439.07, 6, 1
0, 1, 480125, 2232239, 2181712, 50082, 2725785, 5405615242, 15732210483, 27, 165, 0, 6157.53, 6072.41, 8332.03, 8412.57, 6, 1
0, 1, 487171, 2244587, 2184795, 59870, 2737136, 5318345839, 15602626044, 27, 123, 0, 5770.98, 5927.61, 8362.32, 8360.9, 6, 1
0, 1, 485660, 2270004, 2217723, 57493, 2760379, 5413742234, 15758315241, 33, 246, 0, 5762.95, 6071.1, 8358.84, 8405.16, 6, 1
0, 1, 468800, 2167606, 2110075, 51215, 2651782, 5238408840, 15120246954, 57, 192, 0, 5819.37, 6077.85, 8371.69, 8414.78, 6, 1
0, 1, 461168, 2165886, 2123990, 47880, 2663103, 5207511751, 15119118522, 18, 83, 0, 5831.38, 6071.18, 8383.7, 8405.11, 6, 1
0, 1, 482447, 2257347, 2213229, 44564, 2754059, 5444692324, 15833229369, 9, 219, 0, 5885.31, 6076.82, 8408.24, 8408.16, 6, 1
0, 1, 483263, 2259162, 2212377, 44625, 2750638, 5488105742, 15861895644, 15, 111, 0, 6009.83, 6074.51, 8453.12, 8406.98, 6, 1
0, 1, 482855, 2247546, 2210722, 38668, 2729349, 5411752059, 15805435137, 15, 78, 0, 6050.51, 6066.81, 8433.85, 8397.75, 6, 1
0, 1, 475294, 2252018, 2210764, 41322, 2732057, 5461033998, 15866161104, 54, 198, 0, 6340.05, 6079.97, 8456.49, 8414.43, 6, 1
0, 1, 481031, 2246333, 2208182, 36684, 2736165, 5483200155, 15917431860, 12, 129, 0, 6107.02, 6078.01, 8467.6, 8410.79, 6, 1
0, 1, 497651, 2583941, 2535216, 63462, 3110089, 6314888200, 18566842815, 42, 321, 0, 9683.77, 6091.84, 9557.18, 8385.97, 7, 1
0, 1, 506897, 2587018, 2528965, 52290, 3110561, 6338977653, 18494138319, 18, 297, 0, 9623.12, 6066.91, 9622.78, 8375.81, 7, 1
0, 1, 497597, 2564805, 2527894, 39886, 3058893, 6266519411, 18438847263, 72, 147, 0, 9641.03, 6075.51, 9643.01, 8391.87, 7, 1
0, 1, 499786, 2576715, 2529742, 35999, 3051875, 6299716087, 18534471441, 18, 206, 0, 9637.49, 6071.99, 9640.61, 8387.8, 7, 1
0, 1, 505218, 2569134, 2514687, 50105, 3096578, 6339546184, 18568082190, 18, 210, 0, 9643.41, 6074.31, 9645.26, 8387.19, 7, 1
0, 1, 482756, 2464753, 2432099, 44232, 2965325, 6087296437, 17858109039, 24, 90, 0, 9646.63, 6075.39, 9649.51, 8387.31, 7, 1
0, 1, 475249, 2480196, 2434848, 36756, 2960927, 6098953714, 17942567919, 3, 114, 0, 9650.7, 6082.22, 9655.39, 8395.2, 7, 1
0, 1, 495530, 2559664, 2519905, 46017, 3073557, 6360815575, 18556958214, 6, 168, 0, 9641.2, 6074.55, 9646.29, 8392.25, 7, 1
0, 1, 491542, 2529176, 2488399, 42345, 3033615, 6225793466, 18427848672, 45, 120, 0, 9659.24, 6084.26, 9653.5, 8404.11, 7, 1
0, 1, 492720, 2529587, 2491195, 41703, 3010908, 6269767658, 18479791413, 15, 144, 0, 9626.33, 6031.44, 9541.56, 8256.42, 7, 1
0, 1, 493659, 2560583, 2493707, 43993, 3061243, 6324062653, 18547418580, 21, 237, 0, 9630.29, 6077.79, 9611.95, 8394.11, 7, 1
0, 1, 496445, 2535121, 2509816, 45489, 3059753, 6333290145, 18553878642, 33, 186, 0, 9655.26, 6083.08, 9653.06, 8397.55, 7, 1
0, 1, 474749, 2451301, 2402486, 36301, 2952167, 6125543244, 17952943299, 18, 87, 0, 9652.7, 6085.1, 9650.58, 8401.13, 7, 1
0, 1, 479658, 2464481, 2437270, 40968, 2979133, 6128517966, 17967423483, 3, 96, 0, 9662.17, 6084.4, 9662.19, 8396.71, 7, 1
0, 1, 494511, 2565833, 2524387, 48132, 3057825, 6310550061, 18492593496, 21, 90, 0, 9651.23, 6079.87, 9658.95, 8395.17, 7, 1
0, 1, 481314, 2515845, 2464353, 40881, 2980535, 6188889191, 18183912378, 27, 144, 0, 9672.73, 6085.64, 9664.55, 8403.4, 7, 1
0, 1, 458124, 2953343, 2902340, 64501, 3462938, 7159220191, 21225186990, 24, 81, 0, 9601.76, 9045.33, 9570.41, 9416.35, 8, 1
0, 1, 467965, 2993967, 2930250, 66315, 3433455, 7115174783, 21036693693, 33, 239, 0, 9701.19, 9507.56, 9593.25, 9594.81, 8, 1
0, 1, 467854, 2963758, 2882723, 57002, 3431060, 7180559752, 21162979314, 9, 198, 0, 9646.12, 9509.63, 9590.25, 9627.49, 8, 1
0, 1, 455824, 2963317, 2905629, 49272, 3437845, 7121356891, 21092045325, 6, 105, 0, 9648.06, 9536.03, 9592.69, 9636.36, 8, 1
0, 1, 455915, 2969106, 2921850, 54990, 3446623, 7164887868, 21124997268, 0, 183, 0, 9636.05, 9529.1, 9582.33, 9628.34, 8, 1
0, 1, 456512, 2970526, 2911638, 57460, 3457982, 7160527416, 21082574706, 6, 153, 0, 9651.93, 9538.92, 9595.47, 9641.17, 8, 1
0, 1, 455471, 2977028, 2924731, 56901, 3432223, 7135770514, 21046821303, 12, 156, 0, 9649.91, 9542.03, 9595.91, 9640.8, 8, 1
0, 1, 458708, 2979171, 2920831, 53160, 3444600, 7122077269, 21003923973, 6, 129, 0, 9651.12, 9542.05, 9600.96, 9635.85, 8, 1
0, 1, 455944, 2957403, 2908165, 51365, 3425764, 7164457183, 21096988125, 3, 180, 0, 9652.99, 9542.36, 9599.12, 9642.08, 8, 1
0, 1, 455381, 2965667, 2897175, 50121, 3439866, 7159717321, 21070874961, 9, 105, 0, 9654.25, 9537.99, 9600.18, 9633.81, 8, 1
0, 1, 456070, 2943563, 2907627, 56869, 3451310, 7162089709, 21128171253, 9, 72, 0, 9644.88, 9535.99, 9589.24, 9631.34, 8, 1
0, 1, 453707, 2969022, 2920147, 54499, 3442573, 7144816551, 21115139898, 18, 225, 0, 9649.86, 9542.81, 9596.81, 9638.01, 8, 1
0, 1, 455699, 2974060, 2919993, 52227, 3439183, 7172851025, 21093924834, 24, 141, 0, 9655.15, 9547.97, 9604.57, 9640.49, 8, 1
0, 1, 446198, 2881917, 2836916, 51410, 3335110, 6911308085, 20475476661, 12, 138, 0, 9655.3, 9548.36, 9600.33, 9642.23, 8, 1
0, 1, 461649, 2975659, 2920471, 48067, 3423363, 7140984701, 20954329530, 24, 132, 0, 9652.95, 9542.72, 9605.67, 9639.22, 8, 1
0, 1, 457378, 2962453, 2894751, 59245, 3443399, 7177799769, 21178457889, 6, 57, 0, 9635.14, 9531.02, 9588.08, 9623.4, 8, 1
0, 1, 2726, 14, 0, 0, 2936, 187582, 464940, 0, 6, 0, 55.595, 39.085, 43.47, 40.345, 9, 1
0, 1, 1554, 125, 4, 0, 1891, 167644, 531048, 0, 0, 0, 61.98, 37.78, 42.605, 40.785, 9, 1
0, 1, 150778, 643000, 621699, 11418, 754300, 1318829421, 3365198085, 6, 4251, 0, 627.865, 38.905, 1477.34, 41.16, 9, 1
0, 1, 457248, 2339561, 2262615, 59430, 2788579, 5429663551, 15404348868, 87, 402, 0, 5317.22, 3340.65, 8075.8, 4619.64, 9, 1
0, 1, 476614, 3235394, 3149269, 93081, 3757481, 7868778818, 22909911909, 27, 111, 0, 10588.6, 9179.18, 11931, 9371.17, 9, 1
0, 1, 491745, 3231907, 3166387, 66148, 3723758, 7782097348, 22716599130, 231, 570, 2, 10869.8, 9592.4, 12958.2, 9501.51, 9, 1
0, 1, 479446, 3262564, 3199190, 56765, 3733627, 7929003905, 23163864369, 33, 150, 2, 10792.5, 9621.81, 12985.6, 9529.95, 9, 1
0, 1, 480595, 3237871, 3186667, 54394, 3734185, 7931501860, 23221331997, 33, 141, 0, 10827.9, 9610.55, 13010, 9537.61, 9, 1
0, 1, 479516, 3237872, 3176299, 54840, 3728671, 7946905789, 23267843751, 45, 105, 0, 10812.4, 9639.4, 13008.1, 9544.23, 9, 1
0, 1, 476843, 3230333, 3183504, 45555, 3724998, 7928327757, 23209244955, 24, 108, 0, 10786, 9632.56, 12959.7, 9535.78, 9, 1
0, 1, 473747, 3237409, 3182985, 61522, 3735408, 7947843672, 23293053282, 24, 93, 0, 10810.8, 9641.9, 13012.3, 9543.27, 9, 1
0, 1, 479541, 3250738, 3190939, 54629, 3726277, 7970337306, 23218576278, 18, 210, 0, 10815.3, 9643.22, 13018.8, 9545.33, 9, 1
0, 1, 479699, 3237468, 3185533, 47449, 3733539, 7890139033, 23109293772, 6, 135, 0, 10816.9, 9645.53, 13017.8, 9544.12, 9, 1
0, 1, 474297, 3236487, 3183306, 51836, 3696868, 7954753343, 23288129373, 9, 87, 0, 10807.3, 9641.95, 13012.2, 9540.51, 9, 1
0, 1, 482471, 3231773, 3158506, 57444, 3744449, 7967755065, 23271365055, 24, 108, 0, 10811.7, 9645.69, 13014.4, 9544, 9, 1
0, 1, 475398, 3199110, 3170798, 52336, 3720472, 7932183029, 23226246579, 27, 18, 0, 10803, 9651.6, 12974.8, 9551.69, 9, 1
0, 1, 474377, 3243537, 3188164, 51271, 3731289, 7949289217, 23293623852, 12, 137, 0, 10805.9, 9643.99, 13005.2, 9543.14, 9, 1
0, 1, 478445, 3237244, 3177388, 58169, 3722350, 7992014061, 23225266161, 18, 171, 0, 10810.4, 9644.12, 13010.9, 9543.28, 9, 1
0, 1, 475250, 3242738, 3193431, 44764, 3726501, 7919971471, 23253784533, 18, 84, 0, 10817.5, 9651.33, 13017.1, 9550.97, 9, 1
0, 1, 478664, 3245170, 3190048, 52286, 3719551, 7958174933, 23237985372, 6, 120, 0, 10822.3, 9651.27, 13027.3, 9551.51, 9, 1
0, 1, 478962, 3180849, 3121784, 56520, 3678745, 7890666348, 23256966543, 27, 75, 0, 10819.7, 9647.58, 13024.5, 9546.2, 9, 1
